{
  "designerVersion" : "1.7.69",
  "id" : "customDispenseForm",
  "name" : "DispenseForm",
  "lastUpdate" : 1539682595135,
  "template" : "<!DOCTYPE html>\r\n<!--[if IE 8]> <html lang=\"en\" class=\"ie8 no-js\"> <![endif]-->\r\n<!--[if IE 9]> <html lang=\"en\" class=\"ie9 no-js\"> <![endif]-->\r\n<!--[if !IE]><!-->\r\n<html lang=\"en\">\r\n<!--<![endif]-->\r\n\r\n<!-- Head BEGIN -->\r\n\r\n<head>\r\n<meta charset=\"utf-8\">\r\n<title>Tetrasoft®  Engineering Professionals</title>\r\n<meta content=\"width=device-width, initial-scale=1.0\" name=\"viewport\">\r\n<meta http-equiv=\"X-UA-Compatible\" content=\"IE=edge,chrome=1\">\r\n\r\n<!-- link to image for socio -->\r\n<link rel=\"shortcut icon\" href=\"../favicon.ico\">\r\n\r\n<!-- Fonts START -->\r\n<link href=\"http://fonts.googleapis.com/css?family=Open+Sans:300,400,600,700|PT+Sans+Narrow|Source+Sans+Pro:200,300,400,600,700,900&amp;subset=all\" rel=\"stylesheet\" type=\"text/css\">\r\n<!-- Fonts END -->\r\n\r\n<!-- Global styles START -->\r\n<link href=\"../assets/font-awesome.min.css\" rel=\"stylesheet\">\r\n<link href=\"../assets/bootstrap.min.css\" rel=\"stylesheet\">\r\n<!-- Global styles END -->\r\n\r\n<!-- Theme styles START -->\r\n<link href=\"../assets/components.css\" rel=\"stylesheet\">\r\n<link href=\"../assets/style.css\" rel=\"stylesheet\">\r\n<link href=\"../assets/indexmain.css\" rel=\"stylesheet\">\r\n\r\n<script src=\"../assets/jquery.min.js\"></script>\r\n<script src=\"../assets/bootstrap.min.js\"></script>\r\n\r\n<script type=\"text/javascript\" src=\"../assets/moment.min.js\"></script>\r\n<script type=\"text/javascript\" src=\"../assets/daterangepicker.min.js\"></script>\r\n<link rel=\"stylesheet\" type=\"text/css\" href=\"../assets/daterangepicker.css\" />\r\n\r\n\r\n<style>\r\n\t* {padding:0px; margin:0px;}\r\n\t.main_wrap {display:block; padding:30px;}\r\n\t.title {display:block; font-size:14px; font-weight: 400;padding:0px 0 5px 0; margin:0px;}\r\n\t.title2 {display:block; font-size:14px; color:rgba(0, 0, 0, 0.8);padding:0px; margin:0px;}\r\n\t.table {border:1px solid rgba(0, 0, 0, 0.3);}\r\n\t.table th {font-size:13px; color:rgba(0, 0, 0, 0.8); border-right:1px solid rgba(0, 0, 0, 0.3); border-bottom:1px solid rgba(0, 0, 0, 0.3) !important;}\r\n\t.table th:nth-last-child(1) {border-right:0px;}\r\n\t.table tr {padding:0 12px;}\r\n\t.table td {font-size:13px;    vertical-align: middle !important; color:rgba(0, 0, 0, 0.8);padding:0px; margin:0px; border-right:1px solid rgba(0, 0, 0, 0.3) !important;border-top: 1px solid rgba(0, 0, 0, 0.3) !important;}\r\n\t.table td:nth-last-child(1) {border-right:0px;}\r\n\t.table td span {display:block;}\r\n\t.table td select {width:100%; BORDER:0PX;}\r\n\t.table2 td{border:0px !important; padding-top:0px !important; padding-bottom:0px !important;border-right:1px solid rgba(0, 0, 0, 0.3) !important;}\r\n\t\r\n\t.sub_title {display:block; font-size:12px; color:rgba(0, 0, 0, 0.85);padding:0px; margin:0px; text-transform:capitalize; padding:0 0 10px 0;}\r\n\t.align-right {text-align:right;\r\n\ttd img {width:20px;}\r\n\t.s_cen.td {text-align: center !important;}\r\n\t</style>\r\n</head>\r\n<!-- Head END -->\r\n\r\n<!-- Body BEGIN -->\r\n<body style=\"font: 400 13px 'Open Sans', sans-serif, Arial;\" class=\"corporate\">\r\n<div class=\"main_wrap\">\r\n\t<!--<h5 class=\"title\"><b>4.0 DISPENSING OF ACTIVE AND EXCIPIENTS</b></h5>-->\r\n\t\r\n\t<h5 class=\"title\">\r\n\t<b style=\"text-align: left;\">4.0 DISPENSING OF ACTIVE AND EXCIPIENTS</b> \r\n\t<b style=\"text-align: right; float: right;\">BATCH No.: <input style=\"border: hidden;\" type=\"text\" name=\"xxx\" value=\"101618\" readonly></b>\r\n\t</h5>\r\n\t<div>\r\n\t<h5 style=\"padding-bottom: 20px;\" class=\"title\"><b>4.1 INITIAL CHECKS</b></h5>\r\n\t<table class=\"table table2\">\r\n\t\t<thead>\r\n\t\t\t<tr>\r\n\t\t\t\t<th></th>\r\n\t\t\t\t<th>STORE SIGNATURE</th>\r\n\t\t\t\t<th>DATE</th>\r\n\t\t\t</tr>\r\n\t\t</thead>\r\n\t\t<tbody>\r\n\t\t\t<tr>\r\n\t\t\t\t<td style=\"padding-bottom:10px !important;\">Cleaning done as per SOP No: STCL: 001</td>\r\n\t\t\t\t<td class=\"align-right\"><input style=\"width: 80%; border: none;\" type=\"text\"><img src=\"widgets/customDispenseForm/assets/img/Signature_Icon.svg\"></td>\r\n\t\t\t\t<td class=\"align-right\"><input style=\"width: 80%; border: none;\" type=\"text\"><img src=\"widgets/customDispenseForm/assets/img/Calendar_Icon.svg\"></td>\r\n\t\t\t</tr>\r\n\t\t\t<tr>\r\n\t\t\t\t<td>Line Clearance done as per SOP No: STCL: 001 for </td>\r\n\t\t\t\t<td class=\"align-right\"><input style=\"width: 80%; border: none;\" type=\"text\"><img src=\"widgets/customDispenseForm/assets/img/Signature_Icon.svg\"></td>\r\n\t\t\t\t<td class=\"align-right\"><input style=\"width: 80%; border: none;\" type=\"text\"><img src=\"widgets/customDispenseForm/assets/img/Calendar_Icon.svg\"></td>\r\n\t\t\t</tr>\r\n\t\t\t<tr>\r\n\t\t\t\t<td>1 Removal traces of previous product residue</td>\r\n\t\t\t\t<td></td>\r\n\t\t\t\t<td></td>\r\n\t\t\t</tr>\r\n\t\t\t<tr>\r\n\t\t\t\t<td>2 Removal of previous Labels</td>\r\n\t\t\t\t<td></td>\r\n\t\t\t\t<td></td>\r\n\t\t\t</tr>\r\n\t\t\t<tr>\r\n\t\t\t\t<td>3 Removal of previous product’s documents</td>\r\n\t\t\t\t<td></td>\r\n\t\t\t\t<td></td>\r\n\t\t\t</tr>\t\t\r\n\t\t</tbody>\r\n\t</table>\r\n\t</div>\r\n\t<div>\r\n\t<h5 style=\"padding-bottom: 20px;\" class=\"title\"><b>4.2 CLEANING VERIFICATION</b></h5>\r\n\t<table class=\"table\">\r\n\t\t<thead>\r\n\t\t\t<tr>\r\n\t\t\t\t<th>AREA EQUIPMENT</th>\r\n\t\t\t\t<th>DISPENSING AREA</th>\r\n\t\t\t\t<th>DISPENSING BOOTH</th>\r\n\t\t\t\t<th>WASTE BIN</th>\r\n\t\t\t\t<th>WEIGHING BALANCE</th>\r\n\t\t\t\t<th>WEIGHING BALANCE</th>\r\n\t\t\t\t<th>WEIGHING BALANCE</th>\r\n\t\t\t\t<th>SCOOPS SPATULAS</th>\r\n\t\t\t\t<th>VACUUM CLEANER</th>\r\n\t\t\t\t<th>EMPTY CONTAINERS</th>\r\n\t\t\t</tr>\r\n\t\t</thead>\r\n\t\t<tbody>\r\n\t\t\t<tr class=\"s_cen\">\r\n\t\t\t\t<td style=\"text-align: left\">Code No.</td>\r\n\t\t\t\t<td>S08 </td>\r\n\t\t\t\t<td>ST007</td>\r\n\t\t\t\t<td>WBS05 </td>\r\n\t\t\t\t<td>ST023 </td>\r\n\t\t\t\t<td>ST024 </td>\r\n\t\t\t\t<td>ST025</td>\r\n\t\t\t\t<td></td>\r\n\t\t\t\t<td><input style=\"width: 50%; border: none;\" type=\"text\"><img style=\"float: right;\" src=\"widgets/customDispenseForm/assets/img/Keyboard_small.svg\"></td>\r\n\t\t\t\t<td></td>\r\n\t\t\t</tr>\r\n\t\t\t<tr>\r\n\t\t\t\t<td>Calibaration Due on</td>\r\n\t\t\t\t<td>&nbsp;</td>\r\n\t\t\t\t<td class=\"align-right\"><input style=\"float: left; width: 60%; border: none;\" type=\"text\"><img src=\"widgets/customDispenseForm/assets/img/Calendar_Icon.svg\"></td>\r\n\t\t\t\t<td>&nbsp;</td>\r\n\t\t\t\t<td colspan=\"3\" class=\"align-right\"><input style=\"float: left; border: none;\" type=\"text\"><img src=\"widgets/customDispenseForm/assets/img/Calendar_Icon.svg\"></td>\r\n\t\t\t\t<td>&nbsp;</td>\r\n\t\t\t\t<td>&nbsp;</td>\r\n\t\t\t\t<td>&nbsp;</td>\r\n\t\t\t</tr>\r\n\t\t\t<tr class=\"s_cen\">\r\n\t\t\t\t<td style=\"text-align: left\">cleaned as per SOP No.</td>\r\n\t\t\t\t<td colspan=\"2\">STCL: 001 </td>\r\n\t\t\t\t<td>HRGN: 010 </td>\r\n\t\t\t\t<td colspan=\"3\">QAGN: 002 </td>\r\n\t\t\t\t<td>STCL: 005 </td>\r\n\t\t\t\t<td>PRGN: 030 </td>\r\n\t\t\t\t<td>PRCL: 043</td>\r\n\t\t\t\t\r\n\t\t\t</tr>\r\n\t\t\t\t\t\r\n\t\t</tbody>\r\n\t</table>\r\n\t</div>\r\n\t\r\n\t<div>\r\n\t\t<table>\t\r\n\t\t<tr>\r\n\t\t\t<td>Day 1</td>\r\n\t\t\t<td style=\"padding-left: 10px;\"><input style=\"float: left; width: 100%; border: none;\" type=\"text\"></td>\r\n\t\t\t<td><img src=\"widgets/customDispenseForm/assets/img/Calendar_Icon.svg\"</td>\r\n\t\t</tr>\r\n\t</table>\r\n\t<table class=\"table\">\r\n\t\t<tbody>\r\n\t\t\t<tr>\r\n\t\t\t\t<td style=\"width:180px\">Previous Product Name & B.No</td>\r\n\t\t\t\t<td colspan=\"9\"><input style=\"float: left; width: 80%; border: none;\" type=\"text\"><img style=\"float: right;\" src=\"widgets/customDispenseForm/assets/img/Keyboard_small.svg\"></td>\r\n\t\t\t</tr>\r\n\t\t\t<tr>\r\n\t\t\t\t<td>Cleaned By</td>\r\n\t\t\t\t<td class=\"align-right\"><input style=\"float: left; width: 50%; border: none;\" type=\"text\"><img src=\"widgets/customDispenseForm/assets/img/Signature_Icon.svg\"></td>\r\n\t\t\t\t<td class=\"align-right\"><input style=\"float: left; width: 50%; border: none;\" type=\"text\"><img src=\"widgets/customDispenseForm/assets/img/Signature_Icon.svg\"></td>\r\n\t\t\t\t<td class=\"align-right\"><input style=\"float: left; width: 50%; border: none;\" type=\"text\"><img src=\"widgets/customDispenseForm/assets/img/Signature_Icon.svg\"></td>\r\n\t\t\t\t<td class=\"align-right\"><input style=\"float: left; width: 50%; border: none;\" type=\"text\"><img src=\"widgets/customDispenseForm/assets/img/Signature_Icon.svg\"></td>\r\n\t\t\t\t<td class=\"align-right\"><input style=\"float: left; width: 50%; border: none;\" type=\"text\"><img src=\"widgets/customDispenseForm/assets/img/Signature_Icon.svg\"></td>\r\n\t\t\t\t<td class=\"align-right\"><input style=\"float: left; width: 50%; border: none;\" type=\"text\"><img src=\"widgets/customDispenseForm/assets/img/Signature_Icon.svg\"></td>\r\n\t\t\t\t<td class=\"align-right\"><input style=\"float: left; width: 50%; border: none;\" type=\"text\"><img src=\"widgets/customDispenseForm/assets/img/Signature_Icon.svg\"></td>\r\n\t\t\t\t<td class=\"align-right\"><input style=\"float: left; width: 50%; border: none;\" type=\"text\"><img src=\"widgets/customDispenseForm/assets/img/Signature_Icon.svg\"></td>\r\n\t\t\t\t<td class=\"align-right\"><input style=\"float: left; width: 50%; border: none;\" type=\"text\"><img src=\"widgets/customDispenseForm/assets/img/Signature_Icon.svg\"></td>\r\n\t\t\t\t\r\n\t\t\t</tr>\r\n\t\t\t<tr>\r\n\t\t\t\t<td>Checked By (Store)</td>\r\n\t\t\t\t<td class=\"align-right\"><input style=\"float: left; width: 50%; border: none;\" type=\"text\"><img src=\"widgets/customDispenseForm/assets/img/Signature_Icon.svg\"></td>\r\n\t\t\t\t<td class=\"align-right\"><input style=\"float: left; width: 50%; border: none;\" type=\"text\"><img src=\"widgets/customDispenseForm/assets/img/Signature_Icon.svg\"></td>\r\n\t\t\t\t<td class=\"align-right\"><input style=\"float: left; width: 50%; border: none;\" type=\"text\"><img src=\"widgets/customDispenseForm/assets/img/Signature_Icon.svg\"></td>\r\n\t\t\t\t<td class=\"align-right\"><input style=\"float: left; width: 50%; border: none;\" type=\"text\"><img src=\"widgets/customDispenseForm/assets/img/Signature_Icon.svg\"></td>\r\n\t\t\t\t<td class=\"align-right\"><input style=\"float: left; width: 50%; border: none;\" type=\"text\"><img src=\"widgets/customDispenseForm/assets/img/Signature_Icon.svg\"></td>\r\n\t\t\t\t<td class=\"align-right\"><input style=\"float: left; width: 50%; border: none;\" type=\"text\"><img src=\"widgets/customDispenseForm/assets/img/Signature_Icon.svg\"></td>\r\n\t\t\t\t<td class=\"align-right\"><input style=\"float: left; width: 50%; border: none;\" type=\"text\"><img src=\"widgets/customDispenseForm/assets/img/Signature_Icon.svg\"></td>\r\n\t\t\t\t<td class=\"align-right\"><input style=\"float: left; width: 50%; border: none;\" type=\"text\"><img src=\"widgets/customDispenseForm/assets/img/Signature_Icon.svg\"></td>\r\n\t\t\t\t<td class=\"align-right\"><input style=\"float: left; width: 50%; border: none;\" type=\"text\"><img src=\"widgets/customDispenseForm/assets/img/Signature_Icon.svg\"></td>\r\n\t\t\t\t\r\n\t\t\t</tr>\r\n\t\t\t<tr>\r\n\t\t\t\t<td>Counter Checked By (IPQA)</td>\r\n\t\t\t\t<td class=\"align-right\"><input style=\"float: left; width: 50%; border: none;\" type=\"text\"><img src=\"widgets/customDispenseForm/assets/img/Signature_Icon.svg\"></td>\r\n\t\t\t\t<td class=\"align-right\"><input style=\"float: left; width: 50%; border: none;\" type=\"text\"><img src=\"widgets/customDispenseForm/assets/img/Signature_Icon.svg\"></td>\r\n\t\t\t\t<td class=\"align-right\"><input style=\"float: left; width: 50%; border: none;\" type=\"text\"><img src=\"widgets/customDispenseForm/assets/img/Signature_Icon.svg\"></td>\r\n\t\t\t\t<td class=\"align-right\"><input style=\"float: left; width: 50%; border: none;\" type=\"text\"><img src=\"widgets/customDispenseForm/assets/img/Signature_Icon.svg\"></td>\r\n\t\t\t\t<td class=\"align-right\"><input style=\"float: left; width: 50%; border: none;\" type=\"text\"><img src=\"widgets/customDispenseForm/assets/img/Signature_Icon.svg\"></td>\r\n\t\t\t\t<td class=\"align-right\"><input style=\"float: left; width: 50%; border: none;\" type=\"text\"><img src=\"widgets/customDispenseForm/assets/img/Signature_Icon.svg\"></td>\r\n\t\t\t\t<td class=\"align-right\"><input style=\"float: left; width: 50%; border: none;\" type=\"text\"><img src=\"widgets/customDispenseForm/assets/img/Signature_Icon.svg\"></td>\r\n\t\t\t\t<td class=\"align-right\"><input style=\"float: left; width: 50%; border: none;\" type=\"text\"><img src=\"widgets/customDispenseForm/assets/img/Signature_Icon.svg\"></td>\r\n\t\t\t\t<td class=\"align-right\"><input style=\"float: left; width: 50%; border: none;\" type=\"text\"><img src=\"widgets/customDispenseForm/assets/img/Signature_Icon.svg\"></td>\r\n\t\t\t\t\r\n\t\t\t</tr>\t\t\t\t\t\r\n\t\t</tbody>\r\n\t</table>\r\n\t</div>\r\n\t\r\n\t\r\n\t<div>\r\n\t<table>\t\r\n\t\t<tr>\r\n\t\t\t<td>Day 2</td>\r\n\t\t\t<td style=\"padding-left: 10px;\"><input style=\"float: left; width: 100%; border: none;\" type=\"text\"></td>\r\n\t\t\t<td><img src=\"widgets/customDispenseForm/assets/img/Calendar_Icon.svg\"</td>\r\n\t\t</tr>\r\n\t</table>\t\r\n\t<table class=\"table\">\r\n\t\t<tbody>\r\n\t\t\t<tr>\r\n\t\t\t\t<td style=\"width:180px\">Cleaned By</td>\r\n\t\t\t\t<td class=\"align-right\"><input style=\"float: left; width: 50%; border: none;\" type=\"text\"><img src=\"widgets/customDispenseForm/assets/img/Signature_Icon.svg\"></td>\r\n\t\t\t\t<td class=\"align-right\"><input style=\"float: left; width: 50%; border: none;\" type=\"text\"><img src=\"widgets/customDispenseForm/assets/img/Signature_Icon.svg\"></td>\r\n\t\t\t\t<td class=\"align-right\"><input style=\"float: left; width: 50%; border: none;\" type=\"text\"><img src=\"widgets/customDispenseForm/assets/img/Signature_Icon.svg\"></td>\r\n\t\t\t\t<td class=\"align-right\"><input style=\"float: left; width: 50%; border: none;\" type=\"text\"><img src=\"widgets/customDispenseForm/assets/img/Signature_Icon.svg\"></td>\r\n\t\t\t\t<td class=\"align-right\"><input style=\"float: left; width: 50%; border: none;\" type=\"text\"><img src=\"widgets/customDispenseForm/assets/img/Signature_Icon.svg\"></td>\r\n\t\t\t\t<td class=\"align-right\"><input style=\"float: left; width: 50%; border: none;\" type=\"text\"><img src=\"widgets/customDispenseForm/assets/img/Signature_Icon.svg\"></td>\r\n\t\t\t\t<td class=\"align-right\"><input style=\"float: left; width: 50%; border: none;\" type=\"text\"><img src=\"widgets/customDispenseForm/assets/img/Signature_Icon.svg\"></td>\r\n\t\t\t\t<td class=\"align-right\"><input style=\"float: left; width: 50%; border: none;\" type=\"text\"><img src=\"widgets/customDispenseForm/assets/img/Signature_Icon.svg\"></td>\r\n\t\t\t\t<td class=\"align-right\"><input style=\"float: left; width: 50%; border: none;\" type=\"text\"><img src=\"widgets/customDispenseForm/assets/img/Signature_Icon.svg\"></td>\r\n\t\t\t\t\r\n\t\t\t</tr>\r\n\t\t\t<tr>\r\n\t\t\t\t<td>Checked By (Store)</td>\r\n\t\t\t\t<td class=\"align-right\"><input style=\"float: left; width: 50%; border: none;\" type=\"text\"><img src=\"widgets/customDispenseForm/assets/img/Signature_Icon.svg\"></td>\r\n\t\t\t\t<td class=\"align-right\"><input style=\"float: left; width: 50%; border: none;\" type=\"text\"><img src=\"widgets/customDispenseForm/assets/img/Signature_Icon.svg\"></td>\r\n\t\t\t\t<td class=\"align-right\"><input style=\"float: left; width: 50%; border: none;\" type=\"text\"><img src=\"widgets/customDispenseForm/assets/img/Signature_Icon.svg\"></td>\r\n\t\t\t\t<td class=\"align-right\"><input style=\"float: left; width: 50%; border: none;\" type=\"text\"><img src=\"widgets/customDispenseForm/assets/img/Signature_Icon.svg\"></td>\r\n\t\t\t\t<td class=\"align-right\"><input style=\"float: left; width: 50%; border: none;\" type=\"text\"><img src=\"widgets/customDispenseForm/assets/img/Signature_Icon.svg\"></td>\r\n\t\t\t\t<td class=\"align-right\"><input style=\"float: left; width: 50%; border: none;\" type=\"text\"><img src=\"widgets/customDispenseForm/assets/img/Signature_Icon.svg\"></td>\r\n\t\t\t\t<td class=\"align-right\"><input style=\"float: left; width: 50%; border: none;\" type=\"text\"><img src=\"widgets/customDispenseForm/assets/img/Signature_Icon.svg\"></td>\r\n\t\t\t\t<td class=\"align-right\"><input style=\"float: left; width: 50%; border: none;\" type=\"text\"><img src=\"widgets/customDispenseForm/assets/img/Signature_Icon.svg\"></td>\r\n\t\t\t\t<td class=\"align-right\"><input style=\"float: left; width: 50%; border: none;\" type=\"text\"><img src=\"widgets/customDispenseForm/assets/img/Signature_Icon.svg\"></td>\r\n\t\t\t\t\r\n\t\t\t</tr>\r\n\t\t\t<tr>\r\n\t\t\t\t<td>Counter Checked By (IPQA)</td>\r\n\t\t\t\t<td class=\"align-right\"><input style=\"float: left; width: 50%; border: none;\" type=\"text\"><img src=\"widgets/customDispenseForm/assets/img/Signature_Icon.svg\"></td>\r\n\t\t\t\t<td class=\"align-right\"><input style=\"float: left; width: 50%; border: none;\" type=\"text\"><img src=\"widgets/customDispenseForm/assets/img/Signature_Icon.svg\"></td>\r\n\t\t\t\t<td class=\"align-right\"><input style=\"float: left; width: 50%; border: none;\" type=\"text\"><img src=\"widgets/customDispenseForm/assets/img/Signature_Icon.svg\"></td>\r\n\t\t\t\t<td class=\"align-right\"><input style=\"float: left; width: 50%; border: none;\" type=\"text\"><img src=\"widgets/customDispenseForm/assets/img/Signature_Icon.svg\"></td>\r\n\t\t\t\t<td class=\"align-right\"><input style=\"float: left; width: 50%; border: none;\" type=\"text\"><img src=\"widgets/customDispenseForm/assets/img/Signature_Icon.svg\"></td>\r\n\t\t\t\t<td class=\"align-right\"><input style=\"float: left; width: 50%; border: none;\" type=\"text\"><img src=\"widgets/customDispenseForm/assets/img/Signature_Icon.svg\"></td>\r\n\t\t\t\t<td class=\"align-right\"><input style=\"float: left; width: 50%; border: none;\" type=\"text\"><img src=\"widgets/customDispenseForm/assets/img/Signature_Icon.svg\"></td>\r\n\t\t\t\t<td class=\"align-right\"><input style=\"float: left; width: 50%; border: none;\" type=\"text\"><img src=\"widgets/customDispenseForm/assets/img/Signature_Icon.svg\"></td>\r\n\t\t\t\t<td class=\"align-right\"><input style=\"float: left; width: 50%; border: none;\" type=\"text\"><img src=\"widgets/customDispenseForm/assets/img/Signature_Icon.svg\"></td>\r\n\t\t\t\t\r\n\t\t\t</tr>\t\t\t\t\t\r\n\t\t</tbody>\r\n\t</table>\r\n\t</div>\r\n\t\r\n\t<div>\r\n\t\r\n\t<table class=\"table\">\r\n\t\t<thead>\r\n\t\t\t<tr>\r\n\t\t\t\t<td colspan=\"2\"><h5 class=\"title\"><b>4.3 ENVIRONMENTAL CONDITIONS</b></h5></td>\r\n\t\t\t\t<td colspan=\"2\">\r\n\t\t\t\t<center>\r\n\t\t\t\tDay 1\r\n\t\t\t\t<input style=\"width: 20%; border: none;\" type=\"text\" placeholder=\".....................\"/>\r\n\t\t\t\t<img src=\"widgets/customDispenseForm/assets/img/Calendar_Icon.svg\"/>\r\n\t\t\t\t</center>\r\n\t\t\t\t</td>\r\n\t\t\t\t<td colspan=\"2\">\r\n\t\t\t\t<center>\r\n\t\t\t\tDay 2\r\n\t\t\t\t<input style=\"width: 20%; border: none;\" type=\"text\" placeholder=\".....................\"/>\r\n\t\t\t\t<img src=\"widgets/customDispenseForm/assets/img/Calendar_Icon.svg\"/>\r\n\t\t\t\t</center\r\n\t\t\t\t</td>\r\n\t\t\t</tr>\r\n\t\t\t<tr>\r\n\t\t\t\t<th>AREA CODE NO.</th>\r\n\t\t\t\t<td><input style=\"border: none;\" type=\"text\" placeholder=\"........................................\" /><img style=\"float: right;\" src=\"widgets/customDispenseForm/assets/img/Keyboard_small.svg\"></td>\r\n\t\t\t\t<th>OBSERVATION</th>\r\n\t\t\t\t<th>CHECKED BY STORES</th>\r\n\t\t\t\t<th>OBSERVATION</th>\r\n\t\t\t\t<th>CHECKED BY STORES</th>\r\n\t\t\t</tr>\r\n\t\t</thead>\r\n\t\t<tbody>\r\n\t\t\t<tr>\r\n\t\t\t\t<td rowspan=\"2\">Refer to SOP No:QAGN: 003</td>\r\n\t\t\t\t<td>\r\n\t\t\t\t\t<span>Temperature <sup>o</sup>C <span style=\"font-size :10px; float: right;\">Limit: 18C <sup>o</sup>C 25 <sup>o</sup>C</span> </span>\t\t\t\t\t\t\r\n\t\t\t\t</td>\r\n\t\t\t\t<td>\r\n\t\t\t\t\t<select>\r\n\t\t\t\t\t\t<option>1</option>\r\n\t\t\t\t\t\t<option>2</option>\r\n\t\t\t\t\t\t<option>3</option>\r\n\t\t\t\t\t\t<option>3</option>\r\n\t\t\t\t\t<select>\r\n\t\t\t\t</td>\r\n\t\t\t\t<td class=\"align-right\"><input style=\"border: none;\" type=\"text\"><img src=\"widgets/customDispenseForm/assets/img/Signature_Icon.svg\"></td>\r\n\t\t\t\t<td>\r\n\t\t\t\t\t<select>\r\n\t\t\t\t\t\t<option>1</option>\r\n\t\t\t\t\t\t<option>2</option>\r\n\t\t\t\t\t\t<option>3</option>\r\n\t\t\t\t\t\t<option>3</option>\r\n\t\t\t\t\t<select>\r\n\t\t\t\t</td>\r\n\t\t\t\t<td class=\"align-right\"><input style=\"border: none;\" type=\"text\"><img src=\"widgets/customDispenseForm/assets/img/Signature_Icon.svg\"></td>\r\n\t\t\t</tr>\r\n\t\t\t<tr>\r\n\t\t\t\t\r\n\t\t\t\t<td>\r\n\t\t\t\t\t<span>Relative Humidity % <span style=\"font-size :10px; float: right;\">NMT 50%</span> </span>\t\t\t\t\t\t\t\t\t\t\t\t\r\n\t\t\t\t</td>\r\n\t\t\t\t<td>\r\n\t\t\t\t\t<select>\r\n\t\t\t\t\t\t<option>1</option>\r\n\t\t\t\t\t\t<option>2</option>\r\n\t\t\t\t\t\t<option>3</option>\r\n\t\t\t\t\t\t<option>3</option>\r\n\t\t\t\t\t<select>\r\n\t\t\t\t</td>\r\n\t\t\t\t<td class=\"align-right\"><input style=\"border: none;\" type=\"text\"><img src=\"widgets/customDispenseForm/assets/img/Signature_Icon.svg\"></td>\r\n\t\t\t\t<td>\r\n\t\t\t\t\t<select>\r\n\t\t\t\t\t\t<option>1</option>\r\n\t\t\t\t\t\t<option>2</option>\r\n\t\t\t\t\t\t<option>3</option>\r\n\t\t\t\t\t\t<option>3</option>\r\n\t\t\t\t\t<select>\r\n\t\t\t\t</td>\r\n\t\t\t\t<td class=\"align-right\"><input style=\"border: none;\" type=\"text\"><img src=\"widgets/customDispenseForm/assets/img/Signature_Icon.svg\"></td>\r\n\t\t\t</tr>\r\n\t\t\t<tr>\r\n\t\t\t\t<td rowspan=\"2\">Dispensing Booth</td>\r\n\t\t\t\t<td>\r\n\t\t\t\t\t<span>(^P) in mm across 10µ and 5µ ﬁlters <span style=\"font-size :10px; float: right;\">Limit:1.0 to 6.0 mm </span> </span>\t\t\t\t\t\t\t\t\t\t\t\t\t\t\t\t\t\r\n\t\t\t\t</td>\r\n\t\t\t\t<td>\r\n\t\t\t\t\t<select>\r\n\t\t\t\t\t\t<option>1</option>\r\n\t\t\t\t\t\t<option>2</option>\r\n\t\t\t\t\t\t<option>3</option>\r\n\t\t\t\t\t\t<option>3</option>\r\n\t\t\t\t\t<select>\r\n\t\t\t\t</td>\r\n\t\t\t\t<td class=\"align-right\"><input style=\"border: none;\" type=\"text\"><img src=\"widgets/customDispenseForm/assets/img/Signature_Icon.svg\"></td>\r\n\t\t\t\t<td>\r\n\t\t\t\t\t<select>\r\n\t\t\t\t\t\t<option>1</option>\r\n\t\t\t\t\t\t<option>2</option>\r\n\t\t\t\t\t\t<option>3</option>\r\n\t\t\t\t\t\t<option>3</option>\r\n\t\t\t\t\t<select>\r\n\t\t\t\t</td>\r\n\t\t\t\t<td class=\"align-right\"><input style=\"border: none;\" type=\"text\"><img src=\"widgets/customDispenseForm/assets/img/Signature_Icon.svg\"></td>\r\n\t\t\t</tr>\r\n\t\t\t<tr>\r\n\t\t\t\t<td>\r\n\t\t\t\t\t<span>(^P) in mm across 5µ and HEPA ﬁlters <span style=\"font-size :10px; float: right;\">Limit:10 to 20 mm </span> </span>\t\t\t\t\t\t\t\t\t\t\t\t\t\t\t\t\t\t\t\t\t\t\t\r\n\t\t\t\t</td>\r\n\t\t\t\t<td>\r\n\t\t\t\t\t<select>\r\n\t\t\t\t\t\t<option>1</option>\r\n\t\t\t\t\t\t<option>2</option>\r\n\t\t\t\t\t\t<option>3</option>\r\n\t\t\t\t\t\t<option>3</option>\r\n\t\t\t\t\t<select>\r\n\t\t\t\t</td>\r\n\t\t\t\t<td class=\"align-right\"><input style=\"border: none;\" type=\"text\"><img src=\"widgets/customDispenseForm/assets/img/Signature_Icon.svg\"></td>\r\n\t\t\t\t<td>\r\n\t\t\t\t\t<select>\r\n\t\t\t\t\t\t<option>1</option>\r\n\t\t\t\t\t\t<option>2</option>\r\n\t\t\t\t\t\t<option>3</option>\r\n\t\t\t\t\t\t<option>3</option>\r\n\t\t\t\t\t<select>\r\n\t\t\t\t</td>\r\n\t\t\t\t<td class=\"align-right\"><input style=\"border: none;\" type=\"text\"><img src=\"widgets/customDispenseForm/assets/img/Signature_Icon.svg\"></td>\r\n\t\t\t</tr>\r\n\t\t</tbody>\r\n\t</table>\r\n\t</div>\r\n\t\r\n\t<div>\r\n\t<h5 style=\"padding-bottom: 20px;\" class=\"title\"><b>4.4 APPROVAL FOR DISPENSING OF ACTIVE INGREDIENTS AND EXCIPIENTS</b></h5>\r\n\t<table class=\"table\" style=\"margin-bottom:10px\">\r\n\t\t<tbody>\r\n\t\t\t<tr>\r\n\t\t\t\t<td></td>\r\n\t\t\t\t<td><b>Day 1</b> Type A/ Type B Cleaning Line Clearance given by IPQA</td>\r\n\t\t\t\t<td><b>Day 2</b> Rechecked by IPQA</td>\r\n\t\t\t</tr>\r\n\t\t\t<tr>\r\n\t\t\t\t<td>Signature</td>\r\n\t\t\t\t<td class=\"align-right\"><input style=\"width: 70%; border: none;\" type=\"text\"><img src=\"widgets/customDispenseForm/assets/img/Signature_Icon.svg\"></td>\r\n\t\t\t\t<td class=\"align-right\"><input style=\"width: 70%; border: none;\" type=\"text\"><img src=\"widgets/customDispenseForm/assets/img/Signature_Icon.svg\"></td>\r\n\t\t\t</tr>\r\n\t\t\t<tr>\r\n\t\t\t\t<td>Date</td>\r\n\t\t\t\t<td class=\"align-right\"><input style=\"width: 70%; border: none;\" type=\"text\"><img src=\"widgets/customDispenseForm/assets/img/Calendar_Icon.svg\"></td>\r\n\t\t\t\t<td class=\"align-right\"><input style=\"width: 70%; border: none;\" type=\"text\"><img src=\"widgets/customDispenseForm/assets/img/Calendar_Icon.svg\"></td>\r\n\t\t\t</tr>\r\n\t\t</tbody>\r\n\t</table>\r\n\t\r\n\t\r\n\t<table style=\"margin-top: 50px;\" class=\"table\">\r\n\t\t<tr>\r\n\t\t\t<td style=\"padding:0px\" border:0px !importamnt;><table class=\"table\" style=\"border:0px; margin: 0;\" >\r\n\t\t\t\t<thead>\r\n\t\t\t\t\t<tr>\r\n\t\t\t\t\t\t<th style=\"text-align: left;\">Signatory</th>\r\n\t\t\t\t\t\t<th style=\"text-align: center;\">Prepared By</th>\r\n\t\t\t\t\t\t<th style=\"text-align: center;\">Checked By</th>\r\n\t\t\t\t\t\t<th style=\"text-align: center;\">Approved By</th>\r\n\t\t\t\t\t</tr>\r\n\t\t\t\t</thead>\r\n\t\t\t\t<tbody>\r\n\t\t\t\t\t<tr>\r\n\t\t\t\t\t\t<td>Signature</td>\r\n\t\t\t\t\t\t<td class=\"align-right\"><input style=\"border: none;\" type=\"text\" id=\"dispensePrpBy\" ng-model=\"properties.dispensePrpBy\" name=\"{{ctrl.dispensePrpBy}}\"><img src=\"widgets/customDispenseForm/assets/img/Signature_Icon.svg\"></td>\r\n\t\t\t\t\t\t<td class=\"align-right\"><input style=\"border: none;\" type=\"text\" id=\"dispenseRvBy\" ng-model=\"properties.dispenseRvBy\" name=\"{{ctrl.dispenseRvBy}}\"><img src=\"widgets/customDispenseForm/assets/img/Signature_Icon.svg\"></td>\r\n\t\t\t\t\t\t<td class=\"align-right\"><input style=\"border: none;\" type=\"text\" id=\"dispenseApBy\" ng-model=\"properties.dispenseApBy\" name=\"{{ctrl.dispenseApBy}}\"><img src=\"widgets/customDispenseForm/assets/img/Signature_Icon.svg\"></td>\r\n\t\t\t\t\t</tr>\r\n\t\t\t\t\t<tr>\r\n\t\t\t\t\t\t<td>Date</td>\r\n\t\t\t\t\t\t<td class=\"align-right\"><input style=\"border: none;\" type=\"text\" id=\"dispensePrpDt\" ng-model=\"properties.dispensePrpDt\" name=\"{{ctrl.dispensePrpDt}}\"><img src=\"widgets/customDispenseForm/assets/img/Calendar_Icon.svg\"></td>\r\n\t\t\t\t\t\t<td class=\"align-right\"><input style=\"border: none;\" type=\"text\" id=\"dispenseRvDt\" ng-model=\"properties.dispenseRvDt\" name=\"{{ctrl.dispenseRvDt}}\"><img src=\"widgets/customDispenseForm/assets/img/Calendar_Icon.svg\"></td>\r\n\t\t\t\t\t\t<td class=\"align-right\"><input style=\"border: none;\" type=\"text\" id=\"dispenseApDt\" ng-model=\"properties.dispenseApDt\" name=\"{{ctrl.dispenseApDt}}\"><img src=\"widgets/customDispenseForm/assets/img/Calendar_Icon.svg\"></td>\r\n\t\t\t\t\t</tr>\r\n\t\t\t\t</tbody>\r\n\t\t\t\t</table>\r\n\t\t\t</td>\r\n\t\t\t<td style=\"width:325px;\"></td>\r\n\t\t</tr>\r\n\t</table>\r\n\t\t\r\n\t</div>\r\n\t\r\n\t\r\n</div>\r\n</div>\r\n</div>\r\n\r\n</body>\r\n<!-- END BODY -->\r\n</html>",
  "controller" : "/**\n * The controller is a JavaScript function that augments the AngularJS scope and exposes functions that can be used in the custom widget template\n * \n * Custom widget properties defined on the right can be used as variables in a controller with $scope.properties\n * To use AngularJS standard services, you must declare them in the main function arguments.\n * \n * You can leave the controller empty if you do not need it.\n */\nfunction $scope() {\n$(function() {\n  $('img[name=\"calender_preparedby\"]').daterangepicker({\n    singleDatePicker: true,\n    showDropdowns: true,\n  });\n});\n\n$(function() {\n  $('img[name=\"calender_checkby\"]').daterangepicker({\n    singleDatePicker: true,\n    showDropdowns: true,\n  });\n});\n\n$(function() {\n  $('img[name=\"calender_approvedby\"]').daterangepicker({\n    singleDatePicker: true,\n    showDropdowns: true,\n  });\n});\n\n}",
  "custom" : true,
  "properties" : [ {
    "label" : "dispensePrpBy",
    "name" : "dispensePrpBy",
    "type" : "text",
    "bond" : "variable"
  }, {
    "label" : "dispensePrpDt",
    "name" : "dispensePrpDt",
    "type" : "text",
    "bond" : "variable"
  }, {
    "label" : "dispenseRvBy",
    "name" : "dispenseRvBy",
    "type" : "text",
    "bond" : "variable"
  }, {
    "label" : "dispenseRvDt",
    "name" : "dispenseRvDt",
    "type" : "text",
    "bond" : "variable"
  }, {
    "label" : "dispenseApBy",
    "name" : "dispenseApBy",
    "type" : "text",
    "bond" : "variable"
  }, {
    "label" : "dispenseApDt",
    "name" : "dispenseApDt",
    "type" : "text",
    "bond" : "variable"
  } ],
  "assets" : [ {
    "id" : "15f236e2-8bd2-4fb0-bae1-06e542dfea90",
    "name" : "font-awesome.min.css",
    "type" : "css",
    "order" : 11,
    "external" : false
  }, {
    "id" : "ff8b0062-1a26-40d5-a496-8fc9e7219b62",
    "name" : "jquery.min.js",
    "type" : "js",
    "order" : 6,
    "external" : false
  }, {
    "id" : "0f8e2be2-35ef-4522-a212-97a7dfc263d9",
    "name" : "components.css",
    "type" : "css",
    "order" : 9,
    "external" : false
  }, {
    "id" : "f6393c39-d4ea-4b42-8285-caae5acb0236",
    "name" : "Keyboard_small.svg",
    "type" : "img",
    "order" : 2,
    "external" : false
  }, {
    "id" : "047b289c-673e-4e69-a674-1a2e40d35c9f",
    "name" : "indexmain.css",
    "type" : "css",
    "order" : 12,
    "external" : false
  }, {
    "id" : "2606b9fc-b8b1-4e84-b9c0-93e53140152f",
    "name" : "bootstrap.min.css",
    "type" : "css",
    "order" : 8,
    "external" : false
  }, {
    "id" : "bf99ff23-4122-4bed-b0da-c6d3dc813aec",
    "name" : "daterangepicker.min.js",
    "type" : "js",
    "order" : 5,
    "external" : false
  }, {
    "id" : "bd55e713-8573-4bb2-a74f-3e4f0c032dfd",
    "name" : "daterangepicker.css",
    "type" : "css",
    "order" : 10,
    "external" : false
  }, {
    "id" : "236d55d3-7752-4599-8561-bd4d8c83cb6a",
    "name" : "style.css",
    "type" : "css",
    "order" : 13,
    "external" : false
  }, {
    "id" : "4762798a-b1dd-445c-8cc1-b298f1e2eec3",
    "name" : "Signature_Icon.svg",
    "type" : "img",
    "order" : 3,
    "external" : false
  }, {
    "id" : "48f6d5cf-696e-45cc-a0c3-1ef1b046db57",
    "name" : "moment.min.js",
    "type" : "js",
    "order" : 7,
    "external" : false
  }, {
    "id" : "0bed0f42-a0c8-4bed-ab1f-3f34547be379",
    "name" : "Calendar_Icon.svg",
    "type" : "img",
    "order" : 1,
    "external" : false
  }, {
    "id" : "9d6a1d39-83c4-451e-bff7-2de29c3074df",
    "name" : "bootstrap.min.js",
    "type" : "js",
    "order" : 4,
    "external" : false
  } ],
  "requiredModules" : [ ],
  "type" : "widget",
  "hasHelp" : false
}