{
  "designerVersion" : "1.7.69",
  "id" : "IndexForm3",
  "name" : "IndexForm3",
  "lastUpdate" : 1539685390987,
  "rows" : [ [ {
    "type" : "container",
    "dimension" : {
      "xs" : 12
    },
    "propertyValues" : {
      "cssClasses" : {
        "type" : "constant",
        "value" : ""
      },
      "hidden" : {
        "type" : "constant",
        "value" : false
      },
      "repeatedCollection" : {
        "type" : "variable",
        "value" : ""
      }
    },
    "reference" : "df53dbc5-62b3-410e-8f67-e8c3d796ee9f",
    "id" : "pbContainer",
    "rows" : [ [ {
      "type" : "component",
      "dimension" : {
        "xs" : 12
      },
      "propertyValues" : {
        "cssClasses" : {
          "type" : "constant",
          "value" : ""
        },
        "hidden" : {
          "type" : "constant",
          "value" : false
        },
        "index3PrpBy" : {
          "type" : "variable",
          "value" : "index3PrepBy.value"
        },
        "index3PrpDt" : {
          "type" : "variable",
          "value" : "index3PrepDt.value"
        },
        "index3RvBy" : {
          "type" : "variable",
          "value" : "index3RevBy.value"
        },
        "index3RvDt" : {
          "type" : "variable",
          "value" : "index3RevDt.value"
        },
        "index3ApBy" : {
          "type" : "variable",
          "value" : "index3AppBy.value"
        },
        "index3ApDt" : {
          "type" : "variable",
          "value" : "index3AppDt.value"
        }
      },
      "reference" : "0e7f08fe-b62e-4ea9-8c02-614cc285ee14",
      "id" : "customIndexForm3"
    } ], [ {
      "type" : "component",
      "dimension" : {
        "xs" : 12
      },
      "propertyValues" : {
        "cssClasses" : {
          "type" : "constant",
          "value" : ""
        },
        "hidden" : {
          "type" : "constant",
          "value" : false
        },
        "disabled" : {
          "type" : "constant",
          "value" : false
        },
        "label" : {
          "type" : "interpolation",
          "value" : "Next"
        },
        "alignment" : {
          "type" : "constant",
          "value" : "center"
        },
        "buttonStyle" : {
          "type" : "constant",
          "value" : "success"
        },
        "action" : {
          "type" : "constant",
          "value" : "Submit task"
        },
        "url" : {
          "type" : "interpolation"
        },
        "dataToSend" : {
          "type" : "expression",
          "value" : "formOutput"
        },
        "dataFromSuccess" : {
          "type" : "variable",
          "value" : ""
        },
        "dataFromError" : {
          "type" : "variable",
          "value" : ""
        },
        "targetUrlOnSuccess" : {
          "type" : "interpolation"
        },
        "collectionToModify" : {
          "type" : "variable"
        },
        "collectionPosition" : {
          "type" : "constant",
          "value" : "Last"
        },
        "valueToAdd" : {
          "type" : "constant"
        },
        "removeItem" : {
          "type" : "variable"
        }
      },
      "reference" : "6c7e0e50-6f99-4d99-a3ef-433b75439a24",
      "id" : "pbButton"
    } ] ]
  } ] ],
  "assets" : [ {
    "id" : "9720724b-4f28-4611-937b-078278da2a50",
    "name" : "style.css",
    "type" : "css",
    "order" : 0,
    "external" : false
  } ],
  "inactiveAssets" : [ ],
  "data" : {
    "caseId" : {
      "type" : "expression",
      "value" : "return $data.taskJSON.parentCaseId;",
      "exposed" : false
    },
    "context" : {
      "type" : "url",
      "value" : "../API/bpm/userTask/{{taskId}}/context",
      "exposed" : false
    },
    "formOutput" : {
      "type" : "expression",
      "value" : "return {'username':$data.userAPI.user_name};",
      "exposed" : false
    },
    "task" : {
      "type" : "url",
      "value" : "../API/bpm/userTask/{{taskId}}",
      "exposed" : false
    },
    "taskId" : {
      "type" : "urlparameter",
      "value" : "id",
      "exposed" : false
    },
    "taskJSON" : {
      "type" : "url",
      "value" : "../API/bpm/task/{{taskId}}",
      "exposed" : false
    },
    "userAPI" : {
      "type" : "url",
      "value" : "../API/system/session/unusedid",
      "exposed" : false
    },
    "index3PrepBy" : {
      "type" : "url",
      "value" : "../API/bpm/caseVariable/{{caseId}}/index3PrepBy",
      "exposed" : false
    },
    "index3PrepDt" : {
      "type" : "url",
      "value" : "../API/bpm/caseVariable/{{caseId}}/index3PrepDt",
      "exposed" : false
    },
    "index3RevBy" : {
      "type" : "url",
      "value" : "../API/bpm/caseVariable/{{caseId}}/index3RevBy",
      "exposed" : false
    },
    "index3RevDt" : {
      "type" : "url",
      "value" : "../API/bpm/caseVariable/{{caseId}}/index3RevDt",
      "exposed" : false
    },
    "index3AppBy" : {
      "type" : "url",
      "value" : "../API/bpm/caseVariable/{{caseId}}/index3AppBy",
      "exposed" : false
    },
    "index3AppDt" : {
      "type" : "url",
      "value" : "../API/bpm/caseVariable/{{caseId}}/index3AppDt",
      "exposed" : false
    }
  },
  "uuid" : "d81f5236-f502-4105-82eb-4a2e340b039c",
  "type" : "form"
}