{
  "designerVersion" : "1.7.69",
  "id" : "MaterialWeighingForm1",
  "name" : "MaterialWeighingForm1",
  "lastUpdate" : 1539682388160,
  "rows" : [ [ {
    "type" : "container",
    "dimension" : {
      "xs" : 12
    },
    "propertyValues" : {
      "cssClasses" : {
        "type" : "constant",
        "value" : ""
      },
      "hidden" : {
        "type" : "constant",
        "value" : false
      },
      "repeatedCollection" : {
        "type" : "variable",
        "value" : ""
      }
    },
    "reference" : "b8d69aa8-8cb1-4cd3-83e4-fca4df78b7dc",
    "id" : "pbContainer",
    "rows" : [ [ {
      "type" : "component",
      "dimension" : {
        "xs" : 12
      },
      "propertyValues" : {
        "cssClasses" : {
          "type" : "constant",
          "value" : ""
        },
        "hidden" : {
          "type" : "constant",
          "value" : false
        },
        "wr1PrpBy" : {
          "type" : "variable",
          "value" : "wr1PrepBy.value"
        },
        "wr1PrpDt" : {
          "type" : "variable",
          "value" : "wr1PrepDt.value"
        },
        "wr1CkBy" : {
          "type" : "variable",
          "value" : "wr1ChkBy.value"
        },
        "wr1CkDt" : {
          "type" : "variable",
          "value" : "wr1ChkDt.value"
        },
        "wr1ApBy" : {
          "type" : "variable",
          "value" : "wr1AppBy.value"
        },
        "wr1ApDt" : {
          "type" : "variable",
          "value" : "wr1AppDt.value"
        }
      },
      "reference" : "e956e124-c864-4ef4-b2fb-b5cb4cb0815a",
      "id" : "customMaterialWeighForm1"
    } ], [ {
      "type" : "component",
      "dimension" : {
        "xs" : 12
      },
      "propertyValues" : {
        "cssClasses" : {
          "type" : "constant",
          "value" : ""
        },
        "hidden" : {
          "type" : "constant",
          "value" : false
        },
        "disabled" : {
          "type" : "constant",
          "value" : false
        },
        "label" : {
          "type" : "interpolation",
          "value" : "Submit"
        },
        "alignment" : {
          "type" : "constant",
          "value" : "center"
        },
        "buttonStyle" : {
          "type" : "constant",
          "value" : "success"
        },
        "action" : {
          "type" : "constant",
          "value" : "Submit task"
        },
        "url" : {
          "type" : "interpolation"
        },
        "dataToSend" : {
          "type" : "expression",
          "value" : "formOutput"
        },
        "dataFromSuccess" : {
          "type" : "variable",
          "value" : ""
        },
        "dataFromError" : {
          "type" : "variable",
          "value" : ""
        },
        "targetUrlOnSuccess" : {
          "type" : "interpolation"
        },
        "collectionToModify" : {
          "type" : "variable"
        },
        "collectionPosition" : {
          "type" : "constant",
          "value" : "Last"
        },
        "valueToAdd" : {
          "type" : "constant"
        },
        "removeItem" : {
          "type" : "variable"
        }
      },
      "reference" : "177cc78e-8052-444a-b31a-3533e746fc8b",
      "id" : "pbButton"
    } ] ]
  } ] ],
  "assets" : [ {
    "id" : "89c63fb1-6b35-4d5b-beed-a1406a50c5db",
    "name" : "style.css",
    "type" : "css",
    "order" : 0,
    "external" : false
  } ],
  "inactiveAssets" : [ ],
  "data" : {
    "caseId" : {
      "type" : "expression",
      "value" : "return $data.taskJSON.parentCaseId;",
      "exposed" : false
    },
    "context" : {
      "type" : "url",
      "value" : "../API/bpm/userTask/{{taskId}}/context",
      "exposed" : false
    },
    "formOutput" : {
      "type" : "expression",
      "value" : "return {'username':$data.userAPI.user_name};",
      "exposed" : false
    },
    "task" : {
      "type" : "url",
      "value" : "../API/bpm/userTask/{{taskId}}",
      "exposed" : false
    },
    "taskId" : {
      "type" : "urlparameter",
      "value" : "id",
      "exposed" : false
    },
    "taskJSON" : {
      "type" : "url",
      "value" : "../API/bpm/task/{{taskId}}",
      "exposed" : false
    },
    "userAPI" : {
      "type" : "url",
      "value" : "../API/system/session/unusedid",
      "exposed" : false
    },
    "wr1PrepBy" : {
      "type" : "url",
      "value" : "../API/bpm/caseVariable/{{caseId}}/wr1PrepBy",
      "exposed" : false
    },
    "wr1PrepDt" : {
      "type" : "url",
      "value" : "../API/bpm/caseVariable/{{caseId}}/wr1PrepDt",
      "exposed" : false
    },
    "wr1ChkBy" : {
      "type" : "url",
      "value" : "../API/bpm/caseVariable/{{caseId}}/wr1ChkBy",
      "exposed" : false
    },
    "wr1ChkDt" : {
      "type" : "url",
      "value" : "../API/bpm/caseVariable/{{caseId}}/wr1ChkDt",
      "exposed" : false
    },
    "wr1AppBy" : {
      "type" : "url",
      "value" : "../API/bpm/caseVariable/{{caseId}}/wr1AppBy",
      "exposed" : false
    },
    "wr1AppDt" : {
      "type" : "url",
      "value" : "../API/bpm/caseVariable/{{caseId}}/wr1AppDt",
      "exposed" : false
    }
  },
  "uuid" : "df3b8b01-17c1-44fb-94c6-01163b6e1be1",
  "type" : "form"
}