{
  "designerVersion" : "1.7.69",
  "id" : "customIndexForm2",
  "name" : "IndexForm2",
  "lastUpdate" : 1539685383483,
  "template" : "<!DOCTYPE html>\r\n<!--[if IE 8]> <html lang=\"en\" class=\"ie8 no-js\"> <![endif]-->\r\n<!--[if IE 9]> <html lang=\"en\" class=\"ie9 no-js\"> <![endif]-->\r\n<!--[if !IE]><!-->\r\n<html lang=\"en\">\r\n<!--<![endif]-->\r\n\r\n<!-- Head BEGIN -->\r\n\r\n<head>\r\n<meta charset=\"utf-8\">\r\n<title>Tetrasoft®  Engineering Professionals</title>\r\n<meta content=\"width=device-width, initial-scale=1.0\" name=\"viewport\">\r\n<meta http-equiv=\"X-UA-Compatible\" content=\"IE=edge,chrome=1\">\r\n\r\n<!-- link to image for socio -->\r\n<link rel=\"shortcut icon\" href=\"../favicon.ico\">\r\n\r\n<!-- Fonts START -->\r\n<link href=\"http://fonts.googleapis.com/css?family=Open+Sans:300,400,600,700|PT+Sans+Narrow|Source+Sans+Pro:200,300,400,600,700,900&amp;subset=all\" rel=\"stylesheet\" type=\"text/css\">\r\n<!-- Fonts END -->\r\n\r\n<!-- Global styles START -->\r\n<link href=\"../assets/font-awesome.min.css\" rel=\"stylesheet\">\r\n<link href=\"../assets/bootstrap.min.css\" rel=\"stylesheet\">\r\n<!-- Global styles END -->\r\n\r\n<!-- Theme styles START -->\r\n<link href=\"../assets/components.css\" rel=\"stylesheet\">\r\n<link href=\"../assets/style.css\" rel=\"stylesheet\">\r\n<link href=\"../assets/indexmain.css\" rel=\"stylesheet\">\r\n\r\n<script src=\"../assets/jquery.min.js\"></script>\r\n<script src=\"../assets/bootstrap.min.js\"></script>\r\n\r\n<script type=\"text/javascript\" src=\"../assets/moment.min.js\"></script>\r\n<script type=\"text/javascript\" src=\"../assets/daterangepicker.min.js\"></script>\r\n<link rel=\"stylesheet\" type=\"text/css\" href=\"../assets/daterangepicker.css\" />\r\n\r\n<style>\r\n\r\n.b_table_font tr td {\r\n\tfont: 400 13px 'Open Sans', sans-serif, Arial;\r\n\topacity: 0.8;\r\n\tfont-weight: regular;\r\n\tfont-size: 12px;\r\n\tcolor: #000000;\r\n}\r\n\r\n.b_table_font tr th {\r\n\tfont: 400 13px 'Open Sans', sans-serif, Arial;\r\n\topacity: 0.8;\r\n\tfont-weight: bold;\r\n\ttext-align: center;\r\n\tfont-size: 12px;\r\n\tcolor: #000000;\r\n}\r\n</style>\r\n\r\n</head>\r\n<!-- Head END -->\r\n\r\n<!-- Body BEGIN -->\r\n<body style=\"overflow-x: hidden; font: 400 13px 'Open Sans', sans-serif, Arial;\" class=\"corporate\">\r\n<div class=\"main\">\r\n  <div class=\"containerinbody\"> \r\n\r\n    <!-- BEGIN SIDEBAR & CONTENT -->\r\n    <div class=\"row margin-bottom-20\" style=\"margin-top:20px;\"> \r\n      <!-- BEGIN CONTENT -->\r\n      \r\n      <div>\r\n        <div class=\"\"> \r\n          <!-- BEGIN INFO BLOCK --> \r\n          <!-- BEGIN FORM-->\r\n        <h5 style=\"padding-left: 20px;\" class=\"title\">\r\n\t\t\t<b style=\"text-align: left;\">2.0 INDEX</b> \r\n\t\t\t<b style=\"text-align: right; float: right;\">BATCH No.: <input style=\"border: hidden;\" type=\"text\" name=\"xxx\" value=\"101618\" readonly></b>\r\n\t\t</h5>  \r\n\t\t<div class=\"col-md-6\">  \r\n\t\t<table class=\"table table-bordered\">\r\n\t\t  <thead class=\"b_table_font\">\r\n\t\t\t<tr>\r\n\t\t\t  <th class=\"col-md-1\" scope=\"col\">S.NO.</th>\r\n\t\t\t  <th class=\"col-md-9\" scope=\"col\">CONTENTS</th>\r\n\t\t\t  <th class=\"col-md-2\" scope=\"col\">PAGE NO.</th>\r\n\t\t\t</tr>\r\n\t\t  </thead>\r\n\t\t  <tbody class=\"b_table_font\">\r\n\t\t  \t\t\t<tr>\r\n    <td style=\"text-align: center;\" scope=\"row\">24.0</td>\r\n    <td>In - Process Checks by IPQA (Every 1 Hour)</td>\r\n    <td style=\"text-align: center;\">46-47</td>\r\n\t  </tr>\r\n\r\n  <tr>\r\n    <td style=\"text-align: center;\" scope=\"row\">25.0</td>\r\n    <td>In - Process Checks by Production (Every 4 Hours)</td>\r\n    <td style=\"text-align: center;\">48</td>\r\n\t\r\n  </tr> \r\n \r\n   <tr>\r\n    <td style=\"text-align: center;\" scope=\"row\">26.0</td>\r\n    <td>In - Process Checks by IPQA (Every 8 Hours)</td>\r\n    <td style=\"text-align: center;\">49</td>\r\n\t\r\n  </tr> \r\n  \t\r\n     <tr>\r\n    <td style=\"text-align: center;\" scope=\"row\">27.0</td>\r\n    <td>In - Process Checks by Production (Every 2 Hours)</td>\r\n    <td style=\"text-align: center;\">50-57</td>\r\n\t\r\n  </tr> \r\n  \t\r\n  <tr>\r\n    <td style=\"text-align: center;\" scope=\"row\">28.0</td>\r\n    <td>In - Process Checks by IPQA (Every 4 Hours)</td>\r\n    <td style=\"text-align: center;\">58-62</td>\r\n\t\r\n  </tr> \r\n  \r\n   <tr>\r\n    <td style=\"text-align: center;\" scope=\"row\">29.0</td>\r\n    <td>Weighing Record For Compressed Tablets</td>\r\n    <td style=\"text-align: center;\">63</td>\r\n\t\r\n  </tr>\r\n  \t\r\n  <tr>\r\n    <td style=\"text-align: center;\" scope=\"row\">30.0</td>\r\n    <td>Test Request Form for Core Tablets</td>\r\n    <td style=\"text-align: center;\">64</td>\r\n\t\r\n  </tr> \r\n \t \r\n   <tr>\r\n    <td style=\"text-align: center;\" scope=\"row\">31.0</td>\r\n    <td>Reconciliation (Compression Stage)</td>\r\n    <td style=\"text-align: center;\">65</td>\r\n\t\r\n  </tr> \r\n  \t\r\n  <tr>\r\n    <td style=\"text-align: center;\" scope=\"row\">32.0</td>\r\n    <td>Release for Coating</td>\r\n    <td style=\"text-align: center;\">65</td>\r\n\t\r\n  </tr> \r\n  \t\r\n  <tr>\r\n    <td style=\"text-align: center;\" scope=\"row\">33.0</td>\r\n    <td>Indent of Coating Material</td>\r\n    <td style=\"text-align: center;\">65</td>\r\n\t\r\n  </tr> \r\n\t\t\r\n  <tr>\r\n    <td style=\"text-align: center;\" scope=\"row\">34.0</td>\r\n    <td>Indent of Solvents</td>\r\n    <td style=\"text-align: center;\">66</td>\r\n\t\r\n  </tr> \r\n  \r\n  <tr>\r\n    <td style=\"text-align: center;\" scope=\"row\">35.0</td>\r\n    <td>Dispensing of Coating Material</td>\r\n    <td style=\"text-align: center;\">66</td>\r\n\t\r\n  </tr> \r\n  \t  \r\n  <tr>\r\n    <td style=\"text-align: center;\" scope=\"row\">35.1</td>\r\n    <td>Initial Checks</td>\r\n    <td style=\"text-align: center;\">67</td>\r\n\t\r\n  </tr> \r\n  \t\r\n   <tr>\r\n    <td style=\"text-align: center;\" scope=\"row\">35.2</td>\r\n    <td>Cleaning Verification</td>\r\n    <td style=\"text-align: center;\">67</td>\r\n\t\r\n  </tr> \r\n  \t\r\n   <tr>\r\n    <td style=\"text-align: center;\" scope=\"row\">35.3</td>\r\n    <td>Environmental Conditions</td>\r\n    <td style=\"text-align: center;\">67</td>\r\n\t\r\n  </tr>\r\n  \t\r\n    <tr>\r\n    <td style=\"text-align: center;\" scope=\"row\">35.4</td>\r\n    <td>Approval for Dispensing of Coating Materials</td>\r\n    <td style=\"text-align: center;\">67</td>\r\n\t\r\n  </tr>\r\n  \t\r\n   <tr>\r\n    <td style=\"text-align: center;\" scope=\"row\">35.5</td>\r\n    <td>Material Weighing Record</td>\r\n    <td style=\"text-align: center;\">68-72</td>\r\n\t\r\n  </tr>\r\n  \r\n  <tr>\r\n    <td style=\"text-align: center;\" scope=\"row\">36.0</td>\r\n    <td>Dispensing of Solvents</td>\r\n    <td style=\"text-align: center;\">73</td>\r\n\t\r\n  </tr>\r\n  \r\n   <tr>\r\n    <td style=\"text-align: center;\" scope=\"row\">36.1</td>\r\n    <td>Initial Checks</td>\r\n    <td style=\"text-align: center;\">73</td>\r\n\t\r\n  </tr>\r\n  \t\t\r\n   <tr>\r\n    <td style=\"text-align: center;\" scope=\"row\">36.2</td>\r\n    <td>Cleaning Verification</td>\r\n    <td style=\"text-align: center;\">73</td>\r\n\t\r\n  </tr>\r\n  \t<tr>\r\n    <td style=\"text-align: center;\" scope=\"row\">36.3</td>\r\n    <td>Environmental Conditions</td>\r\n    <td style=\"text-align: center;\">73</td>\r\n\t\r\n  </tr>\r\n  \t <tr>\r\n    <td style=\"text-align: center;\" scope=\"row\">36.4</td>\r\n    <td>Approval for Dispensing Solvents by IPQA</td>\r\n    <td style=\"text-align: center;\">73</td>\r\n\t\r\n  </tr>\r\n  \r\n  <tr>\r\n    <td style=\"text-align: center;\" scope=\"row\">36.5</td>\r\n    <td>Material Weighing Record </td>\r\n    <td style=\"text-align: center;\">74-75</td>\r\n\t\r\n  </tr>\r\n\r\n  <tr>\r\n    <td style=\"text-align: center;\" scope=\"row\">37.0</td>\r\n    <td>Sifting of Purified Talc and Titanium dioxide</td>\r\n    <td style=\"text-align: center;\">76</td>\r\n\t\r\n  </tr>\r\n    <tr>\r\n    <td style=\"text-align: center;\" scope=\"row\">37.1</td>\r\n    <td>Sifting Records</td>\r\n    <td style=\"text-align: center;\">76</td>\r\n\t\r\n  </tr>\r\n   <tr>\r\n    <td style=\"text-align: center;\" scope=\"row\">38.0</td>\r\n    <td>Initial checks for coating suspension preparation</td>\r\n    <td style=\"text-align: center;\">77</td>\r\n\t\r\n  </tr>\r\n   <tr>\r\n    <td style=\"text-align: center;\" scope=\"row\">38.1</td>\r\n    <td>Environmental Conditions</td>\r\n    <td style=\"text-align: center;\">77</td>\r\n\t\r\n  </tr>\r\n   <tr>\r\n    <td style=\"text-align: center;\" scope=\"row\">38.2</td>\r\n    <td>Approval for Coating Suspension Preparation</td>\r\n    <td style=\"text-align: center;\">77</td>\r\n\t\r\n  </tr>\r\n    <tr>\r\n    <td style=\"text-align: center;\" scope=\"row\">38.3</td>\r\n    <td>Coating Suspension Preparation Instruction and Record (Lot &mdash; I)</td>\r\n    <td style=\"text-align: center;\">78</td>\r\n\t\r\n  </tr>\r\n\r\n\t\t\t\r\n\t\t  </tbody>\r\n\t\t</table>\r\n\t\t</div>\r\n\t\t\r\n\t\t<div class=\"col-md-6\">  \r\n\t\t<table class=\"table table-bordered\">\r\n\t\t  <thead class=\"b_table_font\">\r\n\t\t\t<tr class=\"b_table_center\">\r\n\t\t\t  <th class=\"col-md-1\" scope=\"col\">S.NO.</th>\r\n\t\t\t  <th class=\"col-md-9\" scope=\"col\">CONTENTS</th>\r\n\t\t\t  <th class=\"col-md-2\" scope=\"col\">PAGE NO.</th>\r\n\t\t\t</tr>\r\n\t\t  </thead>\r\n\t\t  <tbody class=\"b_table_font\">\r\n\t<tr>\t\t\t\t\t\r\n    <td style=\"text-align: center;\" scope=\"row\">38.4</td>\r\n    <td>Coating Suspension Preparation Instruction and Record (Lot &mdash;  II)</td>\r\n    <td style=\"text-align: center;\">79</td>\r\n  </tr>\r\n\r\n  <tr>\r\n    <td style=\"text-align: center;\" scope=\"row\">38.5</td>\r\n    <td>Coating Suspension Preparation Instruction and Record (Lot &mdash; III)</td>\r\n    <td style=\"text-align: center;\">80</td>\r\n  </tr> \r\n \r\n   <tr>\r\n    <td style=\"text-align: center;\" scope=\"row\">38.6</td>\r\n    <td>Coating Suspension Preparation Instruction and Record (Lot &mdash; IV)</td>\r\n    <td style=\"text-align: center;\">81</td>\r\n  </tr> \r\n  \t\r\n     <tr>\r\n    <td style=\"text-align: center;\" scope=\"row\">38.7</td>\r\n    <td>Coating Suspension Preparation Instruction and Record (Lot &mdash; V)</td>\r\n    <td style=\"text-align: center;\">82</td>\r\n  </tr> \r\n  \t\r\n  <tr>\r\n    <td style=\"text-align: center;\" scope=\"row\">38.8</td>\r\n    <td>Coating Suspension Preparation Instruction and Record (Lot &mdash; VI)</td>\r\n    <td style=\"text-align: center;\">82</td>\r\n  </tr> \r\n  \r\n   <tr>\r\n    <td style=\"text-align: center;\" scope=\"row\">38.9</td>\r\n    <td>Coating Suspension Preparation Instruction and Record (Lot &mdash; VII))</td>\r\n    <td style=\"text-align: center;\">82</td>\r\n  </tr>\r\n  \t\r\n  <tr>\r\n    <td style=\"text-align: center;\" scope=\"row\">38.10</td>\r\n    <td>Coating Suspension Preparation Instruction and Record (Lot &mdash; VII)</td>\r\n    <td style=\"text-align: center;\">82</td>\r\n  </tr> \r\n \t \r\n   <tr>\r\n    <td style=\"text-align: center;\" scope=\"row\">39.0</td>\r\n    <td>Initial Checks for Coating</td>\r\n    <td style=\"text-align: center;\">83</td>\r\n  </tr> \r\n  \t\r\n  <tr>\r\n    <td style=\"text-align: center;\" scope=\"row\">39.1</td>\r\n    <td>Environmental Conditions</td>\r\n    <td style=\"text-align: center;\">83</td>\r\n  </tr> \r\n  \t\r\n  <tr>\r\n    <td style=\"text-align: center;\" scope=\"row\">39.2</td>\r\n    <td>Approval for Coating</td>\r\n    <td style=\"text-align: center;\">83</td>\r\n  </tr> \r\n\t\t\r\n  <tr>\r\n    <td style=\"text-align: center;\" scope=\"row\">39.3</td>\r\n    <td>Coating Process Record (Lot &mdash; I)</td>\r\n    <td style=\"text-align: center;\">84</td>\r\n  </tr> \r\n  \r\n  <tr>\r\n    <td style=\"text-align: center;\" scope=\"row\">39.4</td>\r\n    <td>Coating Process Record (Lot &mdash; II)</td>\r\n    <td style=\"text-align: center;\">85</td>\r\n  </tr> \r\n  \t  \r\n  <tr>\r\n    <td style=\"text-align: center;\" scope=\"row\">39.5</td>\r\n    <td>Coating Process Record (Lot &mdash; III)</td>\r\n    <td style=\"text-align: center;\">86</td>\r\n  </tr> \r\n  \t\r\n   <tr>\r\n    <td style=\"text-align: center;\" scope=\"row\">39.6</td>\r\n    <td>Coating Process Record (Lot &mdash; IV)</td>\r\n    <td style=\"text-align: center;\">87</td>\r\n  </tr> \r\n  \t\r\n   <tr>\r\n    <td style=\"text-align: center;\" scope=\"row\">39.7</td>\r\n    <td>Coating Process Record (Lot &mdash; V)</td>\r\n    <td style=\"text-align: center;\">88</td>\r\n  </tr>\r\n  \t\r\n    <tr>\r\n    <td style=\"text-align: center;\" scope=\"row\">39.8</td>\r\n    <td>Coating Process Record (Lot &mdash; VI)</td>\r\n    <td style=\"text-align: center;\">89</td>\r\n  </tr>\r\n  \t\r\n   <tr>\r\n    <td style=\"text-align: center;\" scope=\"row\">39.9</td>\r\n    <td>Coating Process Record (Lot &mdash; VII)</td>\r\n    <td style=\"text-align: center;\">90</td>\r\n  </tr>\r\n  \r\n  <tr>\r\n    <td style=\"text-align: center;\" scope=\"row\">39.10</td>\r\n    <td>Coating Process Record (Lot &mdash; VIII)</td>\r\n    <td style=\"text-align: center;\">91</td>\r\n  </tr>\r\n  \r\n   <tr>\r\n    <td style=\"text-align: center;\" scope=\"row\">40.0</td>\r\n    <td>Coating Parameters</td>\r\n    <td style=\"text-align: center;\">92</td>\r\n  </tr>\r\n  \t\t\r\n   <tr>\r\n    <td style=\"text-align: center;\" scope=\"row\">40.1</td>\r\n    <td>Coating in Process Checks (Record The Observation Every One Hour)</td>\r\n    <td style=\"text-align: center;\">92</td>\r\n  </tr>\r\n  \t<tr>\r\n    <td style=\"text-align: center;\" scope=\"row\">41.0</td>\r\n    <td>Coating in Process Checks (Record The Observation Every One Hour)</td>\r\n    <td style=\"text-align: center;\">93</td>\r\n  </tr>\r\n  \t <tr>\r\n   \t<td style=\"text-align: center;\" scope=\"row\">41.1</td>\r\n    <td>Coating in Process Checks (Record The Observation Every One Hour)</td>\r\n    <td style=\"text-align: center;\">93</td>\r\n  </tr>\r\n  \r\n  <tr>\r\n  \t<td style=\"text-align: center;\" scope=\"row\">41.2</td>\r\n    <td>In process checks for film coated tablet (20 Tablets In mg) (Lot &mdash; II) &mdash; Production</td>\r\n    <td style=\"text-align: center;\">94</td>\r\n  </tr>\r\n\r\n  <tr>\r\n   \t<td style=\"text-align: center;\" scope=\"row\">41.3</td>\r\n    <td>In process checks for film coated tablet (20 Tablets In mg) (Lot &mdash; III) &mdash; Production</td>\r\n    <td style=\"text-align: center;\">94</td>\r\n  </tr>\r\n    <tr>\r\n    <td style=\"text-align: center;\" scope=\"row\">41.4</td>\r\n    <td>In process checks for film coated tablet (20 Tablets In mg) (Lot &mdash; IV) &mdash; Production</td>\r\n    <td style=\"text-align: center;\">95</td>\r\n  </tr>\r\n   <tr>\r\n    <td style=\"text-align: center;\" scope=\"row\">41.5</td>\r\n    <td>In process checks for film coated tablet (20 Tablets In mg) (Lot &mdash; V) &mdash; Production</td>\r\n    <td style=\"text-align: center;\">95</td>\r\n  </tr>\r\n   <tr>\r\n   \t<td style=\"text-align: center;\" scope=\"row\">41.6</td>\r\n    <td>In process checks for film coated tablet (20 Tablets In mg) (Lot &mdash;V I) &mdash; Production</td>\r\n    <td style=\"text-align: center;\">96</td>\r\n  </tr>\r\n   <tr>\r\n    <td style=\"text-align: center;\" scope=\"row\">41.7</td>\r\n    <td>In process checks for film coated tablet (20 Tablets In mg) (Lot &mdash; VII) &mdash; Production</td>\r\n    <td style=\"text-align: center;\">96</td>\r\n  </tr>\r\n    <tr>\r\n    <td style=\"text-align: center;\" scope=\"row\">41.8</td>\r\n    <td>In process checks for film coated tablet (20 Tablets In mg) (Lot &mdash;VII I) Production</td>\r\n    <td style=\"text-align: center;\">97</td>\r\n  </tr>\r\n\t\t\r\n\t\t  </tbody>\r\n\t\t</table>\r\n\t\t</div>\r\n      <!-- END FORM--> \r\n      <!-- END INFO BLOCK --> \r\n    </div>\r\n\r\n  </div>\r\n  <!-- END CONTENT --> \r\n</div>\r\n</div>\r\n\r\n\r\n\t<div class=\"containerinbody\"> \r\n\t  <div class=\"\" style=\"margin-top:20px;\"> \r\n\t\t<div>\r\n\t\t\t<table class=\"table table-bordered\">\r\n\t\t\t  <thead class=\"b_table_font\">\r\n\t\t\t\t<tr>\r\n\t\t\t\t  <th style=\"text-align: left;\" class=\"col-md-1\" scope=\"col\">Signatory</th>\r\n\t\t\t\t  <th style=\"text-align: center;\" class=\"col-md-2\" scope=\"col\">Prepared By</th>\r\n\t\t\t\t  <th style=\"text-align: center;\" class=\"col-md-2\" scope=\"col\">Checked By</th>\t  \r\n\t\t\t\t  <th style=\"text-align: center;\" class=\"col-md-2\" scope=\"col\">Approved By</th>\r\n\t\t\t\t  <th style=\"text-align: center; border-bottom: hidden;\" class=\"col-md-2\" scope=\"col\"> </th>\r\n\t\t\t\t</tr>\r\n\t\t\t  </thead>\r\n\t\t\t  <tbody class=\"b_table_font\">\r\n\t\t\t\t<tr>\r\n\t\t\t\t  <td scope=\"row\">Signature</td>\r\n\t\t\t\t  <td><input style=\"border: none;\" type=\"text\" id=\"index2PrepBy\" ng-model=\"properties.index2PrepBy\" name=\"{{ctrl.index2PrepBy}}\"/><img data-toggle=\"modal\" data-target=\"#myModal_preparedby\" src=\"widgets/customIndexForm2/assets/img/Signature_Icon.svg\" style=\"float: right;\"/></td>\r\n\t\t\t\t  <td><input style=\"border: none;\" type=\"text\" id=\"index2RevBy\" ng-model=\"properties.index2RevBy\" name=\"{{ctrl.index2RevBy}}\"/><img data-toggle=\"modal\" data-target=\"#myModal_checkedby\" src=\"widgets/customIndexForm2/assets/img/Signature_Icon.svg\" style=\"float: right;\"/></td>\r\n\t\t\t\t  <td><input style=\"border: none;\" type=\"text\" id=\"index2AppBy\" ng-model=\"properties.index2AppBy\" name=\"{{ctrl.index2AppBy}}\"/><img data-toggle=\"modal\" data-target=\"#myModal_approvedby\" src=\"widgets/customIndexForm2/assets/img/Signature_Icon.svg\" style=\"float: right;\"/></td>\r\n\t\t\t\t  <td style=\"border-bottom: hidden;\"></td>\r\n\t\t\t\t</tr>\r\n\t\t\t\t<tr>\r\n\t\t\t\t  <td scope=\"row\">Date</td>\r\n\t\t\t\t  <td><input style=\"border: none;\" type=\"text\" id=\"index2PrepDt\" ng-model=\"properties.index2PrepDt\" name=\"{{ctrl.index2PrepDt}}\"/><img name=\"calender_preparedby\" src=\"widgets/customIndexForm2/assets/img/Calendar_Icon.svg\" style=\"float: right;\"></td>\r\n\t\t\t\t  <td><input style=\"border: none;\" type=\"text\" id=\"index2RevDt\" ng-model=\"properties.index2RevDt\" name=\"{{ctrl.index2RevDt}}\"/><img name=\"calender_checkby\" src=\"widgets/customIndexForm2/assets/img/Calendar_Icon.svg\" style=\"float: right;\"></td>\r\n\t\t\t\t  <td><input style=\"border: none;\" type=\"text\" id=\"index2AppDt\" ng-model=\"properties.index2AppDt\" name=\"{{ctrl.index2AppDt}}\"/><img name=\"calender_approvedby\" src=\"widgets/customIndexForm2/assets/img/Calendar_Icon.svg\" style=\"float: right;\"></td>\r\n\t\t\t\t  <td></td>\r\n\t\t\t\t</tr>\r\n\t\t\t  </tbody>\r\n\t\t\t</table> \r\n\t\t  <!-- END FORM--> \r\n\t\t  <!-- END INFO BLOCK --> \r\n\t\t</div>\r\n\t\t  <!-- END FORM--> \r\n\t\t  <!-- END INFO BLOCK --> \r\n\t\t</div>\r\n\t  </div>\r\n  <!-- END CONTENT --> \r\n</div>\r\n</div>\r\n</div>\r\n<!-- START Modal CONTENT myModal_preparedby--> \r\n\t<div class=\"modal fade\" id=\"myModal_preparedby\" role=\"dialog\">\r\n    <div class=\"modal-dialog modal-sm\">\r\n      <div class=\"modal-content\">\r\n        <div class=\"modal-header\">\t\r\n          <button type=\"button\" class=\"close\" style=\"text-indent: 0px !important;\" data-dismiss=\"modal\">&times;</button>\r\n          <h4 class=\"modal-title\">Saved | <u>New</u> </h4>\r\n        </div>\r\n        <div class=\"modal-body\">\r\n          <p><br/><br/><br/><br/><br/></p>\r\n        </div>\r\n        <div class=\"modal-footer\">\r\n          <button type=\"button\" class=\"btn btn-default\" data-dismiss=\"modal\">OK</button>\r\n        </div>\r\n      </div>\r\n    </div>\r\n  </div>\r\n <!-- END Modal CONTENT myModal_preparedby-->\r\n \r\n <!-- START Modal CONTENT myModal_checkedby--> \r\n\t<div class=\"modal fade\" id=\"myModal_checkedby\" role=\"dialog\">\r\n    <div class=\"modal-dialog modal-sm\">\r\n      <div class=\"modal-content\">\r\n        <div class=\"modal-header\">\t\r\n          <button type=\"button\" class=\"close\" style=\"text-indent: 0px !important;\" data-dismiss=\"modal\">&times;</button>\r\n          <h4 class=\"modal-title\">Saved | <u>New</u> </h4>\r\n        </div>\r\n        <div class=\"modal-body\">\r\n          <p><br/><br/><br/><br/><br/></p>\r\n        </div>\r\n        <div class=\"modal-footer\">\r\n          <button type=\"button\" class=\"btn btn-default\" data-dismiss=\"modal\">OK</button>\r\n        </div>\r\n      </div>\r\n    </div>\r\n  </div>\r\n <!-- END Modal CONTENT myModal_checkedby-->\r\n \r\n <!-- START Modal CONTENT myModal_approvedby--> \r\n\t<div class=\"modal fade\" id=\"myModal_approvedby\" role=\"dialog\">\r\n    <div class=\"modal-dialog modal-sm\">\r\n      <div class=\"modal-content\">\r\n        <div class=\"modal-header\">\t\r\n          <button type=\"button\" class=\"close\" style=\"text-indent: 0px !important;\" data-dismiss=\"modal\">&times;</button>\r\n          <h4 class=\"modal-title\">Saved | <u>New</u> </h4>\r\n        </div>\r\n        <div class=\"modal-body\">\r\n          <p><br/><br/><br/><br/><br/></p>\r\n        </div>\r\n        <div class=\"modal-footer\">\r\n          <button type=\"button\" class=\"btn btn-default\" data-dismiss=\"modal\">OK</button>\r\n        </div>\r\n      </div>\r\n    </div>\r\n  </div>\r\n <!-- END Modal CONTENT myModal_approvedby-->\r\n\r\n\r\n</body>\r\n<!-- END BODY -->\r\n</html>",
  "controller" : "/**\n * The controller is a JavaScript function that augments the AngularJS scope and exposes functions that can be used in the custom widget template\n * \n * Custom widget properties defined on the right can be used as variables in a controller with $scope.properties\n * To use AngularJS standard services, you must declare them in the main function arguments.\n * \n * You can leave the controller empty if you do not need it.\n */\nfunction $scope() {\n$(function() {\n  $('img[name=\"calender_preparedby\"]').daterangepicker({\n    singleDatePicker: true,\n    showDropdowns: true,\n  });\n});\n\n$(function() {\n  $('img[name=\"calender_checkby\"]').daterangepicker({\n    singleDatePicker: true,\n    showDropdowns: true,\n  });\n});\n\n$(function() {\n  $('img[name=\"calender_approvedby\"]').daterangepicker({\n    singleDatePicker: true,\n    showDropdowns: true,\n  });\n});\n\n}",
  "custom" : true,
  "properties" : [ {
    "label" : "index2PrepBy",
    "name" : "index2PrepBy",
    "type" : "text",
    "bond" : "variable"
  }, {
    "label" : "index2PrepDt",
    "name" : "index2PrepDt",
    "type" : "text",
    "bond" : "variable"
  }, {
    "label" : "index2RevBy",
    "name" : "index2RevBy",
    "type" : "text",
    "bond" : "variable"
  }, {
    "label" : "index2RevDt",
    "name" : "index2RevDt",
    "type" : "text",
    "bond" : "variable"
  }, {
    "label" : "index2AppBy",
    "name" : "index2AppBy",
    "type" : "text",
    "bond" : "variable"
  }, {
    "label" : "index2AppDt",
    "name" : "index2AppDt",
    "type" : "text",
    "bond" : "variable"
  } ],
  "assets" : [ {
    "id" : "15f236e2-8bd2-4fb0-bae1-06e542dfea90",
    "name" : "font-awesome.min.css",
    "type" : "css",
    "order" : 11,
    "external" : false
  }, {
    "id" : "ff8b0062-1a26-40d5-a496-8fc9e7219b62",
    "name" : "jquery.min.js",
    "type" : "js",
    "order" : 6,
    "external" : false
  }, {
    "id" : "0f8e2be2-35ef-4522-a212-97a7dfc263d9",
    "name" : "components.css",
    "type" : "css",
    "order" : 9,
    "external" : false
  }, {
    "id" : "f6393c39-d4ea-4b42-8285-caae5acb0236",
    "name" : "Keyboard_small.svg",
    "type" : "img",
    "order" : 2,
    "external" : false
  }, {
    "id" : "047b289c-673e-4e69-a674-1a2e40d35c9f",
    "name" : "indexmain.css",
    "type" : "css",
    "order" : 12,
    "external" : false
  }, {
    "id" : "2606b9fc-b8b1-4e84-b9c0-93e53140152f",
    "name" : "bootstrap.min.css",
    "type" : "css",
    "order" : 8,
    "external" : false
  }, {
    "id" : "bf99ff23-4122-4bed-b0da-c6d3dc813aec",
    "name" : "daterangepicker.min.js",
    "type" : "js",
    "order" : 5,
    "external" : false
  }, {
    "id" : "bd55e713-8573-4bb2-a74f-3e4f0c032dfd",
    "name" : "daterangepicker.css",
    "type" : "css",
    "order" : 10,
    "external" : false
  }, {
    "id" : "236d55d3-7752-4599-8561-bd4d8c83cb6a",
    "name" : "style.css",
    "type" : "css",
    "order" : 13,
    "external" : false
  }, {
    "id" : "4762798a-b1dd-445c-8cc1-b298f1e2eec3",
    "name" : "Signature_Icon.svg",
    "type" : "img",
    "order" : 3,
    "external" : false
  }, {
    "id" : "48f6d5cf-696e-45cc-a0c3-1ef1b046db57",
    "name" : "moment.min.js",
    "type" : "js",
    "order" : 7,
    "external" : false
  }, {
    "id" : "0bed0f42-a0c8-4bed-ab1f-3f34547be379",
    "name" : "Calendar_Icon.svg",
    "type" : "img",
    "order" : 1,
    "external" : false
  }, {
    "id" : "9d6a1d39-83c4-451e-bff7-2de29c3074df",
    "name" : "bootstrap.min.js",
    "type" : "js",
    "order" : 4,
    "external" : false
  } ],
  "requiredModules" : [ ],
  "type" : "widget",
  "hasHelp" : false
}