{
  "designerVersion" : "1.7.69",
  "id" : "customIndentExcipientForm",
  "name" : "IndentExcipientForm",
  "lastUpdate" : 1539683294749,
  "template" : "<!DOCTYPE html>\r\n<!--[if IE 8]> <html lang=\"en\" class=\"ie8 no-js\"> <![endif]-->\r\n<!--[if IE 9]> <html lang=\"en\" class=\"ie9 no-js\"> <![endif]-->\r\n<!--[if !IE]><!-->\r\n<html lang=\"en\">\r\n<!--<![endif]-->\r\n\r\n<!-- Head BEGIN -->\r\n\r\n<head>\r\n<meta charset=\"utf-8\">\r\n<title>Tetrasoft®  Engineering Professionals</title>\r\n<meta content=\"width=device-width, initial-scale=1.0\" name=\"viewport\">\r\n<meta http-equiv=\"X-UA-Compatible\" content=\"IE=edge,chrome=1\">\r\n\r\n<!-- link to image for socio -->\r\n<link rel=\"shortcut icon\" href=\"../favicon.ico\">\r\n\r\n<!-- Fonts START -->\r\n<link href=\"http://fonts.googleapis.com/css?family=Open+Sans:300,400,600,700|PT+Sans+Narrow|Source+Sans+Pro:200,300,400,600,700,900&amp;subset=all\" rel=\"stylesheet\" type=\"text/css\">\r\n<!-- Fonts END -->\r\n\r\n<!-- Global styles START -->\r\n<link href=\"../assets/font-awesome.min.css\" rel=\"stylesheet\">\r\n<link href=\"../assets/bootstrap.min.css\" rel=\"stylesheet\">\r\n<!-- Global styles END -->\r\n\r\n<!-- Theme styles START -->\r\n<link href=\"../assets/components.css\" rel=\"stylesheet\">\r\n<link href=\"../assets/style.css\" rel=\"stylesheet\">\r\n\r\n<script src=\"../assets/jquery.min.js\"></script>\r\n<script src=\"../assets/bootstrap.min.js\"></script>\r\n\r\n<script type=\"text/javascript\" src=\"../assets/moment.min.js\"></script>\r\n<script type=\"text/javascript\" src=\"../assets/daterangepicker.min.js\"></script>\r\n<link rel=\"stylesheet\" type=\"text/css\" href=\"../assets/daterangepicker.css\" />\r\n<style>\r\n.custom-par label{\r\npadding:0 15px;\r\n}\r\n.pad_0{\r\npadding:0;\r\n}\r\n.b_table_font tr td {\r\n\tfont: 400 13px 'Open Sans', sans-serif, Arial;\r\n\topacity: 0.8;\r\n\tfont-weight: regular;\r\n\tfont-size: 12px;\r\n\tcolor: #000000;\r\n}\r\n.b_table_font tr th {\r\n\tfont: 400 13px 'Open Sans', sans-serif, Arial;\r\n\topacity: 0.8;\r\n\tfont-weight: regular;\r\n\tfont-size: 12px;\r\n\tcolor: #000000;\r\n}\r\n</style>\r\n\r\n</head>\r\n<!-- Head END -->\r\n\r\n<!-- Body BEGIN -->\r\n<body style=\"font: 400 13px 'Open Sans', sans-serif, Arial;\" class=\"corporate\">\r\n<div class=\"main\">\r\n  <div class=\"containerinbody\">\r\n\r\n  \r\n\t<table class=\"col-md-12 col-sm-12 col-xs-12\">\r\n\t\t<tbody class=\"b_table_font\">\r\n\t\t\t<tr>\r\n\t\t\t\t<td><p style=\"font-size: 10px; color: #000000; opacity: 0.45;\">Choose whichever is applicable</p></td>\r\n\t\t\t</tr>\r\n\t\t\t<tr>\r\n\t\t\t\t<td class=\"radio\">\r\n\t\t\t\t\t<label><input type=\"radio\" name=\"optradio\" checked>BMR</label>\r\n\t\t\t\t\t<label style=\"margin-left: 10px;\"><input type=\"radio\" name=\"optradio\">STORE COPY</label>\r\n\t\t\t\t\t<h5 style=\"float: right;\"> \r\n\t\t\t\t\t\t<b style=\"text-align: right;\">BATCH No.: <input style=\"border: hidden;\" type=\"text\" name=\"xxx\" value=\"101618\" readonly></b>\r\n\t\t\t\t\t</h5>\r\n\t\t\t\t</td>\r\n\t\t\t</tr>\t\t\t\r\n\t\t</tbody>\r\n\t</table>\r\n\t\r\n\t\r\n    <!-- BEGIN SIDEBAR & CONTENT -->\r\n    <div class=\"row margin-bottom-20 margin_0\" style=\"margin-top:20px;\"> \r\n\t <div class=\"col-md-12 col-sm-12 div1\">\r\n        <div class=\"\"> \r\n\t\t<h5 class=\"title\"><strong>3.2 INDENT OF EXCIPIENT</strong></h5>\r\n\t\t<table class=\"table table-bordered\">\r\n\t\t  <thead class=\"b_table_font b_table_center\">\r\n\t\t\t<tr>\r\n\t\t\t  <th class=\"col-md-1\" scope=\"col\">SR.NO.</th>\r\n\t\t\t  <th class=\"col-md-2\" scope=\"col\">NAME OF INGREDIENT</th>\r\n\t\t\t  <th class=\"col-md-1\" scope=\"col\">GRADE</th>\r\n\t\t\t   <th class=\"col-md-1\" scope=\"col\">ITEM CODE No.</th>\r\n\t\t\t    <th class=\"col-md-3\" scope=\"col\">INPUT QUANTITY PER TABLET (in mg)</th>\r\n\t\t\t\t  <th class=\"col-md-2\" scope=\"col\">QUANTITY FOR THE BATCH (in kg)</th>\r\n\t\t\t</tr>\r\n\t\t  </thead>\r\n\t\t  <tbody>\r\n\t\t\t <tbody class=\"b_table_font\">\r\n\t\t\t<tr>\r\n\t\t\t<td class=\"text-center\">1 </td>\r\n\t\t\t<td>Dried Maize Starch</td>\r\n\t\t\t<td class=\"text-center\"\">EP</td>\r\n\t\t\t<td class=\"text-center\">REND0197</td>\r\n\t\t\t<td class=\"text-center\">27.0</td>\r\n\t\t\t<td class=\"text-center\">#40.500 +4.050* (7.425 kg x  6 Lots)</td>\r\n\t\t\t</tr>\r\n\t\t\t\r\n\t\t\t<tr>\r\n\t\t\t<td class=\"text-center\">2</td>\r\n\t\t\t<td>Povidone</td>\r\n\t\t\t<td class=\"text-center\"\">EP/BP</td>\r\n\t\t\t<td class=\"text-center\">REND0158</td>\r\n\t\t\t<td class=\"text-center\">6.40</td>\r\n\t\t\t<td class=\"text-center\">9.600 (1.600 kg x  6 Lots)</td>\r\n\t\t\t</tr>\r\n\t\t\t\r\n\t\t\t<tr>\r\n\t\t\t<td class=\"text-center\">3</td>\r\n\t\t\t<td>Magnesium Stearate</td>\r\n\t\t\t<td class=\"text-center\"\">EP/BP</td>\r\n\t\t\t<td class=\"text-center\">REND0157</td>\r\n\t\t\t<td class=\"text-center\">3.20</td>\r\n\t\t\t<td class=\"text-center\">4.800</td>\r\n\t\t\t</tr>\r\n\t\t\t\r\n\t\t\t<tr>\r\n\t\t\t<td class=\"text-center\">4</td>\r\n\t\t\t<td>Dried Maize Starch (Lubrication)</td>\r\n\t\t\t<td class=\"text-center\"\">EP</td>\r\n\t\t\t<td class=\"text-center\">REND0197</td>\r\n\t\t\t<td class=\"text-center\">6.22</td>\r\n\t\t\t<td class=\"text-center\">9.33+0.933*</td>\r\n\t\t\t</tr>\r\n\t\t\t\r\n\t\t\t<tr>\r\n\t\t\t<td class=\"text-center\">5</td>\r\n\t\t\t<td>Isopropyl Alcohol</td>\r\n\t\t\t<td class=\"text-center\"\">EP/BP</td>\r\n\t\t\t<td class=\"text-center\">REND0191</td>\r\n\t\t\t<td class=\"text-center\">qs</td>\r\n\t\t\t<td class=\"text-center\">113.386 kg (18.898 kg x  6 Lots)</td>\r\n\t\t\t</tr>\r\n\t<tr>\r\n\t<td  class=\"text-center\" colspan=\"4\">Total </td>\r\n\t<td class=\"text-center\"><b>320.00</b></td>\r\n\t\t\t<td class=\"text-center\"><b>480.00</b></td>\r\n\t\t\t</tr>\r\n\t</tbody>\r\n\t\r\n\t</tbody>\r\n\t</table>\r\n\t\r\n\t<div class=\"text-sec\"> \r\n\t\t<p>*Compensation for Drying Loss.<br>#Quantity to be adjusted based on Potency of the API<br><b>Isopropyl Alcohol</b> quantity has been converted from litres to kg by using conversion factor given below<br><b>Isopropyl Alcohol :</b>1 kg = 1.27 litres (Reference Ph.Eur monograph)</p>\r\n\t    </div>\r\n\t\r\n\t\t  <!-- END CONTENT --> \r\n</div>\r\n\r\n<div class=\"col-md-12 col-sm-12 div1\" style=\" border-top: 1px solid #ccc; padding: 0px; margin-top: 100px;\">\r\n\t\t\t<table class=\"table table-bordered\">\r\n\t\t\t  <thead>\r\n\t\t\t\t<tr>\r\n\t\t\t\t  <th style=\"text-align: left;\" class=\"col-md-1\" scope=\"col\">Signatory</th>\r\n\t\t\t\t  <th style=\"text-align: center;\" class=\"col-md-2\" scope=\"col\">Prepared By</th>\r\n\t\t\t\t  <th style=\"text-align: center;\" class=\"col-md-2\" scope=\"col\">Checked By</th>\t  \r\n\t\t\t\t  <th style=\"text-align: center;\" class=\"col-md-2\" scope=\"col\">Approved By</th>\r\n\t\t\t\t  <th style=\"text-align: center; border-bottom: hidden;\" class=\"col-md-2\" scope=\"col\"> </th>\r\n\t\t\t\t</tr>\r\n\t\t\t  </thead>\r\n\t\t\t  <tbody class=\"b_table_font\">\r\n\t\t\t\t<tr>\r\n\t\t\t\t  <td scope=\"row\">Signature</td>\r\n\t\t\t\t  <td><input style=\"border: none;\" type=\"text\" id=\"indentExpPrpBy\" ng-model=\"properties.indentExpPrpBy\" name=\"{{ctrl.indentExpPrpBy}}\"/><img data-toggle=\"modal\" data-target=\"#myModal_preparedby\" src=\"widgets/customIndentExcipientForm/assets/img/Signature_Icon.svg\" style=\"float: right;\"></td>\r\n\t\t\t\t  <td><input style=\"border: none;\" type=\"text\" id=\"indentExpRvBy\" ng-model=\"properties.indentExpRvBy\" name=\"{{ctrl.indentExpRvBy}}\"/><img data-toggle=\"modal\" data-target=\"#myModal_checkedby\" src=\"widgets/customIndentExcipientForm/assets/img/Signature_Icon.svg\" style=\"float: right;\"></td>\r\n\t\t\t\t  <td><input style=\"border: none;\" type=\"text\" id=\"indentExpApBy\" ng-model=\"properties.indentExpApBy\" name=\"{{ctrl.indentExpApBy}}\"/><img data-toggle=\"modal\" data-target=\"#myModal_approvedby\" src=\"widgets/customIndentExcipientForm/assets/img/Signature_Icon.svg\" style=\"float: right;\"></td>\r\n\t\t\t\t  <td style=\"border-bottom: hidden;\"></td>\r\n\t\t\t\t</tr>\r\n\t\t\t\t<tr>\r\n\t\t\t\t  <td scope=\"row\">Date</td>\r\n\t\t\t\t  <td><input style=\"border: none;\" type=\"text\" id=\"indentExpPrpDt\" ng-model=\"properties.indentExpPrpDt\" name=\"{{ctrl.indentExpPrpDt}}\"/><img name=\"calender_preparedby\" src=\"widgets/customIndentExcipientForm/assets/img/Calendar_Icon.svg\" style=\"float: right;\"></td>\r\n\t\t\t\t  <td><input style=\"border: none;\" type=\"text\" id=\"indentExpRvDt\" ng-model=\"properties.indentExpRvDt\" name=\"{{ctrl.indentExpRvDt}}\"/><img name=\"calender_checkby\" src=\"widgets/customIndentExcipientForm/assets/img/Calendar_Icon.svg\" style=\"float: right;\"></td>\r\n\t\t\t\t  <td><input style=\"border: none;\" type=\"text\" id=\"indentExpApDt\" ng-model=\"properties.indentExpApDt\" name=\"{{ctrl.indentExpApDt}}\"/><img name=\"calender_approvedby\" src=\"widgets/customIndentExcipientForm/assets/img/Calendar_Icon.svg\" style=\"float: right;\"></td>\r\n\t\t\t\t  <td></td>\r\n\t\t\t\t</tr>\r\n\t\t\t  </tbody>\r\n\t\t\t</table>   \r\n\t\t</div>\r\n\r\n</div>\r\n</div>\r\n</body>\r\n<!-- END BODY -->\r\n\r\n\r\n\r\n</html>",
  "controller" : "/**\n * The controller is a JavaScript function that augments the AngularJS scope and exposes functions that can be used in the custom widget template\n * \n * Custom widget properties defined on the right can be used as variables in a controller with $scope.properties\n * To use AngularJS standard services, you must declare them in the main function arguments.\n * \n * You can leave the controller empty if you do not need it.\n */\nfunction $scope() {\n$(function() {\n  $('img[name=\"calender_preparedby\"]').daterangepicker({\n    singleDatePicker: true,\n    showDropdowns: true,\n  });\n});\n\n$(function() {\n  $('img[name=\"calender_checkby\"]').daterangepicker({\n    singleDatePicker: true,\n    showDropdowns: true,\n  });\n});\n\n$(function() {\n  $('img[name=\"calender_approvedby\"]').daterangepicker({\n    singleDatePicker: true,\n    showDropdowns: true,\n  });\n});\n\n}",
  "custom" : true,
  "properties" : [ {
    "label" : "indentExpPrpBy",
    "name" : "indentExpPrpBy",
    "type" : "text",
    "bond" : "variable"
  }, {
    "label" : "indentExpPrpDt",
    "name" : "indentExpPrpDt",
    "type" : "text",
    "bond" : "variable"
  }, {
    "label" : "indentExpRvBy",
    "name" : "indentExpRvBy",
    "type" : "text",
    "bond" : "variable"
  }, {
    "label" : "indentExpRvDt",
    "name" : "indentExpRvDt",
    "type" : "text",
    "bond" : "variable"
  }, {
    "label" : "indentExpApBy",
    "name" : "indentExpApBy",
    "type" : "text",
    "bond" : "variable"
  }, {
    "label" : "indentExpApDt",
    "name" : "indentExpApDt",
    "type" : "text",
    "bond" : "variable"
  } ],
  "assets" : [ {
    "id" : "15f236e2-8bd2-4fb0-bae1-06e542dfea90",
    "name" : "font-awesome.min.css",
    "type" : "css",
    "order" : 11,
    "external" : false
  }, {
    "id" : "ff8b0062-1a26-40d5-a496-8fc9e7219b62",
    "name" : "jquery.min.js",
    "type" : "js",
    "order" : 6,
    "external" : false
  }, {
    "id" : "0f8e2be2-35ef-4522-a212-97a7dfc263d9",
    "name" : "components.css",
    "type" : "css",
    "order" : 9,
    "external" : false
  }, {
    "id" : "f6393c39-d4ea-4b42-8285-caae5acb0236",
    "name" : "Keyboard_small.svg",
    "type" : "img",
    "order" : 2,
    "external" : false
  }, {
    "id" : "047b289c-673e-4e69-a674-1a2e40d35c9f",
    "name" : "indexmain.css",
    "type" : "css",
    "order" : 12,
    "external" : false
  }, {
    "id" : "2606b9fc-b8b1-4e84-b9c0-93e53140152f",
    "name" : "bootstrap.min.css",
    "type" : "css",
    "order" : 8,
    "external" : false
  }, {
    "id" : "bf99ff23-4122-4bed-b0da-c6d3dc813aec",
    "name" : "daterangepicker.min.js",
    "type" : "js",
    "order" : 5,
    "external" : false
  }, {
    "id" : "bd55e713-8573-4bb2-a74f-3e4f0c032dfd",
    "name" : "daterangepicker.css",
    "type" : "css",
    "order" : 10,
    "external" : false
  }, {
    "id" : "236d55d3-7752-4599-8561-bd4d8c83cb6a",
    "name" : "style.css",
    "type" : "css",
    "order" : 13,
    "external" : false
  }, {
    "id" : "4762798a-b1dd-445c-8cc1-b298f1e2eec3",
    "name" : "Signature_Icon.svg",
    "type" : "img",
    "order" : 3,
    "external" : false
  }, {
    "id" : "48f6d5cf-696e-45cc-a0c3-1ef1b046db57",
    "name" : "moment.min.js",
    "type" : "js",
    "order" : 7,
    "external" : false
  }, {
    "id" : "0bed0f42-a0c8-4bed-ab1f-3f34547be379",
    "name" : "Calendar_Icon.svg",
    "type" : "img",
    "order" : 1,
    "external" : false
  }, {
    "id" : "9d6a1d39-83c4-451e-bff7-2de29c3074df",
    "name" : "bootstrap.min.js",
    "type" : "js",
    "order" : 4,
    "external" : false
  } ],
  "requiredModules" : [ ],
  "type" : "widget",
  "hasHelp" : false
}