{
  "designerVersion" : "1.7.69",
  "id" : "customCalForm2",
  "name" : "CalForm2",
  "lastUpdate" : 1539763620782,
  "template" : "<!DOCTYPE html>\r\n<!--[if IE 8]> <html lang=\"en\" class=\"ie8 no-js\"> <![endif]-->\r\n<!--[if IE 9]> <html lang=\"en\" class=\"ie9 no-js\"> <![endif]-->\r\n<!--[if !IE]><!-->\r\n<html lang=\"en\">\r\n<!--<![endif]-->\r\n\r\n<!-- Head BEGIN -->\r\n\r\n<head>\r\n<meta charset=\"utf-8\">\r\n<title>Tetrasoft®  Engineering Professionals</title>\r\n<meta content=\"width=device-width, initial-scale=1.0\" name=\"viewport\">\r\n<meta http-equiv=\"X-UA-Compatible\" content=\"IE=edge,chrome=1\">\r\n\r\n<!-- link to image for socio -->\r\n<link rel=\"shortcut icon\" href=\"../favicon.ico\">\r\n\r\n<!-- Fonts START -->\r\n<link href=\"http://fonts.googleapis.com/css?family=Open+Sans:300,400,600,700|PT+Sans+Narrow|Source+Sans+Pro:200,300,400,600,700,900&amp;subset=all\" rel=\"stylesheet\" type=\"text/css\">\r\n<!-- Fonts END -->\r\n\r\n<!-- Global styles START -->\r\n<link href=\"../assets/font-awesome.min.css\" rel=\"stylesheet\">\r\n<link href=\"../assets/bootstrap.min.css\" rel=\"stylesheet\">\r\n<!-- Global styles END -->\r\n\r\n<!-- Theme styles START -->\r\n<link href=\"../assets/components.css\" rel=\"stylesheet\">\r\n<link href=\"../assets/style.css\" rel=\"stylesheet\">\r\n\r\n<script src=\"../assets/jquery.min.js\"></script>\r\n<script src=\"../assets/bootstrap.min.js\"></script>\r\n\r\n<script type=\"text/javascript\" src=\"../assets/moment.min.js\"></script>\r\n<script type=\"text/javascript\" src=\"../assets/daterangepicker.min.js\"></script>\r\n<link rel=\"stylesheet\" type=\"text/css\" href=\"../assets/daterangepicker.css\" />\r\n<style>\r\n.custom-par label{\r\npadding:0 15px;\r\n}\r\n.pad_0{\r\npadding:0;\r\n}\r\n.b_table_font tr td {\r\n\tfont: 400 13px 'Open Sans', sans-serif, Arial;\r\n\topacity: 0.8;\r\n\tfont-weight: regular;\r\n\tfont-size: 12px;\r\n\tcolor: #000000;\r\n}\r\n.b_table_font tr th {\r\n\tfont: 400 13px 'Open Sans', sans-serif, Arial;\r\n\topacity: 0.8;\r\n\tfont-weight: regular;\r\n\tfont-size: 12px;\r\n\tcolor: #000000;\r\n}\r\n\r\n.b_open_font {\r\n\tfont: 400 13px 'Open Sans', sans-serif, Arial;\r\n\topacity: 0.8;\r\n\tfont-weight: regular;\r\n\tfont-size: 12px;\r\n\tcolor: #000000;\r\n}\r\n</style>\r\n\r\n</head>\r\n<!-- Head END -->\r\n\r\n<!-- Body BEGIN -->\r\n<body style=\"font: 400 13px 'Open Sans', sans-serif, Arial;\" class=\"corporate\">\r\n<div class=\"main\">\r\n  <div class=\"containerinbody\"> \r\n\r\n  \t<table class=\"col-md-12 col-sm-12 col-xs-12\">\r\n\t\t<tbody class=\"b_table_font\">\r\n\t\t\t<tr>\r\n\t\t\t\t<td><p style=\"font-size: 10px; color: #000000; opacity: 0.45;\">Choose whichever is applicable</p></td>\r\n\t\t\t</tr>\r\n\t\t\t<tr>\r\n\t\t\t\t<td class=\"radio\">\r\n\t\t\t\t\t<label><input type=\"radio\" name=\"optradio\" checked>BMR</label>\r\n\t\t\t\t\t<label style=\"margin-left: 10px;\"><input type=\"radio\" name=\"optradio\">STORE COPY</label>\r\n\t\t\t\t\t<h5 style=\"float: right;\"> \r\n\t\t\t\t\t\t<b style=\"text-align: right;\">BATCH No.: <input style=\"border: hidden;\" type=\"text\" name=\"xxx\" value=\"101618\" readonly></b>\r\n\t\t\t\t\t</h5>\r\n\t\t\t\t</td>\r\n\t\t\t</tr>\t\t\t\r\n\t\t</tbody>\r\n\t</table>\r\n  \r\n    <!-- BEGIN SIDEBAR & CONTENT -->\r\n    <div class=\"row margin-bottom-20 margin_0\" style=\"margin-top:20px;\"> \r\n\t <div class=\"col-md-12 col-sm-12 div1\">\r\n        <div class=\"\"> \r\n\t\t\r\n\t<div> \r\n\t\t<table class=\"table table-bordered\">\r\n\t\t  <thead>\r\n\t\t\t<tr class=\"b_table_font\">\r\n\t\t\t  <td style=\"border-bottom: hidden;\" class=\"col-md-3\" scope=\"col\">Quanitity of Phenoxymethylpenicillin Potassium (consignment 2) to be dispensed</td>\r\n\t\t\t  <th class=\"col-md-2\" scope=\"col\">Calculated by (Production)</th>\r\n\t\t\t  <th class=\"col-md-2\" scope=\"col\">Verified by (IPQA))</th>\r\n\t\t\t</tr>\r\n\t\t  </thead>\r\n\t\t  <tbody class=\"b_table_font\">\r\n\t\t\t<tr>\r\n\t\t\t   <td style=\"text-align: center;\">\r\n\t\t\r\n\t\t<div> \r\n\t\t<div class=\"col-md-2 col-sm-2 col-xs-2 pad pad_0 text-right\">\r\n\t\t<label>B = </label>\r\n\t\t<span>415.770 - </span> \r\n\t\t</div>\r\n\t\t<div class=\"col-md-5 col-sm-5 col-xs-5 pad_0 text-left\">\r\n\t\t\t<p class=\"text-center custom-par-2\" style=\"border-bottom: 1px solid;\">\r\n\t\t\t<label>Wt of A x % Purity of A)x <br>{100-%w/wwater content} </label> </p>\r\n\t\t\t<p class=\"text-center custom-par-2\">\r\n\t\t\t<label>100x100 </label> </p>\r\n\t\t</div>\r\n\t\t<div class=\"col-md-1 col-sm-1 col-xs-1 pad_0 text-center\"><span> x </span> </div>\r\n\t\t<div class=\"col-md-4 col-sm-4 col-xs-4\">\r\n\t\t\t<p class=\"text-center custom-par-2\" style=\"border-bottom: 1px solid;\">\r\n\t\t\t<label>100 </label> </p>\r\n\t\t\t<p class=\"text-center custom-par-2\">\r\n\t\t\t<label>Purity of B x 100- %w/w water content </label> </p>\r\n\t\t</div>\r\n\t\t</div>\r\n\t\t\r\n\t\t\r\n\t\t<div> \r\n\t\t<div class=\"col-md-2 col-sm-2 col-xs-2 pad pad_0 text-right\">\r\n\t\t<span>415.770 - </span> \r\n\t\t</div>\r\n\t\t<div class=\"col-md-5 col-sm-5 col-xs-5 pad_0 text-left\">\r\n\t\t\t<p class=\"text-center custom-par-2\" style=\"border-bottom: 1px solid;\">\r\n\t\t\t<label>(<input style=\"width: 10%; text-align: center; border: none;\" type=\"text\" placeholder=\"50\"/><img src=\"widgets/customCalForm2/assets/img/Keyboard_small.svg\"/> x <input style=\"width: 10%; text-align: center; border: none;\" type=\"text\" placeholder=\"99\"/><img src=\"widgets/customCalForm2/assets/img/Keyboard_small.svg\"/>x<input style=\"width: 20%; text-align: center; border: none;\" type=\"text\" placeholder=\"100-5\"/><img src=\"widgets/customCalForm2/assets/img/Keyboard_small.svg\"/>) </label> </p>\r\n\t\t\t<p class=\"text-center custom-par-2\">\r\n\t\t\t<label>100x100 </label> </p>\r\n\t\t</div>\r\n\t\t<div class=\"col-md-1 col-sm-1 col-xs-1 pad_0 text-center\"><span> x </span> </div>\r\n\t\t<div class=\"col-md-4 col-sm-4 col-xs-4\">\r\n\t\t\t<p class=\"text-center custom-par-2\" style=\"border-bottom: 1px solid;\">\r\n\t\t\t<label>100 </label> </p>\r\n\t\t\t<p class=\"text-center custom-par-2\">\r\n\t\t\t<label><input style=\"border: none; width: 50%; text-align: center;\" type=\"text\" placeholder=\"99 x 100-5\"/><img src=\"widgets/customCalForm2/assets/img/Keyboard_small.svg\"/></label> </p>\r\n\t\t</div>\r\n\t\t</div>\r\n\t\t\r\n\t\t<div> <p> <span>= </span> &nbsp; <input style=\"width: 10%; border: none; text-align: center;\" type=\"text\" placeholder=\"3.9207\"/> Kgs * </div>\r\n\t\t\t   </td>\r\n\t\t\t<td style=\"text-align: center; padding-top: 80px;\"><input style=\"border: none;\" type=\"text\"/><img src=\"widgets/customCalForm2/assets/img/Signature_Icon.svg\" style=\"float: right;\"></td>\r\n\t\t    <td style=\"text-align: center; padding-top: 80px;\"><input style=\"border: none;\" type=\"text\"/><img src=\"widgets/customCalForm2/assets/img/Signature_Icon.svg\" style=\"float: right;\"></td>\r\n           \r\n\t      </tr>\r\n\t\t\r\n\t</tbody>\r\n\t</table>\r\n\t\r\n\t</div>\r\n\t<div class=\"text-sec b_open_font\"> \r\n\t<p>Total Quantity of Phenoxymethylpenicillin Potassium to dispensed (T) = A + B =\r\n\t\t<label style=\"width: 5%;\"><input style=\"width: 100%; border: none;\" type=\"text\" placeholder=\"50\"/></label> + \r\n\t\t<label style=\"width: 5%;\"><input style=\"width: 100%; border: none;\" type=\"text\" placeholder=\"3.9207\"/></label> = \r\n\t\t<label style=\"width: 5%;\"><input style=\"width: 100%; border: none;\" type=\"text\" placeholder=\"53.9207\"/></label>Kgs. </p>\r\n\t\t</div>\r\n\t\t\r\n\t<div>\r\n\t<br>\r\n\t<h5 style=\"font-weight: 14px bold;\" class=\"title\"><strong>3.6 CALCULATION: 3 Calculation of Maize Starch Quantity required for batch</strong></h5>\r\n\t\t<table class=\"table table-bordered\">\r\n\t\t  <thead>\r\n\t\t\t<tr class=\"b_table_font\">\r\n\t\t\t<td style=\"border-bottom: hidden;\" class=\"col-md-3\" scope=\"col\">Quanitity of Maize Starch to be weighed</td>\r\n\t\t\t  <th class=\"col-md-2\" scope=\"col\">Calculated by (Production)</th>\r\n\t\t\t  <th class=\"col-md-2\">Verified by (IPQA))</th>\r\n\t\t\t</tr>\r\n\t\t  </thead>\r\n\t\t  <tbody class=\"b_table_font\">\r\n\t\t\t<tr>\r\n\t\t\t   <td style=\"text-align: center;\">\r\n\t\t\r\n\t\t<div> \r\n\t\t<div class=\"col-md-3 col-sm-3 col-xs-3 pad pad_0 text-right\">\r\n\t\t<center><label>&nbsp;&nbsp; C </label></center>\r\n\t\t\r\n\t\t\r\n\t\t</div>\r\n\t\t<div class=\"col-md-5 col-sm-5 col-xs-5 pad pad_0 text-right\">\r\n\t\t<center><label>= 480.00 - </label></center>\r\n\t\t\r\n\t\t\r\n\t\t</div>\r\n\t\t<div class=\"col-md-4 col-sm-4 col-xs-4 pad_0 text-left\">\r\n\t\t<p class=\"text-center custom-par-2\">\r\n\t\t<center><label>[T + 23.73] </label> </p></center>\r\n\t\t</div>\r\n\t\t</div>\r\n\t\t\r\n\t\t<div class=\"row margin_0\"> \r\n\t\t<div class=\"col-md-3 col-sm-3 col-xs-3 pad pad_0 text-right\">\r\n\t\t<label>&nbsp;</label>\r\n\t\t\r\n\t\t\r\n\t\t</div>\r\n\t\t<div class=\"col-md-5 col-sm-5 col-xs-5 pad pad_0 text-right\">\r\n\t\t<center><label>= 480.00 - </label></center>\r\n\t\t\r\n\t\t\r\n\t\t</div>\r\n\t\t<div class=\"col-md-4 col-sm-4 col-xs-4 pad_0 text-left\">\r\n\t\t<center><p class=\"text-center custom-par-2\">\r\n\t\t\t <label>[<input style=\"width: 30%; border: none;\" type=\"text\" placeholder=\"53.9207\"/><img src=\"widgets/customCalForm2/assets/img/Keyboard_small.svg\" /> + 23.73] </label> </p>\r\n\t\t</center>\t\r\n\t\t</div>\r\n\t\t\r\n\t\t\r\n\t\t</div>\r\n\t\t\r\n\t\t<div class=\"row margin_0\"> \r\n\t\t<div class=\"col-md-3 col-sm-3 col-xs-3 pad pad_0 text-right\">\r\n\t\t<center><label>&nbsp;</label></center>\r\n\t\t\r\n\t\t\r\n\t\t</div>\r\n\t\t<div class=\"col-md-5 col-sm-5 col-xs-5 pad pad_0 text-right\">\r\n\t\t<center><label>= <input style=\"width: 30%; border: none;\" type=\"text\" placeholder=\"402.3492\"/> Kgs </label></center>\r\n\t\t\r\n\t\t\r\n\t\t</div>\r\n\t\t<div class=\"col-md-4 col-sm-4 col-xs-4 pad_0 text-left\">\r\n\t\t<center><label>&nbsp;</label></center>\r\n\t\t</div>\r\n\t\t\r\n\t\t\r\n\t\t</div>\r\n\r\n\t\t\t   </td>\r\n\t\t\t<td style=\"text-align: center; padding-top: 50px;\"><input style=\"border: none;\" type=\"text\"/><img src=\"widgets/customCalForm2/assets/img/Signature_Icon.svg\" style=\"float: right;\"></td>\r\n\t\t    <td style=\"text-align: center; padding-top: 50px;\"><input style=\"border: none;\" type=\"text\"/><img src=\"widgets/customCalForm2/assets/img/Signature_Icon.svg\" style=\"float: right;\"></td>\r\n           \r\n\t      </tr>\r\n\t\t\r\n\t</tbody>\r\n\t</table>\r\n\t\r\n\t</div>\r\n\t<div class=\"text-sec\"> \r\n\t<p>Where 480.00 kg is the standard quantity of  Phenoxymethylpenicillin Potassium required for standard  batch size</p>\r\n\t<p>Where T is Total Quantity of Phenoxymethylpenicillin Potassium arrived either by Calculation 1 or Calculation 2</p>\r\n\t<p>Where 23.73 is the Total Quantity of excipients(Except Maize Starch) </p>\r\n\t<strong> Note - Maize starch to be dried </strong>\r\n\t</div>\r\n\t\r\n\t\r\n\t\r\n\t\r\n\t</div>\r\n\t<div class=\"col-md-12 col-sm-12 div1\" style=\" border-top: 1px solid #ccc; padding:0px; margin-top: 10%;\">\r\n\t\t\t<table class=\"table table-bordered\">\r\n\t\t\t  <thead class=\"b_table_font\">\r\n\t\t\t\t<tr>\r\n\t\t\t\t  <th style=\"text-align: left;\" class=\"col-md-1\" scope=\"col\">Signatory</th>\r\n\t\t\t\t  <th style=\"text-align: center;\" class=\"col-md-2\" scope=\"col\">Prepared By</th>\r\n\t\t\t\t  <th style=\"text-align: center;\" class=\"col-md-2\" scope=\"col\">Checked By</th>\t  \r\n\t\t\t\t  <th style=\"text-align: center;\" class=\"col-md-2\" scope=\"col\">Approved By</th>\r\n\t\t\t\t  <th style=\"text-align: center; border-bottom: hidden;\" class=\"col-md-2\" scope=\"col\"> </th>\r\n\t\t\t\t</tr>\r\n\t\t\t  </thead>\r\n\t\t\t  <tbody class=\"b_table_font\">\r\n\t\t\t\t<tr>\r\n\t\t\t\t  <td scope=\"row\">Signature</td>\r\n\t\t\t\t  <td><input style=\"border: none;\" type=\"text\" id=\"cal2PrpBy\" ng-model=\"properties.cal2PrpBy\" name=\"{{ctrl.cal2PrpBy}}\"/><img data-toggle=\"modal\" data-target=\"#myModal_preparedby\" src=\"widgets/customCalForm2/assets/img/Signature_Icon.svg\" style=\"float: right;\"></td>\r\n\t\t\t\t  <td><input style=\"border: none;\" type=\"text\" id=\"cal2RvBy\" ng-model=\"properties.cal2RvBy\" name=\"{{ctrl.cal2RvBy}}\"/><img data-toggle=\"modal\" data-target=\"#myModal_checkedby\" src=\"widgets/customCalForm2/assets/img/Signature_Icon.svg\" style=\"float: right;\"></td>\r\n\t\t\t\t  <td><input style=\"border: none;\" type=\"text\" id=\"cal2ApBy\" ng-model=\"properties.cal2ApBy\" name=\"{{ctrl.cal2ApBy}}\"/><img data-toggle=\"modal\" data-target=\"#myModal_approvedby\" src=\"widgets/customCalForm2/assets/img/Signature_Icon.svg\" style=\"float: right;\"></td>\r\n\t\t\t\t  <td style=\"border-bottom: hidden;\"></td>\r\n\t\t\t\t</tr>\r\n\t\t\t\t<tr>\r\n\t\t\t\t  <td scope=\"row\">Date</td>\r\n\t\t\t\t  <td><input style=\"border: none;\" type=\"text\" id=\"cal2PrpDt\" ng-model=\"properties.cal2PrpDt\" name=\"{{ctrl.cal2PrpDt}}\"/><img name=\"calender_preparedby\" src=\"widgets/customCalForm2/assets/img/Calendar_Icon.svg\" style=\"float: right;\"></td>\r\n\t\t\t\t  <td><input style=\"border: none;\" type=\"text\" id=\"cal2RvDt\" ng-model=\"properties.cal2RvDt\" name=\"{{ctrl.cal2RvDt}}\"/><img name=\"calender_checkby\" src=\"widgets/customCalForm2/assets/img/Calendar_Icon.svg\" style=\"float: right;\"></td>\r\n\t\t\t\t  <td><input style=\"border: none;\" type=\"text\" id=\"cal2ApDt\" ng-model=\"properties.cal2ApDt\" name=\"{{ctrl.cal2ApDt}}\"/><img name=\"calender_approvedby\" src=\"widgets/customCalForm2/assets/img/Calendar_Icon.svg\" style=\"float: right;\"></td>\r\n\t\t\t\t  <td></td>\r\n\t\t\t\t</tr>\r\n\t\t\t  </tbody>\r\n\t\t\t</table>    \r\n\t\t  <!-- END FORM--> \r\n\t\t  <!-- END INFO BLOCK --> \r\n\t\t</div>\r\n\t\t</div>\r\n\t</div>\r\n\t</div>\r\n\t</div>\r\n\r\n\r\n\r\n  <!-- END CONTENT --> \r\n</div>\r\n\r\n\r\n</body>\r\n<!-- END BODY -->\r\n</html>",
  "controller" : "/**\n * The controller is a JavaScript function that augments the AngularJS scope and exposes functions that can be used in the custom widget template\n * \n * Custom widget properties defined on the right can be used as variables in a controller with $scope.properties\n * To use AngularJS standard services, you must declare them in the main function arguments.\n * \n * You can leave the controller empty if you do not need it.\n */\nfunction $scope() {\n$(function() {\n  $('img[name=\"calender_preparedby\"]').daterangepicker({\n    singleDatePicker: true,\n    showDropdowns: true,\n  });\n});\n\n$(function() {\n  $('img[name=\"calender_checkby\"]').daterangepicker({\n    singleDatePicker: true,\n    showDropdowns: true,\n  });\n});\n\n$(function() {\n  $('img[name=\"calender_approvedby\"]').daterangepicker({\n    singleDatePicker: true,\n    showDropdowns: true,\n  });\n});\n\n}",
  "custom" : true,
  "properties" : [ {
    "label" : "cal2PrpBy",
    "name" : "cal2PrpBy",
    "type" : "text",
    "bond" : "variable"
  }, {
    "label" : "cal2PrpDt",
    "name" : "cal2PrpDt",
    "type" : "text",
    "bond" : "variable"
  }, {
    "label" : "cal2RvBy",
    "name" : "cal2RvBy",
    "type" : "text",
    "bond" : "variable"
  }, {
    "label" : "cal2RvDt",
    "name" : "cal2RvDt",
    "type" : "text",
    "bond" : "variable"
  }, {
    "label" : "cal2ApBy",
    "name" : "cal2ApBy",
    "type" : "text",
    "bond" : "variable"
  }, {
    "label" : "cal2ApDt",
    "name" : "cal2ApDt",
    "type" : "text",
    "bond" : "variable"
  } ],
  "assets" : [ {
    "id" : "15f236e2-8bd2-4fb0-bae1-06e542dfea90",
    "name" : "font-awesome.min.css",
    "type" : "css",
    "order" : 11,
    "external" : false
  }, {
    "id" : "ff8b0062-1a26-40d5-a496-8fc9e7219b62",
    "name" : "jquery.min.js",
    "type" : "js",
    "order" : 6,
    "external" : false
  }, {
    "id" : "0f8e2be2-35ef-4522-a212-97a7dfc263d9",
    "name" : "components.css",
    "type" : "css",
    "order" : 9,
    "external" : false
  }, {
    "id" : "f6393c39-d4ea-4b42-8285-caae5acb0236",
    "name" : "Keyboard_small.svg",
    "type" : "img",
    "order" : 2,
    "external" : false
  }, {
    "id" : "047b289c-673e-4e69-a674-1a2e40d35c9f",
    "name" : "indexmain.css",
    "type" : "css",
    "order" : 12,
    "external" : false
  }, {
    "id" : "2606b9fc-b8b1-4e84-b9c0-93e53140152f",
    "name" : "bootstrap.min.css",
    "type" : "css",
    "order" : 8,
    "external" : false
  }, {
    "id" : "bf99ff23-4122-4bed-b0da-c6d3dc813aec",
    "name" : "daterangepicker.min.js",
    "type" : "js",
    "order" : 5,
    "external" : false
  }, {
    "id" : "bd55e713-8573-4bb2-a74f-3e4f0c032dfd",
    "name" : "daterangepicker.css",
    "type" : "css",
    "order" : 10,
    "external" : false
  }, {
    "id" : "236d55d3-7752-4599-8561-bd4d8c83cb6a",
    "name" : "style.css",
    "type" : "css",
    "order" : 13,
    "external" : false
  }, {
    "id" : "4762798a-b1dd-445c-8cc1-b298f1e2eec3",
    "name" : "Signature_Icon.svg",
    "type" : "img",
    "order" : 3,
    "external" : false
  }, {
    "id" : "48f6d5cf-696e-45cc-a0c3-1ef1b046db57",
    "name" : "moment.min.js",
    "type" : "js",
    "order" : 7,
    "external" : false
  }, {
    "id" : "0bed0f42-a0c8-4bed-ab1f-3f34547be379",
    "name" : "Calendar_Icon.svg",
    "type" : "img",
    "order" : 1,
    "external" : false
  }, {
    "id" : "9d6a1d39-83c4-451e-bff7-2de29c3074df",
    "name" : "bootstrap.min.js",
    "type" : "js",
    "order" : 4,
    "external" : false
  } ],
  "requiredModules" : [ ],
  "type" : "widget",
  "hasHelp" : false
}