{
  "designerVersion" : "1.7.69",
  "id" : "CalForm1",
  "name" : "CalForm1",
  "lastUpdate" : 1539770224262,
  "rows" : [ [ {
    "type" : "container",
    "dimension" : {
      "xs" : 12
    },
    "propertyValues" : {
      "cssClasses" : {
        "type" : "constant",
        "value" : ""
      },
      "hidden" : {
        "type" : "constant",
        "value" : false
      },
      "repeatedCollection" : {
        "type" : "variable",
        "value" : ""
      }
    },
    "reference" : "36bcf9fe-2d6d-4ddd-ad65-86272667f234",
    "id" : "pbContainer",
    "rows" : [ [ {
      "type" : "component",
      "dimension" : {
        "xs" : 12
      },
      "propertyValues" : {
        "cssClasses" : {
          "type" : "constant",
          "value" : ""
        },
        "hidden" : {
          "type" : "constant",
          "value" : false
        },
        "cal1PrpBy" : {
          "type" : "variable",
          "value" : "cal1PrepBy.value"
        },
        "cal1PrpDt" : {
          "type" : "variable",
          "value" : "cal1PrepDt.value"
        },
        "cal1RvBy" : {
          "type" : "variable",
          "value" : "cal1RevBy.value"
        },
        "cal1RvDt" : {
          "type" : "variable",
          "value" : "cal1RevDt.value"
        },
        "cal1ApBy" : {
          "type" : "variable",
          "value" : "cal1AppBy.value"
        },
        "cal1ApDt" : {
          "type" : "variable",
          "value" : "cal1AppDt.value"
        },
        "arNmbrofCal1" : {
          "type" : "variable",
          "value" : "arNumberofCal1.value"
        },
        "prtyofCal1" : {
          "type" : "variable",
          "value" : "purityofCal1.value"
        },
        "perWtrcontentCal1" : {
          "type" : "variable",
          "value" : "perWatercontentCal1.value"
        },
        "ptncyCal1" : {
          "type" : "variable",
          "value" : "potencyCal1.value"
        },
        "wtrContentOfCal1" : {
          "type" : "variable",
          "value" : "waterContentOfCal1.value"
        },
        "avlblQtyCal1" : {
          "type" : "variable",
          "value" : "availableQtyCal1.value"
        },
        "rsltCal1" : {
          "type" : "variable",
          "value" : "resultCal1.value"
        },
        "ar1" : {
          "type" : "variable",
          "value" : "111"
        },
        "ar2" : {
          "type" : "variable",
          "value" : "111"
        },
        "watercon1" : {
          "type" : "variable",
          "value" : "5"
        },
        "watercon2" : {
          "type" : "variable",
          "value" : "5"
        },
        "purity1" : {
          "type" : "variable",
          "value" : "95"
        },
        "purity2" : {
          "type" : "variable",
          "value" : "95"
        }
      },
      "reference" : "31fbbc8b-2ea9-431e-82b8-f7d08cf2ab3e",
      "id" : "customCalForm1"
    } ], [ {
      "type" : "component",
      "dimension" : {
        "xs" : 12
      },
      "propertyValues" : {
        "cssClasses" : {
          "type" : "constant",
          "value" : ""
        },
        "hidden" : {
          "type" : "constant",
          "value" : false
        },
        "disabled" : {
          "type" : "constant",
          "value" : false
        },
        "label" : {
          "type" : "interpolation",
          "value" : "Next"
        },
        "alignment" : {
          "type" : "constant",
          "value" : "center"
        },
        "buttonStyle" : {
          "type" : "constant",
          "value" : "success"
        },
        "action" : {
          "type" : "constant",
          "value" : "Submit task"
        },
        "url" : {
          "type" : "interpolation"
        },
        "dataToSend" : {
          "type" : "expression",
          "value" : "formOutput"
        },
        "dataFromSuccess" : {
          "type" : "variable",
          "value" : ""
        },
        "dataFromError" : {
          "type" : "variable",
          "value" : ""
        },
        "targetUrlOnSuccess" : {
          "type" : "interpolation"
        },
        "collectionToModify" : {
          "type" : "variable"
        },
        "collectionPosition" : {
          "type" : "constant",
          "value" : "Last"
        },
        "valueToAdd" : {
          "type" : "constant"
        },
        "removeItem" : {
          "type" : "variable"
        }
      },
      "reference" : "f5b99c54-b32d-4671-b910-f055cb4a849a",
      "id" : "pbButton"
    } ] ]
  } ] ],
  "assets" : [ {
    "id" : "89c63fb1-6b35-4d5b-beed-a1406a50c5db",
    "name" : "style.css",
    "type" : "css",
    "order" : 0,
    "external" : false
  } ],
  "inactiveAssets" : [ ],
  "data" : {
    "caseId" : {
      "type" : "expression",
      "value" : "return $data.taskJSON.parentCaseId;",
      "exposed" : false
    },
    "context" : {
      "type" : "url",
      "value" : "../API/bpm/userTask/{{taskId}}/context",
      "exposed" : false
    },
    "formOutput" : {
      "type" : "expression",
      "value" : "return {'username':$data.userAPI.user_name};",
      "exposed" : false
    },
    "task" : {
      "type" : "url",
      "value" : "../API/bpm/userTask/{{taskId}}",
      "exposed" : false
    },
    "taskId" : {
      "type" : "urlparameter",
      "value" : "id",
      "exposed" : false
    },
    "taskJSON" : {
      "type" : "url",
      "value" : "../API/bpm/task/{{taskId}}",
      "exposed" : false
    },
    "userAPI" : {
      "type" : "url",
      "value" : "../API/system/session/unusedid",
      "exposed" : false
    },
    "cal1PrepBy" : {
      "type" : "url",
      "value" : "../API/bpm/caseVariable/{{caseId}}/cal1PrepBy",
      "exposed" : false
    },
    "cal1PrepDt" : {
      "type" : "url",
      "value" : "../API/bpm/caseVariable/{{caseId}}/cal1PrepDt",
      "exposed" : false
    },
    "cal1RevBy" : {
      "type" : "url",
      "value" : "../API/bpm/caseVariable/{{caseId}}/cal1RevBy",
      "exposed" : false
    },
    "cal1RevDt" : {
      "type" : "url",
      "value" : "../API/bpm/caseVariable/{{caseId}}/cal1RevDt",
      "exposed" : false
    },
    "cal1AppBy" : {
      "type" : "url",
      "value" : "../API/bpm/caseVariable/{{caseId}}/cal1AppBy",
      "exposed" : false
    },
    "cal1AppDt" : {
      "type" : "url",
      "value" : "../API/bpm/caseVariable/{{caseId}}/cal1AppDt",
      "exposed" : false
    },
    "arNumberofCal1" : {
      "type" : "url",
      "value" : "../API/bpm/caseVariable/{{caseId}}/arNumberofCal1",
      "exposed" : false
    },
    "purityofCal1" : {
      "type" : "url",
      "value" : "../API/bpm/caseVariable/{{caseId}}/purityofCal1",
      "exposed" : false
    },
    "perWatercontentCal1" : {
      "type" : "url",
      "value" : "../API/bpm/caseVariable/{{caseId}}/perWatercontentCal1",
      "exposed" : false
    },
    "potencyCal1" : {
      "type" : "url",
      "value" : "../API/bpm/caseVariable/{{caseId}}/potencyCal1",
      "exposed" : false
    },
    "waterContentOfCal1" : {
      "type" : "url",
      "value" : "../API/bpm/caseVariable/{{caseId}}/waterContentOfCal1",
      "exposed" : false
    },
    "availableQtyCal1" : {
      "type" : "url",
      "value" : "../API/bpm/caseVariable/{{caseId}}/availableQtyCal1",
      "exposed" : false
    },
    "resultCal1" : {
      "type" : "url",
      "value" : "../API/bpm/caseVariable/{{caseId}}/resultCal1",
      "exposed" : false
    }
  },
  "uuid" : "4ee3dda9-bb98-4efc-8232-1a1791a9bfcb",
  "type" : "form"
}