{
  "designerVersion" : "1.7.69",
  "id" : "IndentOfAPIForm",
  "name" : "IndentOfAPIForm",
  "lastUpdate" : 1539681911952,
  "rows" : [ [ {
    "type" : "container",
    "dimension" : {
      "xs" : 12
    },
    "propertyValues" : {
      "cssClasses" : {
        "type" : "constant",
        "value" : ""
      },
      "hidden" : {
        "type" : "constant",
        "value" : false
      },
      "repeatedCollection" : {
        "type" : "variable",
        "value" : ""
      }
    },
    "reference" : "e4a3a226-374f-45ef-8a3c-68087330d056",
    "id" : "pbContainer",
    "rows" : [ [ {
      "type" : "component",
      "dimension" : {
        "xs" : 12
      },
      "propertyValues" : {
        "cssClasses" : {
          "type" : "constant",
          "value" : ""
        },
        "hidden" : {
          "type" : "constant",
          "value" : false
        },
        "indentAPIPrpBy" : {
          "type" : "variable",
          "value" : "indentAPIPrepBy.value"
        },
        "indentAPIPrpDt" : {
          "type" : "variable",
          "value" : "indentAPIPrepDt.value"
        },
        "indentAPIRvBy" : {
          "type" : "variable",
          "value" : "indentAPIRevBy.value"
        },
        "indentAPIRvDt" : {
          "type" : "variable",
          "value" : "indentAPIRevDt.value"
        },
        "indentAPIApBy" : {
          "type" : "variable",
          "value" : "indentAPIAppBy.value"
        },
        "indentAPIApDt" : {
          "type" : "variable",
          "value" : "indentAPIAppDt.value"
        }
      },
      "reference" : "77a7fd0c-9829-4917-a4e3-0e418ae5ebfb",
      "id" : "customIndentForm"
    } ], [ {
      "type" : "component",
      "dimension" : {
        "xs" : 12
      },
      "propertyValues" : {
        "cssClasses" : {
          "type" : "constant",
          "value" : ""
        },
        "hidden" : {
          "type" : "constant",
          "value" : false
        },
        "disabled" : {
          "type" : "constant",
          "value" : false
        },
        "label" : {
          "type" : "interpolation",
          "value" : "Next"
        },
        "alignment" : {
          "type" : "constant",
          "value" : "center"
        },
        "buttonStyle" : {
          "type" : "constant",
          "value" : "success"
        },
        "action" : {
          "type" : "constant",
          "value" : "Submit task"
        },
        "url" : {
          "type" : "interpolation"
        },
        "dataToSend" : {
          "type" : "expression",
          "value" : "formOutput"
        },
        "dataFromSuccess" : {
          "type" : "variable",
          "value" : ""
        },
        "dataFromError" : {
          "type" : "variable",
          "value" : ""
        },
        "targetUrlOnSuccess" : {
          "type" : "interpolation"
        },
        "collectionToModify" : {
          "type" : "variable"
        },
        "collectionPosition" : {
          "type" : "constant",
          "value" : "Last"
        },
        "valueToAdd" : {
          "type" : "constant"
        },
        "removeItem" : {
          "type" : "variable"
        }
      },
      "reference" : "05ba7aa3-e5a4-48ac-9444-37a1430c40d8",
      "id" : "pbButton"
    } ] ]
  } ] ],
  "assets" : [ {
    "id" : "89c63fb1-6b35-4d5b-beed-a1406a50c5db",
    "name" : "style.css",
    "type" : "css",
    "order" : 0,
    "external" : false
  } ],
  "inactiveAssets" : [ ],
  "data" : {
    "caseId" : {
      "type" : "expression",
      "value" : "return $data.taskJSON.parentCaseId;",
      "exposed" : false
    },
    "context" : {
      "type" : "url",
      "value" : "../API/bpm/userTask/{{taskId}}/context",
      "exposed" : false
    },
    "formOutput" : {
      "type" : "expression",
      "value" : "return {'username':$data.userAPI.user_name};",
      "exposed" : false
    },
    "task" : {
      "type" : "url",
      "value" : "../API/bpm/userTask/{{taskId}}",
      "exposed" : false
    },
    "taskId" : {
      "type" : "urlparameter",
      "value" : "id",
      "exposed" : false
    },
    "taskJSON" : {
      "type" : "url",
      "value" : "../API/bpm/task/{{taskId}}",
      "exposed" : false
    },
    "userAPI" : {
      "type" : "url",
      "value" : "../API/system/session/unusedid",
      "exposed" : false
    },
    "indentAPIPrepBy" : {
      "type" : "url",
      "value" : "../API/bpm/caseVariable/{{caseId}}/indentAPIPrepBy",
      "exposed" : false
    },
    "indentAPIPrepDt" : {
      "type" : "url",
      "value" : "../API/bpm/caseVariable/{{caseId}}/indentAPIPrepDt",
      "exposed" : false
    },
    "indentAPIRevBy" : {
      "type" : "url",
      "value" : "../API/bpm/caseVariable/{{caseId}}/indentAPIRevBy",
      "exposed" : false
    },
    "indentAPIRevDt" : {
      "type" : "url",
      "value" : "../API/bpm/caseVariable/{{caseId}}/indentAPIRevDt",
      "exposed" : false
    },
    "indentAPIAppBy" : {
      "type" : "url",
      "value" : "../API/bpm/caseVariable/{{caseId}}/indentAPIAppBy",
      "exposed" : false
    },
    "indentAPIAppDt" : {
      "type" : "url",
      "value" : "../API/bpm/caseVariable/{{caseId}}/indentAPIAppDt",
      "exposed" : false
    }
  },
  "uuid" : "159be8f0-ded9-4916-ac0d-0d427c102e65",
  "type" : "form"
}