{
  "designerVersion" : "1.7.69",
  "id" : "customIndexForm3",
  "name" : "IndexForm3",
  "lastUpdate" : 1539685399692,
  "template" : "<!DOCTYPE html>\r\n<!--[if IE 8]> <html lang=\"en\" class=\"ie8 no-js\"> <![endif]-->\r\n<!--[if IE 9]> <html lang=\"en\" class=\"ie9 no-js\"> <![endif]-->\r\n<!--[if !IE]><!-->\r\n<html lang=\"en\">\r\n<!--<![endif]-->\r\n\r\n<!-- Head BEGIN -->\r\n\r\n<head>\r\n<meta charset=\"utf-8\">\r\n<title>Tetrasoft®  Engineering Professionals</title>\r\n<meta content=\"width=device-width, initial-scale=1.0\" name=\"viewport\">\r\n<meta http-equiv=\"X-UA-Compatible\" content=\"IE=edge,chrome=1\">\r\n\r\n<!-- link to image for socio -->\r\n<link rel=\"shortcut icon\" href=\"../favicon.ico\">\r\n\r\n<!-- Fonts START -->\r\n<link href=\"http://fonts.googleapis.com/css?family=Open+Sans:300,400,600,700|PT+Sans+Narrow|Source+Sans+Pro:200,300,400,600,700,900&amp;subset=all\" rel=\"stylesheet\" type=\"text/css\">\r\n<!-- Fonts END -->\r\n\r\n<!-- Global styles START -->\r\n<link href=\"../assets/font-awesome.min.css\" rel=\"stylesheet\">\r\n<link href=\"../assets/bootstrap.min.css\" rel=\"stylesheet\">\r\n<!-- Global styles END -->\r\n\r\n<!-- Theme styles START -->\r\n<link href=\"../assets/components.css\" rel=\"stylesheet\">\r\n<link href=\"../assets/style.css\" rel=\"stylesheet\">\r\n<link href=\"../assets/indexmain.css\" rel=\"stylesheet\">\r\n\r\n<script src=\"../assets/jquery.min.js\"></script>\r\n<script src=\"../assets/bootstrap.min.js\"></script>\r\n\r\n<script type=\"text/javascript\" src=\"../assets/moment.min.js\"></script>\r\n<script type=\"text/javascript\" src=\"../assets/daterangepicker.min.js\"></script>\r\n<link rel=\"stylesheet\" type=\"text/css\" href=\"../assets/daterangepicker.css\" />\r\n\r\n<style>\r\n\r\n.b_table_font tr td {\r\n\tfont: 400 13px 'Open Sans', sans-serif, Arial;\r\n\topacity: 0.8;\r\n\tfont-weight: regular;\r\n\tfont-size: 12px;\r\n\tcolor: #000000;\r\n}\r\n\r\n.b_table_font tr th {\r\n\tfont: 400 13px 'Open Sans', sans-serif, Arial;\r\n\topacity: 0.8;\r\n\tfont-weight: bold;\r\n\ttext-align: center;\r\n\tfont-size: 12px;\r\n\tcolor: #000000;\r\n}\r\n</style>\r\n\r\n</head>\r\n<!-- Head END -->\r\n\r\n<!-- Body BEGIN -->\r\n<body style=\"overflow-x: hidden; font: 400 13px 'Open Sans', sans-serif, Arial;\" class=\"corporate\">\r\n<div class=\"main\">\r\n  <div class=\"containerinbody\"> \r\n\r\n    <!-- BEGIN SIDEBAR & CONTENT -->\r\n    <div class=\"row margin-bottom-20\" style=\"margin-top:20px;\"> \r\n      <!-- BEGIN CONTENT -->\r\n      \r\n      <div>\r\n        <div class=\"\"> \r\n          <!-- BEGIN INFO BLOCK --> \r\n          <!-- BEGIN FORM-->\r\n          \r\n\t\t<h5 style=\"padding-left: 20px;\" class=\"title\">\r\n\t\t\t<b style=\"text-align: left;\">2.0 INDEX</b> \r\n\t\t\t<b style=\"text-align: right; float: right;\">BATCH No.: <input style=\"border: hidden;\" type=\"text\" name=\"xxx\" value=\"101618\" readonly></b>\r\n\t\t</h5>\r\n\t\t<div class=\"col-md-6\">  \r\n\t\t<table class=\"table table-bordered\">\r\n\t\t  <thead class=\"b_table_font\">\r\n\t\t\t<tr>\r\n\t\t\t  <th class=\"col-md-1\" scope=\"col\">S.NO.</th>\r\n\t\t\t  <th class=\"col-md-9\" scope=\"col\">CONTENTS</th>\r\n\t\t\t  <th class=\"col-md-2\" scope=\"col\">PAGE NO.</th>\r\n\t\t\t</tr>\r\n\t\t  </thead>\r\n\t\t  <tbody class=\"b_table_font\">\r\n\t\t\t<tr>\r\n    <td style=\"text-align: center;\" scope=\"row\">41.9</td>\r\n    <td>In process checks for film coated tablet (20 Tablets In mg) (Lot&mdash;I) &mdash; IPQA</td>\r\n    <td style=\"text-align: center;\">98</td>\r\n\t</tr>\r\n\t<tr>\r\n    <td style=\"text-align: center;\" scope=\"row\">41.10</td>\r\n    <td>In process checks for film coated tablet (20 Tablets In mg) (Lot &mdash; II) &mdash; IPQA</td>\r\n    <td style=\"text-align: center;\">98</td>\r\n\t</tr>\r\n   <tr>\r\n    <td style=\"text-align: center;\" scope=\"row\">41.11</td>\r\n    <td>In process checks for film coated tablet (20 Tablets In mg) (Lot &mdash; III) &mdash; IPQA</td>\r\n    <td style=\"text-align: center;\">99</td>\r\n\t</tr> \r\n  \t<tr>\r\n    <td style=\"text-align: center;\" scope=\"row\">41.12</td>\r\n    <td>In process checks for film coated tablet (20 Tablets In mg) (Lot &mdash; IV) &mdash; IPQA</td>\r\n    <td style=\"text-align: center;\">99</td>\r\n\t</tr>\r\n  \t<tr>\r\n    <td style=\"text-align: center;\" scope=\"row\">41.13</td>\r\n    <td>In process checks for film coated tablet (20 Tablets In mg) (Lot &mdash; V) &mdash; IPQA</td>\r\n    <td style=\"text-align: center;\">100</td>\r\n\t\r\n  </tr>\r\n  <tr>\r\n    <td style=\"text-align: center;\" scope=\"row\">41.14</td>\r\n    <td>In process checks for film coated tablet (20 Tablets In mg) (Lot &mdash; VI) &mdash; IPQA</td>\r\n    <td style=\"text-align: center;\">100</td>\r\n\t\r\n  </tr>\r\n   <tr>\r\n    <td style=\"text-align: center;\" scope=\"row\">41.15</td>\r\n    <td>In process checks for film coated tablet (20 Tablets In mg) (Lot &mdash; VII) &mdash; IPQA</td>\r\n    <td style=\"text-align: center;\">101</td>\r\n\t\r\n  </tr>\r\n  \t<tr>\r\n    <td style=\"text-align: center;\" scope=\"row\">41.16</td>\r\n    <td>In process checks for film coated tablet (20 Tablets In mg) (Lot &mdash; VIII) &mdash; IPQA</td>\r\n    <td style=\"text-align: center;\">101</td>\r\n\t\r\n  </tr>\r\n  \t\r\n  <tr>\r\n    <td style=\"text-align: center;\" scope=\"row\">41.17</td>\r\n    <td>Weighing Record of coated tablets</td>\r\n    <td style=\"text-align: center;\">102</td>\r\n\t\r\n  </tr>\r\n   \r\n    <tr>\r\n    <td style=\"text-align: center;\" scope=\"row\">42.0</td>\r\n    <td>Test Request Form for Coated Tablet</td>\r\n    <td style=\"text-align: center;\">103</td>\r\n\t\r\n  </tr>\r\n  \t<tr>\r\n    <td style=\"text-align: center;\" scope=\"row\">43.0</td>\r\n    <td>Initial Checks for Inspection of Coated Tablet</td>\r\n    <td style=\"text-align: center;\">104</td>\r\n\t\r\n  </tr>\r\n\t\r\n\t\t\t\r\n\t\t  </tbody>\r\n\t\t</table>\r\n\t\t</div>\r\n\t\t\r\n\t\t<div class=\"col-md-6\">  \r\n\t\t<table class=\"table table-bordered\">\r\n\t\t  <thead class=\"b_table_font\">\r\n\t\t\t<tr>\r\n\t\t\t  <th class=\"col-md-1\" scope=\"col\">S.NO.</th>\r\n\t\t\t  <th class=\"col-md-9\" scope=\"col\">CONTENTS</th>\r\n\t\t\t  <th class=\"col-md-2\" scope=\"col\">PAGE NO.</th>\r\n\t\t\t</tr>\r\n\t\t  </thead>\r\n\t\t  <tbody class=\"b_table_font\">\r\n\t\t\t\t\t<tr>\r\n   \r\n\t<td style=\"text-align: center;\" scope=\"row\">43.1</td>\r\n    <td>Environmental Conditions</td>\r\n    <td style=\"text-align: center;\">104</td>\r\n  </tr>\r\n <tr>\r\n   \r\n\t<td style=\"text-align: center;\" scope=\"row\">43.2</td>\r\n    <td>Approval for Inspection of Coated Tablet</td>\r\n    <td style=\"text-align: center;\">104</td>\r\n  </tr>\r\n   <tr>\r\n    \r\n\t<td style=\"text-align: center;\" scope=\"row\">43.3</td>\r\n    <td>Coated Tablet Inspection</td>\r\n    <td style=\"text-align: center;\">105</td>\r\n  </tr> \r\n  \t<tr>\r\n   \r\n\t<td style=\"text-align: center;\" scope=\"row\">43.4</td>\r\n    <td>Coated Tablet Visual Inspection Record</td>\r\n    <td style=\"text-align: center;\">105</td>\r\n  </tr>\r\n  \t<tr>\r\n   \r\n\t<td style=\"text-align: center;\" scope=\"row\">43.5</td>\r\n    <td>Weighing Record of Inspection Coated Tablets</td>\r\n    <td style=\"text-align: center;\">106</td>\r\n  </tr>\r\n  <tr>\r\n   \r\n\t<td style=\"text-align: center;\" scope=\"row\">44.0</td>\r\n    <td>Reconciliation (Coating Stage)</td>\r\n    <td style=\"text-align: center;\">107</td>\r\n  </tr>\r\n   <tr>\r\n    \r\n\t<td style=\"text-align: center;\" scope=\"row\">45.0</td>\r\n    <td>Batch Reconciliation</td>\r\n    <td style=\"text-align: center;\">108</td>\r\n  </tr>\r\n  \t<tr>\r\n    \r\n\t<td style=\"text-align: center;\" scope=\"row\">46.0</td>\r\n    <td>Released for Packing</td>\r\n    <td style=\"text-align: center;\">108</td>\r\n  </tr>\r\n  \t\r\n  <tr>\r\n  \r\n\t<td style=\"text-align: center;\" scope=\"row\">47.0</td>\r\n    <td>Process Interruption Report</td>\r\n    <td style=\"text-align: center;\">109</td>\r\n  </tr>\r\n   \r\n    <tr>\r\n    \r\n\t<td style=\"text-align: center;\" scope=\"row\">48.0</td>\r\n    <td>Process History Sheet</td>\r\n    <td style=\"text-align: center;\">110</td>\r\n  </tr>\r\n  \t<tr>\r\n \r\n\t<td style=\"text-align: center;\" scope=\"row\">49.0</td>\r\n    <td>Check List for Batch Manufacturing Record and Release for Packing</td>\r\n    <td style=\"text-align: center;\">111</td>\r\n  </tr>\r\n  \r\n\t\t\r\n\t\t  </tbody>\r\n\t\t</table>\r\n\t\t</div>\r\n      <!-- END FORM--> \r\n      <!-- END INFO BLOCK --> \r\n    </div>\r\n\r\n  </div>\r\n  <!-- END CONTENT --> \r\n</div>\r\n</div>\r\n\r\n\r\n\t<div class=\"containerinbody\"> \r\n\t  <div class=\"\" style=\"margin-top:20px;\"> \r\n\t\t<div>\r\n\t\t\t<table class=\"table table-bordered\">\r\n\t\t\t  <thead class=\"b_table_font\">\r\n\t\t\t\t<tr>\r\n\t\t\t\t  <th style=\"text-align: left;\" class=\"col-md-1\" scope=\"col\">Signatory</th>\r\n\t\t\t\t  <th style=\"text-align: center;\" class=\"col-md-2\" scope=\"col\">Prepared By</th>\r\n\t\t\t\t  <th style=\"text-align: center;\" class=\"col-md-2\" scope=\"col\">Checked By</th>\t  \r\n\t\t\t\t  <th style=\"text-align: center;\" class=\"col-md-2\" scope=\"col\">Approved By</th>\r\n\t\t\t\t  <th style=\"text-align: center; border-bottom: hidden;\" class=\"col-md-2\" scope=\"col\"> </th>\r\n\t\t\t\t</tr>\r\n\t\t\t  </thead>\r\n\t\t\t  <tbody class=\"b_table_font\">\r\n\t\t\t\t<tr>\r\n\t\t\t\t  <td scope=\"row\">Signature</td>\r\n\t\t\t\t  <td><input style=\"border: none;\" type=\"text\" id=\"index3PrpBy\" ng-model=\"properties.index3PrpBy\" name=\"{{ctrl.index3PrpBy}}\"/><img data-toggle=\"modal\" data-target=\"#myModal_preparedby\" src=\"widgets/customIndexForm3/assets/img/Signature_Icon.svg\" style=\"float: right;\"></td>\r\n\t\t\t\t  <td><input style=\"border: none;\" type=\"text\" id=\"index3RvBy\" ng-model=\"properties.index3RvBy\" name=\"{{ctrl.index3RvBy}}\"/><img data-toggle=\"modal\" data-target=\"#myModal_checkedby\" src=\"widgets/customIndexForm3/assets/img/Signature_Icon.svg\" style=\"float: right;\"></td>\r\n\t\t\t\t  <td><input style=\"border: none;\" type=\"text\" id=\"index3ApBy\" ng-model=\"properties.index3ApBy\" name=\"{{ctrl.index3ApBy}}\"/><img data-toggle=\"modal\" data-target=\"#myModal_approvedby\" src=\"widgets/customIndexForm3/assets/img/Signature_Icon.svg\" style=\"float: right;\"></td>\r\n\t\t\t\t  <td style=\"border-bottom: hidden;\"></td>\r\n\t\t\t\t</tr>\r\n\t\t\t\t<tr>\r\n\t\t\t\t  <td scope=\"row\">Date</td>\r\n\t\t\t\t  <td><input style=\"border: none;\" type=\"text\" id=\"index3PrpDt\" ng-model=\"properties.index3PrpDt\" name=\"{{ctrl.index3PrpDt}}\"/><img name=\"calender_preparedby\" src=\"widgets/customIndexForm3/assets/img/Calendar_Icon.svg\" style=\"float: right;\"></td>\r\n\t\t\t\t  <td><input style=\"border: none;\" type=\"text\" id=\"index3RvDt\" ng-model=\"properties.index3RvDt\" name=\"{{ctrl.index3RvDt}}\"/><img name=\"calender_checkby\" src=\"widgets/customIndexForm3/assets/img/Calendar_Icon.svg\" style=\"float: right;\"></td>\r\n\t\t\t\t  <td><input style=\"border: none;\" type=\"text\" id=\"index3ApDt\" ng-model=\"properties.index3ApDt\" name=\"{{ctrl.index3ApDt}}\"/><img name=\"calender_approvedby\" src=\"widgets/customIndexForm3/assets/img/Calendar_Icon.svg\" style=\"float: right;\"></td>\r\n\t\t\t\t  <td></td>\r\n\t\t\t\t</tr>\r\n\t\t\t  </tbody>\r\n\t\t\t</table> \r\n\t\t  <!-- END FORM--> \r\n\t\t  <!-- END INFO BLOCK --> \r\n\t\t</div>\r\n\t\t  <!-- END FORM--> \r\n\t\t  <!-- END INFO BLOCK --> \r\n\t\t</div>\r\n\t  </div>\r\n  <!-- END CONTENT --> \r\n</div>\r\n</div>\r\n</div>\r\n<!-- START Modal CONTENT myModal_preparedby--> \r\n\t<div class=\"modal fade\" id=\"myModal_preparedby\" role=\"dialog\">\r\n    <div class=\"modal-dialog modal-sm\">\r\n      <div class=\"modal-content\">\r\n        <div class=\"modal-header\">\t\r\n          <button type=\"button\" class=\"close\" style=\"text-indent: 0px !important;\" data-dismiss=\"modal\">&times;</button>\r\n          <h4 class=\"modal-title\">Saved | <u>New</u> </h4>\r\n        </div>\r\n        <div class=\"modal-body\">\r\n          <p><br/><br/><br/><br/><br/></p>\r\n        </div>\r\n        <div class=\"modal-footer\">\r\n          <button type=\"button\" class=\"btn btn-default\" data-dismiss=\"modal\">OK</button>\r\n        </div>\r\n      </div>\r\n    </div>\r\n  </div>\r\n <!-- END Modal CONTENT myModal_preparedby-->\r\n \r\n <!-- START Modal CONTENT myModal_checkedby--> \r\n\t<div class=\"modal fade\" id=\"myModal_checkedby\" role=\"dialog\">\r\n    <div class=\"modal-dialog modal-sm\">\r\n      <div class=\"modal-content\">\r\n        <div class=\"modal-header\">\t\r\n          <button type=\"button\" class=\"close\" style=\"text-indent: 0px !important;\" data-dismiss=\"modal\">&times;</button>\r\n          <h4 class=\"modal-title\">Saved | <u>New</u> </h4>\r\n        </div>\r\n        <div class=\"modal-body\">\r\n          <p><br/><br/><br/><br/><br/></p>\r\n        </div>\r\n        <div class=\"modal-footer\">\r\n          <button type=\"button\" class=\"btn btn-default\" data-dismiss=\"modal\">OK</button>\r\n        </div>\r\n      </div>\r\n    </div>\r\n  </div>\r\n <!-- END Modal CONTENT myModal_checkedby-->\r\n \r\n <!-- START Modal CONTENT myModal_approvedby--> \r\n\t<div class=\"modal fade\" id=\"myModal_approvedby\" role=\"dialog\">\r\n    <div class=\"modal-dialog modal-sm\">\r\n      <div class=\"modal-content\">\r\n        <div class=\"modal-header\">\t\r\n          <button type=\"button\" class=\"close\" style=\"text-indent: 0px !important;\" data-dismiss=\"modal\">&times;</button>\r\n          <h4 class=\"modal-title\">Saved | <u>New</u> </h4>\r\n        </div>\r\n        <div class=\"modal-body\">\r\n          <p><br/><br/><br/><br/><br/></p>\r\n        </div>\r\n        <div class=\"modal-footer\">\r\n          <button type=\"button\" class=\"btn btn-default\" data-dismiss=\"modal\">OK</button>\r\n        </div>\r\n      </div>\r\n    </div>\r\n  </div>\r\n <!-- END Modal CONTENT myModal_approvedby-->\r\n\r\n\r\n</body>\r\n<!-- END BODY -->\r\n</html>",
  "controller" : "/**\n * The controller is a JavaScript function that augments the AngularJS scope and exposes functions that can be used in the custom widget template\n * \n * Custom widget properties defined on the right can be used as variables in a controller with $scope.properties\n * To use AngularJS standard services, you must declare them in the main function arguments.\n * \n * You can leave the controller empty if you do not need it.\n */\nfunction $scope() {\n$(function() {\n  $('img[name=\"calender_preparedby\"]').daterangepicker({\n    singleDatePicker: true,\n    showDropdowns: true,\n  });\n});\n\n$(function() {\n  $('img[name=\"calender_checkby\"]').daterangepicker({\n    singleDatePicker: true,\n    showDropdowns: true,\n  });\n});\n\n$(function() {\n  $('img[name=\"calender_approvedby\"]').daterangepicker({\n    singleDatePicker: true,\n    showDropdowns: true,\n  });\n});\n\n}",
  "custom" : true,
  "properties" : [ {
    "label" : "index3PrpBy",
    "name" : "index3PrpBy",
    "type" : "text",
    "bond" : "variable"
  }, {
    "label" : "index3PrpDt",
    "name" : "index3PrpDt",
    "type" : "text",
    "bond" : "variable"
  }, {
    "label" : "index3RvBy",
    "name" : "index3RvBy",
    "type" : "text",
    "bond" : "variable"
  }, {
    "label" : "index3RvDt",
    "name" : "index3RvDt",
    "type" : "text",
    "bond" : "variable"
  }, {
    "label" : "index3ApBy",
    "name" : "index3ApBy",
    "type" : "text",
    "bond" : "variable"
  }, {
    "label" : "index3ApDt",
    "name" : "index3ApDt",
    "type" : "text",
    "bond" : "variable"
  } ],
  "assets" : [ {
    "id" : "0abf774b-8f1c-4a40-8fac-a83c2b9442a3",
    "name" : "Signature_Icon.svg",
    "type" : "img",
    "order" : 15,
    "external" : false
  }, {
    "id" : "15f236e2-8bd2-4fb0-bae1-06e542dfea90",
    "name" : "font-awesome.min.css",
    "type" : "css",
    "order" : 11,
    "external" : false
  }, {
    "id" : "ff8b0062-1a26-40d5-a496-8fc9e7219b62",
    "name" : "jquery.min.js",
    "type" : "js",
    "order" : 6,
    "external" : false
  }, {
    "id" : "0f8e2be2-35ef-4522-a212-97a7dfc263d9",
    "name" : "components.css",
    "type" : "css",
    "order" : 9,
    "external" : false
  }, {
    "id" : "f6393c39-d4ea-4b42-8285-caae5acb0236",
    "name" : "Keyboard_small.svg",
    "type" : "img",
    "order" : 2,
    "external" : false
  }, {
    "id" : "047b289c-673e-4e69-a674-1a2e40d35c9f",
    "name" : "indexmain.css",
    "type" : "css",
    "order" : 12,
    "external" : false
  }, {
    "id" : "2507f3fe-eae5-4292-a96b-0f2ffa3e6ccb",
    "name" : "Calendar_Icon.svg",
    "type" : "img",
    "order" : 14,
    "external" : false
  }, {
    "id" : "2606b9fc-b8b1-4e84-b9c0-93e53140152f",
    "name" : "bootstrap.min.css",
    "type" : "css",
    "order" : 8,
    "external" : false
  }, {
    "id" : "bf99ff23-4122-4bed-b0da-c6d3dc813aec",
    "name" : "daterangepicker.min.js",
    "type" : "js",
    "order" : 5,
    "external" : false
  }, {
    "id" : "bd55e713-8573-4bb2-a74f-3e4f0c032dfd",
    "name" : "daterangepicker.css",
    "type" : "css",
    "order" : 10,
    "external" : false
  }, {
    "id" : "236d55d3-7752-4599-8561-bd4d8c83cb6a",
    "name" : "style.css",
    "type" : "css",
    "order" : 13,
    "external" : false
  }, {
    "id" : "48f6d5cf-696e-45cc-a0c3-1ef1b046db57",
    "name" : "moment.min.js",
    "type" : "js",
    "order" : 7,
    "external" : false
  }, {
    "id" : "9d6a1d39-83c4-451e-bff7-2de29c3074df",
    "name" : "bootstrap.min.js",
    "type" : "js",
    "order" : 4,
    "external" : false
  } ],
  "requiredModules" : [ ],
  "type" : "widget",
  "hasHelp" : false
}