{
  "designerVersion" : "1.7.69",
  "id" : "MaterialWeighingForm3",
  "name" : "MaterialWeighingForm3",
  "lastUpdate" : 1539682259102,
  "rows" : [ [ {
    "type" : "container",
    "dimension" : {
      "xs" : 12
    },
    "propertyValues" : {
      "cssClasses" : {
        "type" : "constant",
        "value" : ""
      },
      "hidden" : {
        "type" : "constant",
        "value" : false
      },
      "repeatedCollection" : {
        "type" : "variable",
        "value" : ""
      }
    },
    "reference" : "772ea54a-e48b-408f-8dc2-55f2d3788b0a",
    "id" : "pbContainer",
    "rows" : [ [ {
      "type" : "component",
      "dimension" : {
        "xs" : 12
      },
      "propertyValues" : {
        "cssClasses" : {
          "type" : "constant",
          "value" : ""
        },
        "hidden" : {
          "type" : "constant",
          "value" : false
        },
        "wr3PrpBy" : {
          "type" : "variable",
          "value" : "wr3PrepBy.value"
        },
        "wr3PrpDt" : {
          "type" : "variable",
          "value" : "wr3PrepDt.value"
        },
        "wr3CkBy" : {
          "type" : "variable",
          "value" : "wr3ChkBy.value"
        },
        "wr3CkDt" : {
          "type" : "variable",
          "value" : "wr3ChkDt.value"
        },
        "wr3ApBy" : {
          "type" : "variable",
          "value" : "wr3AppBy.value"
        },
        "wr3ApDt" : {
          "type" : "variable",
          "value" : "wr3AppDt.value"
        }
      },
      "reference" : "1556b34b-c199-4473-a618-aec06acb44b9",
      "id" : "customMaterialWeighForm3"
    } ], [ {
      "type" : "component",
      "dimension" : {
        "xs" : 12
      },
      "propertyValues" : {
        "cssClasses" : {
          "type" : "constant",
          "value" : ""
        },
        "hidden" : {
          "type" : "constant",
          "value" : false
        },
        "disabled" : {
          "type" : "constant",
          "value" : false
        },
        "label" : {
          "type" : "interpolation",
          "value" : "Submit"
        },
        "alignment" : {
          "type" : "constant",
          "value" : "center"
        },
        "buttonStyle" : {
          "type" : "constant",
          "value" : "success"
        },
        "action" : {
          "type" : "constant",
          "value" : "Submit task"
        },
        "url" : {
          "type" : "interpolation"
        },
        "dataToSend" : {
          "type" : "expression",
          "value" : "formOutput"
        },
        "dataFromSuccess" : {
          "type" : "variable",
          "value" : ""
        },
        "dataFromError" : {
          "type" : "variable",
          "value" : ""
        },
        "targetUrlOnSuccess" : {
          "type" : "interpolation"
        },
        "collectionToModify" : {
          "type" : "variable"
        },
        "collectionPosition" : {
          "type" : "constant",
          "value" : "Last"
        },
        "valueToAdd" : {
          "type" : "constant"
        },
        "removeItem" : {
          "type" : "variable"
        }
      },
      "reference" : "ca212bd8-9a0c-489b-858f-77cfa1396de8",
      "id" : "pbButton"
    } ] ]
  } ] ],
  "assets" : [ {
    "id" : "89c63fb1-6b35-4d5b-beed-a1406a50c5db",
    "name" : "style.css",
    "type" : "css",
    "order" : 0,
    "external" : false
  } ],
  "inactiveAssets" : [ ],
  "data" : {
    "caseId" : {
      "type" : "expression",
      "value" : "return $data.taskJSON.parentCaseId;",
      "exposed" : false
    },
    "context" : {
      "type" : "url",
      "value" : "../API/bpm/userTask/{{taskId}}/context",
      "exposed" : false
    },
    "formOutput" : {
      "type" : "expression",
      "value" : "return {'username':$data.userAPI.user_name};",
      "exposed" : false
    },
    "task" : {
      "type" : "url",
      "value" : "../API/bpm/userTask/{{taskId}}",
      "exposed" : false
    },
    "taskId" : {
      "type" : "urlparameter",
      "value" : "id",
      "exposed" : false
    },
    "userAPI" : {
      "type" : "url",
      "value" : "../API/system/session/unusedid",
      "exposed" : false
    },
    "wr3PrepBy" : {
      "type" : "url",
      "value" : "../API/bpm/caseVariable/{{caseId}}/wr3PrepBy",
      "exposed" : false
    },
    "wr3PrepDt" : {
      "type" : "url",
      "value" : "../API/bpm/caseVariable/{{caseId}}/wr3PrepDt",
      "exposed" : false
    },
    "wr3ChkBy" : {
      "type" : "url",
      "value" : "../API/bpm/caseVariable/{{caseId}}/wr3ChkBy",
      "exposed" : false
    },
    "wr3ChkDt" : {
      "type" : "url",
      "value" : "../API/bpm/caseVariable/{{caseId}}/wr3ChkDt",
      "exposed" : false
    },
    "wr3AppBy" : {
      "type" : "url",
      "value" : "../API/bpm/caseVariable/{{caseId}}/wr3AppBy",
      "exposed" : false
    },
    "wr3AppDt" : {
      "type" : "url",
      "value" : "../API/bpm/caseVariable/{{caseId}}/wr3AppDt",
      "exposed" : false
    },
    "taskJSON" : {
      "type" : "url",
      "value" : "../API/bpm/task/{{taskId}}",
      "exposed" : false
    }
  },
  "uuid" : "749b1391-ad12-4c0f-9ce5-a371132aee9f",
  "type" : "form"
}