{
  "designerVersion" : "1.7.69",
  "id" : "CalForm21",
  "name" : "CalForm2",
  "lastUpdate" : 1539767185267,
  "rows" : [ [ {
    "type" : "container",
    "dimension" : {
      "xs" : 12
    },
    "propertyValues" : {
      "cssClasses" : {
        "type" : "constant",
        "value" : ""
      },
      "hidden" : {
        "type" : "constant",
        "value" : false
      },
      "repeatedCollection" : {
        "type" : "variable",
        "value" : ""
      }
    },
    "reference" : "afeb4740-a226-4a80-9ca8-b14acca6c2ac",
    "id" : "pbContainer",
    "rows" : [ [ {
      "type" : "component",
      "dimension" : {
        "xs" : 12
      },
      "propertyValues" : {
        "cssClasses" : {
          "type" : "constant",
          "value" : ""
        },
        "hidden" : {
          "type" : "constant",
          "value" : false
        },
        "cal2PrpBy" : {
          "type" : "variable",
          "value" : "cal2PrepBy.value"
        },
        "cal2PrpDt" : {
          "type" : "variable",
          "value" : "cal2PrepDt.value"
        },
        "cal2RvBy" : {
          "type" : "variable",
          "value" : "cal2RevBy.value"
        },
        "cal2RvDt" : {
          "type" : "variable",
          "value" : "cal2RevDt.value"
        },
        "cal2ApBy" : {
          "type" : "variable",
          "value" : "cal2AppBy.value"
        },
        "cal2ApDt" : {
          "type" : "variable",
          "value" : "cal2AppDt.value"
        }
      },
      "reference" : "408a98d5-8847-491d-8bcb-5a78ad14c922",
      "id" : "customCalForm2"
    } ], [ {
      "type" : "component",
      "dimension" : {
        "xs" : 12
      },
      "propertyValues" : {
        "cssClasses" : {
          "type" : "constant",
          "value" : ""
        },
        "hidden" : {
          "type" : "constant",
          "value" : false
        },
        "disabled" : {
          "type" : "constant",
          "value" : false
        },
        "label" : {
          "type" : "interpolation",
          "value" : "Submit"
        },
        "alignment" : {
          "type" : "constant",
          "value" : "center"
        },
        "buttonStyle" : {
          "type" : "constant",
          "value" : "success"
        },
        "action" : {
          "type" : "constant",
          "value" : "Submit task"
        },
        "url" : {
          "type" : "interpolation"
        },
        "dataToSend" : {
          "type" : "expression",
          "value" : "formOutput"
        },
        "dataFromSuccess" : {
          "type" : "variable",
          "value" : ""
        },
        "dataFromError" : {
          "type" : "variable",
          "value" : ""
        },
        "targetUrlOnSuccess" : {
          "type" : "interpolation"
        },
        "collectionToModify" : {
          "type" : "variable"
        },
        "collectionPosition" : {
          "type" : "constant",
          "value" : "Last"
        },
        "valueToAdd" : {
          "type" : "constant"
        },
        "removeItem" : {
          "type" : "variable"
        }
      },
      "reference" : "7d183a2a-3850-47be-aba9-cee97115f039",
      "id" : "pbButton"
    } ] ]
  } ] ],
  "assets" : [ {
    "id" : "89c63fb1-6b35-4d5b-beed-a1406a50c5db",
    "name" : "style.css",
    "type" : "css",
    "order" : 0,
    "external" : false
  } ],
  "inactiveAssets" : [ ],
  "data" : {
    "caseId" : {
      "type" : "expression",
      "value" : "return $data.taskJSON.parentCaseId;",
      "exposed" : false
    },
    "context" : {
      "type" : "url",
      "value" : "../API/bpm/userTask/{{taskId}}/context",
      "exposed" : false
    },
    "formOutput" : {
      "type" : "expression",
      "value" : "return {'username':$data.userAPI.user_name};",
      "exposed" : false
    },
    "task" : {
      "type" : "url",
      "value" : "../API/bpm/userTask/{{taskId}}",
      "exposed" : false
    },
    "taskId" : {
      "type" : "urlparameter",
      "value" : "id",
      "exposed" : false
    },
    "taskJSON" : {
      "type" : "url",
      "value" : "../API/bpm/task/{{taskId}}",
      "exposed" : false
    },
    "userAPI" : {
      "type" : "url",
      "value" : "../API/system/session/unusedid",
      "exposed" : false
    },
    "cal2PrepBy" : {
      "type" : "url",
      "value" : "../API/bpm/caseVariable/{{caseId}}/cal2PrepBy",
      "exposed" : false
    },
    "cal2PrepDt" : {
      "type" : "url",
      "value" : "../API/bpm/caseVariable/{{caseId}}/cal2PrepDt",
      "exposed" : false
    },
    "cal2RevBy" : {
      "type" : "url",
      "value" : "../API/bpm/caseVariable/{{caseId}}/cal2RevBy",
      "exposed" : false
    },
    "cal2RevDt" : {
      "type" : "url",
      "value" : "../API/bpm/caseVariable/{{caseId}}/cal2RevDt",
      "exposed" : false
    },
    "cal2AppBy" : {
      "type" : "url",
      "value" : "../API/bpm/caseVariable/{{caseId}}/cal2AppBy",
      "exposed" : false
    },
    "cal2AppDt" : {
      "type" : "url",
      "value" : "../API/bpm/caseVariable/{{caseId}}/cal2AppDt",
      "exposed" : false
    }
  },
  "uuid" : "0a5beda4-ee46-4467-84e8-22dd17baa8db",
  "type" : "form"
}