{
  "designerVersion" : "1.7.69",
  "id" : "IndexForm1",
  "name" : "IndexForm1",
  "lastUpdate" : 1539685330426,
  "rows" : [ [ {
    "type" : "component",
    "dimension" : {
      "xs" : 12
    },
    "propertyValues" : {
      "cssClasses" : {
        "type" : "constant",
        "value" : ""
      },
      "hidden" : {
        "type" : "constant",
        "value" : false
      },
      "index1PrepBy" : {
        "type" : "variable",
        "value" : "index1PreBy.value"
      },
      "index1PrepDt" : {
        "type" : "variable",
        "value" : "index1PrpDt.value"
      },
      "index1RevBy" : {
        "type" : "variable",
        "value" : "index1RvBy.value"
      },
      "index1RevDt" : {
        "type" : "variable",
        "value" : "index1RvDt.value"
      },
      "index1AppBy" : {
        "type" : "variable",
        "value" : "index1ApBy.value"
      },
      "index1AppDt" : {
        "type" : "variable",
        "value" : "index1ApDt.value"
      }
    },
    "reference" : "8add36b5-2701-4fe8-89c1-766767620bff",
    "id" : "customIndexForm1"
  } ], [ {
    "type" : "component",
    "dimension" : {
      "xs" : 12
    },
    "propertyValues" : {
      "cssClasses" : {
        "type" : "constant",
        "value" : ""
      },
      "hidden" : {
        "type" : "constant",
        "value" : false
      },
      "disabled" : {
        "type" : "constant",
        "value" : false
      },
      "label" : {
        "type" : "interpolation",
        "value" : "Next"
      },
      "alignment" : {
        "type" : "constant",
        "value" : "center"
      },
      "buttonStyle" : {
        "type" : "constant",
        "value" : "success"
      },
      "action" : {
        "type" : "constant",
        "value" : "Submit task"
      },
      "url" : {
        "type" : "interpolation"
      },
      "dataToSend" : {
        "type" : "expression",
        "value" : "formOutput"
      },
      "dataFromSuccess" : {
        "type" : "variable",
        "value" : ""
      },
      "dataFromError" : {
        "type" : "variable",
        "value" : ""
      },
      "targetUrlOnSuccess" : {
        "type" : "interpolation"
      },
      "collectionToModify" : {
        "type" : "variable"
      },
      "collectionPosition" : {
        "type" : "constant",
        "value" : "Last"
      },
      "valueToAdd" : {
        "type" : "constant"
      },
      "removeItem" : {
        "type" : "variable"
      }
    },
    "reference" : "4b583fda-98ca-4aa3-a66f-0139e5f1fd6b",
    "id" : "pbButton"
  } ] ],
  "assets" : [ {
    "id" : "80ef394b-9bd3-439b-ba3a-61b80c7f6f38",
    "name" : "style.css",
    "type" : "css",
    "order" : 0,
    "external" : false
  } ],
  "inactiveAssets" : [ ],
  "data" : {
    "caseId" : {
      "type" : "expression",
      "value" : "return $data.taskJSON.parentCaseId;",
      "exposed" : false
    },
    "context" : {
      "type" : "url",
      "value" : "../API/bpm/userTask/{{taskId}}/context",
      "exposed" : false
    },
    "formOutput" : {
      "type" : "expression",
      "value" : "return {'username':$data.userAPI.user_name};",
      "exposed" : false
    },
    "task" : {
      "type" : "url",
      "value" : "../API/bpm/userTask/{{taskId}}",
      "exposed" : false
    },
    "taskId" : {
      "type" : "urlparameter",
      "value" : "id",
      "exposed" : false
    },
    "taskJSON" : {
      "type" : "url",
      "value" : "../API/bpm/task/{{taskId}}",
      "exposed" : false
    },
    "userAPI" : {
      "type" : "url",
      "value" : "../API/system/session/unusedid",
      "exposed" : false
    },
    "index1PreBy" : {
      "type" : "url",
      "value" : "../API/bpm/caseVariable/{{caseId}}/index1PrepBy",
      "exposed" : false
    },
    "index1PrpDt" : {
      "type" : "url",
      "value" : "../API/bpm/caseVariable/{{caseId}}/index1PrepDt",
      "exposed" : false
    },
    "index1RvBy" : {
      "type" : "url",
      "value" : "../API/bpm/caseVariable/{{caseId}}/index1RevBy",
      "exposed" : false
    },
    "index1RvDt" : {
      "type" : "url",
      "value" : "../API/bpm/caseVariable/{{caseId}}/index1RevDt",
      "exposed" : false
    },
    "index1ApBy" : {
      "type" : "url",
      "value" : "../API/bpm/caseVariable/{{caseId}}/index1AppBy",
      "exposed" : false
    },
    "index1ApDt" : {
      "type" : "url",
      "value" : "../API/bpm/caseVariable/{{caseId}}/index1AppDt",
      "exposed" : false
    }
  },
  "uuid" : "0ef3c23c-6cb0-4cbe-9241-89e2a05aff2c",
  "type" : "form"
}