{
  "designerVersion" : "1.7.69",
  "id" : "IndexForm2",
  "name" : "IndexForm2",
  "lastUpdate" : 1539685370362,
  "rows" : [ [ {
    "type" : "container",
    "dimension" : {
      "xs" : 12
    },
    "propertyValues" : {
      "cssClasses" : {
        "type" : "constant",
        "value" : ""
      },
      "hidden" : {
        "type" : "constant",
        "value" : false
      },
      "repeatedCollection" : {
        "type" : "variable",
        "value" : ""
      }
    },
    "reference" : "c0d445c3-6149-4ff2-97ab-da613b9b3103",
    "id" : "pbContainer",
    "rows" : [ [ {
      "type" : "component",
      "dimension" : {
        "xs" : 12
      },
      "propertyValues" : {
        "cssClasses" : {
          "type" : "constant",
          "value" : ""
        },
        "hidden" : {
          "type" : "constant",
          "value" : false
        },
        "index2PrepBy" : {
          "type" : "variable",
          "value" : "index2PrpBy.value"
        },
        "index2PrepDt" : {
          "type" : "variable",
          "value" : "index2PrpDt.value"
        },
        "index2RevBy" : {
          "type" : "variable",
          "value" : "index2RvBy.value"
        },
        "index2RevDt" : {
          "type" : "variable",
          "value" : "index2RvDt.value"
        },
        "index2AppBy" : {
          "type" : "variable",
          "value" : "index2ApBy.value"
        },
        "index2AppDt" : {
          "type" : "variable",
          "value" : "index2ApDt.value"
        }
      },
      "reference" : "e0c141db-8906-4626-8e6b-61935c7b3385",
      "id" : "customIndexForm2"
    } ], [ {
      "type" : "component",
      "dimension" : {
        "xs" : 12
      },
      "propertyValues" : {
        "cssClasses" : {
          "type" : "constant",
          "value" : ""
        },
        "hidden" : {
          "type" : "constant",
          "value" : false
        },
        "disabled" : {
          "type" : "constant",
          "value" : false
        },
        "label" : {
          "type" : "interpolation",
          "value" : "Next"
        },
        "alignment" : {
          "type" : "constant",
          "value" : "center"
        },
        "buttonStyle" : {
          "type" : "constant",
          "value" : "success"
        },
        "action" : {
          "type" : "constant",
          "value" : "Submit task"
        },
        "url" : {
          "type" : "interpolation"
        },
        "dataToSend" : {
          "type" : "expression",
          "value" : "formOutput"
        },
        "dataFromSuccess" : {
          "type" : "variable",
          "value" : ""
        },
        "dataFromError" : {
          "type" : "variable",
          "value" : ""
        },
        "targetUrlOnSuccess" : {
          "type" : "interpolation"
        },
        "collectionToModify" : {
          "type" : "variable"
        },
        "collectionPosition" : {
          "type" : "constant",
          "value" : "Last"
        },
        "valueToAdd" : {
          "type" : "constant"
        },
        "removeItem" : {
          "type" : "variable"
        }
      },
      "reference" : "0a09d084-8197-47e5-ae8b-a0c32b4adc4d",
      "id" : "pbButton"
    } ] ]
  } ] ],
  "assets" : [ {
    "id" : "b9afa851-15d8-43a4-b7e8-fd4cd847e98f",
    "name" : "style.css",
    "type" : "css",
    "order" : 0,
    "external" : false
  } ],
  "inactiveAssets" : [ ],
  "data" : {
    "caseId" : {
      "type" : "expression",
      "value" : "return $data.taskJSON.parentCaseId;",
      "exposed" : false
    },
    "context" : {
      "type" : "url",
      "value" : "../API/bpm/userTask/{{taskId}}/context",
      "exposed" : false
    },
    "formOutput" : {
      "type" : "expression",
      "value" : "return {'username':$data.userAPI.user_name};",
      "exposed" : false
    },
    "task" : {
      "type" : "url",
      "value" : "../API/bpm/userTask/{{taskId}}",
      "exposed" : false
    },
    "taskId" : {
      "type" : "urlparameter",
      "value" : "id",
      "exposed" : false
    },
    "taskJSON" : {
      "type" : "url",
      "value" : "../API/bpm/task/{{taskId}}",
      "exposed" : false
    },
    "userAPI" : {
      "type" : "url",
      "value" : "../API/system/session/unusedid",
      "exposed" : false
    },
    "index2PrpBy" : {
      "type" : "url",
      "value" : "../API/bpm/caseVariable/{{caseId}}/index2PrepBy",
      "exposed" : false
    },
    "index2PrpDt" : {
      "type" : "url",
      "value" : "../API/bpm/caseVariable/{{caseId}}/index2PrepDt",
      "exposed" : false
    },
    "index2RvBy" : {
      "type" : "url",
      "value" : "../API/bpm/caseVariable/{{caseId}}/index2RevBy",
      "exposed" : false
    },
    "index2RvDt" : {
      "type" : "url",
      "value" : "../API/bpm/caseVariable/{{caseId}}/index2RevDt",
      "exposed" : false
    },
    "index2ApBy" : {
      "type" : "url",
      "value" : "../API/bpm/caseVariable/{{caseId}}/index2AppBy",
      "exposed" : false
    },
    "index2ApDt" : {
      "type" : "url",
      "value" : "../API/bpm/caseVariable/{{caseId}}/index2AppDt",
      "exposed" : false
    }
  },
  "uuid" : "9c525b9a-e955-4c17-a05d-3fb93fa1e3e0",
  "type" : "form"
}