{
  "designerVersion" : "1.7.69",
  "id" : "customIndexForm1",
  "name" : "IndexForm1",
  "lastUpdate" : 1539685360530,
  "template" : "<!DOCTYPE html>\r\n<!--[if IE 8]> <html lang=\"en\" class=\"ie8 no-js\"> <![endif]-->\r\n<!--[if IE 9]> <html lang=\"en\" class=\"ie9 no-js\"> <![endif]-->\r\n<!--[if !IE]><!-->\r\n<html lang=\"en\">\r\n<!--<![endif]-->\r\n\r\n<!-- Head BEGIN -->\r\n\r\n<head>\r\n<meta charset=\"utf-8\">\r\n<title>Tetrasoft®  Engineering Professionals</title>\r\n<meta content=\"width=device-width, initial-scale=1.0\" name=\"viewport\">\r\n<meta http-equiv=\"X-UA-Compatible\" content=\"IE=edge,chrome=1\">\r\n\r\n<!-- link to image for socio -->\r\n<link rel=\"shortcut icon\" href=\"../favicon.ico\">\r\n\r\n<!-- Fonts START -->\r\n<link href=\"http://fonts.googleapis.com/css?family=Open+Sans:300,400,600,700|PT+Sans+Narrow|Source+Sans+Pro:200,300,400,600,700,900&amp;subset=all\" rel=\"stylesheet\" type=\"text/css\">\r\n<!-- Fonts END -->\r\n\r\n<!-- Global styles START -->\r\n<link href=\"../assets/font-awesome.min.css\" rel=\"stylesheet\">\r\n<link href=\"../assets/bootstrap.min.css\" rel=\"stylesheet\">\r\n<!-- Global styles END -->\r\n\r\n<!-- Theme styles START -->\r\n<link href=\"../assets/components.css\" rel=\"stylesheet\">\r\n<link href=\"../assets/style.css\" rel=\"stylesheet\">\r\n<link href=\"../assets/indexmain.css\" rel=\"stylesheet\">\r\n\r\n<script src=\"../assets/jquery.min.js\"></script>\r\n<script src=\"../assets/bootstrap.min.js\"></script>\r\n\r\n<script type=\"text/javascript\" src=\"../assets/moment.min.js\"></script>\r\n<script type=\"text/javascript\" src=\"../assets/daterangepicker.min.js\"></script>\r\n<link rel=\"stylesheet\" type=\"text/css\" href=\"../assets/daterangepicker.css\" />\r\n<style>\r\n\r\n.b_table_font tr td {\r\n\tfont: 400 13px 'Open Sans', sans-serif, Arial;\r\n\topacity: 0.8;\r\n\tfont-weight: regular;\r\n\tfont-size: 12px;\r\n\tcolor: #000000;\r\n}\r\n\r\n.b_table_font tr th {\r\n\tfont: 400 13px 'Open Sans', sans-serif, Arial;\r\n\topacity: 0.8;\r\n\ttext-align: center;\r\n\tfont-weight: bold;\r\n\tfont-size: 12px;\r\n\tcolor: #000000;\r\n}\r\n</style>\r\n</head>\r\n<!-- Head END -->\r\n\r\n<!-- Body BEGIN -->\r\n<body style=\"font-family: Open Sans;\" class=\"corporate\">\r\n<div class=\"main\">\r\n  <div class=\"containerinbody\"> \r\n\r\n    <!-- BEGIN SIDEBAR & CONTENT -->\r\n    <div class=\"row margin-bottom-20\" style=\"margin-top:20px;\"> \r\n      <!-- BEGIN CONTENT -->\r\n      \r\n      <div class=\"\"> \r\n          <!-- BEGIN INFO BLOCK --> \r\n          <!-- BEGIN FORM-->\r\n\t\t<h5 style=\"padding-left: 20px;\" class=\"title\">\r\n\t\t\t<b style=\"text-align: left;\">2.0 INDEX</b> \r\n\t\t\t<b style=\"text-align: right; float: right;\">BATCH No.: <input style=\"border: hidden;\" type=\"text\" name=\"xxx\" value=\"101618\" readonly></b>\r\n\t\t</h5>\r\n\t\t<div class=\"col-md-6\">  \r\n\t\t<table class=\"table table-bordered\">\r\n\t\t  <thead class=\"b_table_font\">\r\n\t\t\t<tr>\r\n\t\t\t  <th class=\"col-md-1\" scope=\"col\">S.NO.</th>\r\n\t\t\t  <th class=\"col-md-9\" scope=\"col\">CONTENTS</th>\r\n\t\t\t  <th class=\"col-md-2\" scope=\"col\">PAGE NO.</th>\r\n\t\t\t</tr>\r\n\t\t  </thead>\r\n\t\t\t<tbody class=\"b_table_font\">\r\n\t\t\t<tr>\r\n\t\t\t\t  <td style=\"text-align: center;\" scope=\"row\">1.0</td>\r\n\t\t\t\t  <td>Batch Manufacturing Record Cover Sheet</td>\r\n\t\t\t\t  <td style=\"text-align: center;\" >1</td>\r\n\t\t\t</tr>\r\n\t\t\t<tr>\t\t\t\t\t\r\n\t\t\t\t<td style=\"text-align: center;\" scope=\"row\">2.0</td>\r\n\t\t\t\t<td>Index</td>\r\n\t\t\t\t<td style=\"text-align: center;\">2-4</td>\t\r\n\t\t\t</tr>\r\n\t\t\t<tr>\t\t\t\t\t\r\n\t\t\t\t<td style=\"text-align: center;\" scope=\"row\">3.0</td>\r\n\t\t\t\t<td>Indent</td>\r\n\t\t\t\t<td style=\"text-align: center;\">5</td>\t\r\n\t\t\t</tr>\r\n\t\t\t<tr>\t\t\t\t\t\t\r\n\t\t\t\t<td style=\"text-align: center;\" scope=\"row\">3.1</td>\r\n\t\t\t\t<td>Indent of Active Pharmaceutical Ingredients</td>\r\n\t\t\t\t<td style=\"text-align: center;\">5</td>\r\n\t\t\t</tr>\r\n\t\t\t<tr>\t\t\t\t\t\r\n\t\t\t\t<td style=\"text-align: center;\" scope=\"row\">3.2</td>\r\n\t\t\t\t<td>Indent of Excipient</td>\r\n\t\t\t\t<td style=\"text-align: center;\">6</td>\r\n\t\t\t</tr>\r\n\t\t\t<tr>\t\t\t\t\t\t\t\r\n\t\t\t\t<td style=\"text-align: center;\" scope=\"row\">3.3</td>\r\n\t\t\t\t<td>Batch Formula Worksheet</td>\r\n\t\t\t\t<td style=\"text-align: center;\">7</td>\t\r\n\t\t\t</tr>\r\n\t\t\t<tr>\t\t\t\t\t\r\n\t\t\t\t<td style=\"text-align: center;\" scope=\"row\">3.4</td>\r\n\t\t\t\t<td>Calculation  : 1</td>\r\n\t\t\t\t<td style=\"text-align: center;\">7</td>\r\n\t\t\t</tr>\r\n\t\t\t<tr>\t\t\t\t\t\t\r\n\t\t\t\t<td style=\"text-align: center;\" scope=\"row\">3.5</td>\r\n\t\t\t\t<td>Calculation  : 2</td>\r\n\t\t\t\t<td style=\"text-align: center;\">7</td>\r\n\t\t\t</tr>\r\n\t\t\t<tr>\t\t\t\t\t\t\r\n\t\t\t\t<td style=\"text-align: center;\" scope=\"row\">3.6</td>\r\n\t\t\t\t<td>Calculation  : 3</td>\r\n\t\t\t\t<td style=\"text-align: center;\">8</td>\r\n\t\t\t\t</tr>\r\n\t\t\t<tr>\t\t\t\r\n\t\t\t\t<td style=\"text-align: center;\" scope=\"row\">4.0</td>\r\n\t\t\t\t<td>Dispensing of Active and Excipients</td>\r\n\t\t\t\t<td style=\"text-align: center;\">9</td>\r\n\t\t\t</tr>\r\n\t\t   <tr>\t\t\t\t\t\t\r\n\t\t\t\t<td style=\"text-align: center;\" scope=\"row\">4.1</td>\r\n\t\t\t\t<td>Initial Checks</td>\r\n\t\t\t\t<td style=\"text-align: center;\">9</td>\r\n\t\t\t</tr>\r\n\t\t\t<tr>\t\t\t\t\r\n\t\t\t\t<td style=\"text-align: center;\" scope=\"row\">4.2</td>\r\n\t\t\t\t<td>Cleaning Verification</td>\r\n\t\t\t\t<td style=\"text-align: center;\">9</td>\r\n\t\t\t</tr>\r\n\t\t\t<tr>\r\n\t\t\t\t<td style=\"text-align: center;\" scope=\"row\">4.3</td>\r\n\t\t\t\t<td>Environmental Conditions</td>\r\n\t\t\t\t<td style=\"text-align: center;\">9</td>\r\n\t\t\t</tr>  \r\n\t\t\t<tr>\r\n\t\t\t\t<td style=\"text-align: center;\" scope=\"row\">4.4</td>\r\n\t\t\t\t<td>Approval for Dispensing of Active Ingredients and Excipients</td>\r\n\t\t\t\t<td style=\"text-align: center;\">9</td>\r\n\t\t\t</tr> \r\n\t\t\t<tr>\r\n\t\t\t\t<td style=\"text-align: center;\" scope=\"row\">4.5</td>\r\n\t\t\t\t<td>Material Weighing Record</td>\r\n\t\t\t\t<td style=\"text-align: center;\">12</td>\r\n\t\t\t</tr>  \r\n\t\t\t<tr>\r\n\t\t\t\t<td style=\"text-align: center;\" scope=\"row\">5.0</td>\r\n\t\t\t\t<td>Dispensing of Solvents</td>\r\n\t\t\t\t<td style=\"text-align: center;\"> </td>\r\n\t\t\t</tr>  \r\n\t\t\t<tr>\r\n\t\t\t\t<td style=\"text-align: center;\" scope=\"row\">5.1</td>\r\n\t\t\t\t<td>Initial Checks</td>\r\n\t\t\t\t<td style=\"text-align: center;\">13</td>\r\n\t\t\t</tr>  \r\n\t\t\t<tr>\r\n\t\t\t\t<td style=\"text-align: center;\" scope=\"row\">5.2</td>\r\n\t\t\t\t<td>Cleaning Verification</td>\r\n\t\t\t\t<td style=\"text-align: center;\">13</td>\r\n\t\t\t</tr>  \t\r\n\t\t\t<tr>\r\n\t\t\t\t<td style=\"text-align: center;\" scope=\"row\">5.3</td>\r\n\t\t\t\t<td>Environmental Conditions</td>\r\n\t\t\t\t<td style=\"text-align: center;\">13</td>\r\n\t\t\t</tr>  \r\n\t\t\t<tr>\r\n\t\t\t\t<td style=\"text-align: center;\" scope=\"row\">5.4</td>\r\n\t\t\t\t<td>Approval for Dispensing Solvents by IPQA</td>\r\n\t\t\t\t<td style=\"text-align: center;\">13</td>\r\n\t\t\t</tr>  \r\n\t\t\t<tr>\r\n\t\t\t\t<td style=\"text-align: center;\" scope=\"row\">5.5</td>\r\n\t\t\t\t<td>Material Weighing Record (Solvents)</td>\r\n\t\t\t\t<td style=\"text-align: center;\">13</td>\r\n\t\t\t</tr>  \r\n\t\t\t<tr>\r\n\t\t\t\t<td style=\"text-align: center;\" scope=\"row\">6.0</td>\r\n\t\t\t\t<td>Verification of Dispensed Materials</td>\r\n\t\t\t\t<td style=\"text-align: center;\">13</td>\r\n\t\t\t</tr>  \r\n\t\t\t<tr>\r\n\t\t\t\t<td style=\"text-align: center;\" scope=\"row\">6.1</td>\r\n\t\t\t\t<td>Initial Checks</td>\r\n\t\t\t\t<td style=\"text-align: center;\">15</td>\r\n\t\t\t</tr>  \t\t\r\n\t\t\t<tr>\r\n\t\t\t\t<td style=\"text-align: center;\" scope=\"row\">6.2</td>\r\n\t\t\t\t<td>Environmental Conditions</td>\r\n\t\t\t\t<td style=\"text-align: center;\" >15</td>\r\n\t\t\t</tr>  \t\r\n\t\t\t<tr>\r\n\t\t\t\t<td style=\"text-align: center;\" scope=\"row\">6.3</td>\r\n\t\t\t\t<td>Approval for Granulation</td>\r\n\t\t\t\t<td style=\"text-align: center;\">15</td>\r\n\t\t\t</tr>  \r\n\t\t\t\t<tr>\r\n\t\t\t\t<td style=\"text-align: center;\" scope=\"row\">6.4</td>\r\n\t\t\t\t<td>Verification of Weighing Record</td>\r\n\t\t\t\t<td style=\"text-align: center;\">16-19</td>\r\n\t\t\t</tr>  \r\n\t\t\t<tr>\r\n\t\t\t\t<td style=\"text-align: center;\" scope=\"row\">7.0</td>\r\n\t\t\t\t<td>Drying of Maize Starch</td>\r\n\t\t\t\t<td style=\"text-align: center;\">20</td>\r\n\t\t\t</tr>  \r\n\t\t\t<tr>\r\n\t\t\t\t<td style=\"text-align: center;\" scope=\"row\">7.1</td>\r\n\t\t\t\t<td>Drying cycle   details</td>\r\n\t\t\t\t<td style=\"text-align: center;\">20</td>\r\n\t\t\t</tr> \t\r\n\t\t\t<tr>\r\n\t\t\t\t<td style=\"text-align: center;\" scope=\"row\">7.2</td>\r\n\t\t\t\t<td>LOD of dried Maize starch</td>\r\n\t\t\t\t<td style=\"text-align: center;\">20</td>\r\n\t\t\t</tr>  \t\t\r\n\t\t\t<tr>\r\n\t\t\t\t<td style=\"text-align: center;\" scope=\"row\">7.3</td>\r\n\t\t\t\t<td>Weighing record of Dried maize starch</td>\r\n\t\t\t\t<td style=\"text-align: center;\">20</td>\r\n\t\t\t</tr>  \t\t\r\n\t\t\t<tr>\r\n\t\t\t\t<td style=\"text-align: center;\" scope=\"row\">8.0</td>\r\n\t\t\t\t<td>Sifting Instructions</td>\r\n\t\t\t\t<td style=\"text-align: center;\">21</td>\r\n\t\t\t</tr>\r\n\t\t\t<tr>\r\n\t\t\t\t<td style=\"text-align: center;\" scope=\"row\">8.1</td>\r\n\t\t\t\t<td>Sifting Record</td>\r\n\t\t\t\t<td style=\"text-align: center;\">22</td>\r\n\t\t\t</tr>  \t\t\r\n\t\t\t<tr>\r\n\t\t\t\t<td style=\"text-align: center;\" scope=\"row\">8.0</td>\r\n\t\t\t\t<td>Binder Preparation Instructions and Record</td>\r\n\t\t\t\t<td style=\"text-align: center;\">22</td>\r\n\t\t\t</tr>  \t\r\n\t\t\t<tr>\r\n\t\t\t\t<td style=\"text-align: center;\" scope=\"row\">9.0</td>\r\n\t\t\t\t<td>Binder Solutions Preparations Details (Lot I)</td>\r\n\t\t\t\t<td style=\"text-align: center;\">22</td>\r\n\t\t\t</tr>  \r\n\t\t\t<tr>\r\n\t\t\t\t<td style=\"text-align: center;\" scope=\"row\">9.1</td>\r\n\t\t\t\t<td>Binder Solutions Preparations Details (Lot II)</td>\r\n\t\t\t\t<td style=\"text-align: center;\">22</td>\r\n\t\t\t</tr>  \r\n\t\t\t<tr>\r\n\t\t\t\t<td style=\"text-align: center;\" scope=\"row\">9.2</td>\r\n\t\t\t\t<td>Binder Solutions Preparations Details (Lot III)</td>\r\n\t\t\t\t<td style=\"text-align: center;\">23</td>\r\n\t\t\t</tr>  \r\n\t\t\t<tr>\r\n\t\t\t\t<td style=\"text-align: center;\" scope=\"row\">9.3</td>\r\n\t\t\t\t<td>Binder Solutions Preparations Details (Lot IV)</td>\r\n\t\t\t\t<td style=\"text-align: center;\">23</td>\r\n\t\t\t</tr>  \t\r\n\t\t\t<tr>\r\n\t\t\t\t<td style=\"text-align: center;\" scope=\"row\">9.4</td>\r\n\t\t\t\t<td>Binder Solutions Preparations Details (Lot V</td>\r\n\t\t\t\t<td style=\"text-align: center;\">23</td>\r\n\t\t\t</tr>  \r\n\t\t\t<tr>\r\n\t\t\t\t<td style=\"text-align: center;\" scope=\"row\">9.5</td>\r\n\t\t\t\t<td>Binder Solutions Preparations Details (Lot VI</td>\r\n\t\t\t\t<td style=\"text-align: center;\">23</td>\r\n\t\t\t</tr>\r\n\t\t\t<tr>\r\n\t\t\t\t<td style=\"text-align: center;\" scope=\"row\">10.0</td>\r\n\t\t\t\t<td>Granulation Instructions and Record</td>\r\n\t\t\t\t<td style=\"text-align: center;\">24</td>\r\n\t\t\t</tr>\r\n\t\t\t<tr>\r\n\t\t\t\t<td style=\"text-align: center;\" scope=\"row\">10.1</td>\r\n\t\t\t\t<td>Granulation Details (Lot I)</td>\r\n\t\t\t\t<td style=\"text-align: center;\">24</td>\r\n\t\t\t</tr>\r\n\t\t</tbody>\r\n\t\t</table>\r\n\t\t</div>\r\n\t\t\r\n\t\t<div class=\"col-md-6\">  \r\n\t\t<table class=\"table table-bordered\">\r\n\t\t  <thead class=\"b_table_font\">\r\n\t\t\t<tr>\r\n\t\t\t  <th class=\"col-md-1\" scope=\"col\">S.NO.</th>\r\n\t\t\t  <th class=\"col-md-9\" scope=\"col\">CONTENTS</th>\r\n\t\t\t  <th class=\"col-md-2\" scope=\"col\">PAGE NO.</th>\r\n\t\t\t</tr>\r\n\t\t  </thead>\r\n\t\t  <tbody class=\"b_table_font\">\r\n\t\t<tr>\r\n\t\t\t<td style=\"text-align: center;\" scope=\"row\">10.2</td>\r\n\t\t\t<td>Granulation Details (Lot II)</td>\r\n\t\t\t<td style=\"text-align: center;\">24</td>\r\n\t\t</tr>\r\n\t\t<tr>\r\n\t\t\t<td style=\"text-align: center;\" scope=\"row\">10.3</td>\r\n\t\t\t<td>Granulation Details (Lot III)</td>\r\n\t\t\t<td style=\"text-align: center;\">24</td>\r\n\t\t<tr>\r\n\t\t<tr>\r\n\t\t\t<td style=\"text-align: center;\" scope=\"row\">10.4</td>\r\n\t\t\t<td>Granulation Details (Lot IV)</td>\r\n\t\t\t<td style=\"text-align: center;\">25</td>\r\n\t\t</tr>\r\n\t\t<tr>\r\n\t\t\t<td style=\"text-align: center;\" scope=\"row\">10.5</td>\r\n\t\t\t<td>Granulation Details (Lot V)</td>\r\n\t\t\t<td style=\"text-align: center;\">25</td>\r\n\t\t</tr>\r\n\t\t<tr>\r\n\t\t\t<td style=\"text-align: center;\" scope=\"row\">10.6</td>\r\n\t\t\t<td>Granulation Details (Lot VI)</td>\r\n\t\t\t<td style=\"text-align: center;\">25</td>\r\n\t\t</tr>\r\n\t\t<tr>\r\n\t\t\t<td style=\"text-align: center;\" scope=\"row\">11.0</td>\r\n\t\t\t<td>Drying  Process Instruction and Record</td>\r\n\t\t\t<td style=\"text-align: center;\">25</td>\r\n\t\t</tr>\r\n\t\t<tr>\r\n\t\t\t<td style=\"text-align: center;\" scope=\"row\">11.1</td>\r\n\t\t\t<td>Drying Cycle Details (Lot I)</td>\r\n\t\t\t<td style=\"text-align: center;\">26</td>\t\r\n\t\t</tr>\r\n\t\t<tr>\r\n\t\t\t<td style=\"text-align: center;\" scope=\"row\">11.2</td>\r\n\t\t\t<td>LOD of Dried Granules (Lot I)</td>\r\n\t\t\t<td style=\"text-align: center;\">26</td>\r\n\t\t</tr>\r\n\t\t<tr>\r\n\t\t\t<td style=\"text-align: center;\" scope=\"row\">11.3</td>\r\n\t\t\t<td>Drying Cycle Details (Lot II)</td>\r\n\t\t\t<td style=\"text-align: center;\">26</td>\r\n\t\t</tr>\r\n\t\t<tr>\r\n\t\t\t<td style=\"text-align: center;\" scope=\"row\">11.4</td>\r\n\t\t\t<td>LOD of Dried Granules (Lot II)</td>\r\n\t\t\t<td style=\"text-align: center;\">26</td>\r\n\t\t</tr>\r\n\t\t<tr>\r\n\t\t\t<td style=\"text-align: center;\" scope=\"row\">11.5</td>\r\n\t\t\t<td>Drying Cycle Details (Lot III)</td>\r\n\t\t\t<td style=\"text-align: center;\">27</td>\r\n\t\t</tr>\r\n\t\t<tr>\r\n\t\t\t<td style=\"text-align: center;\" scope=\"row\">11.6</td>\r\n\t\t\t<td>LOD of Dried Granules (Lot III)</td>\r\n\t\t\t<td style=\"text-align: center;\">27</td>\r\n\t\t</tr> \r\n\t\t<tr>\r\n\t\t\t<td style=\"text-align: center;\" scope=\"row\">11.7</td>\r\n\t\t\t<td>Drying Cycle Details (Lot IV)</td>\r\n\t\t\t<td style=\"text-align: center;\">27</td>\r\n\t\t</tr>\r\n\t\t<tr>\r\n\t\t\t<td style=\"text-align: center;\" scope=\"row\">11.8</td>\r\n\t\t\t<td>LOD of Dried Granules (Lot IV)</td>\r\n\t\t\t<td style=\"text-align: center;\">27</td>\r\n\t\t</tr>\r\n\t\t<tr>\r\n\t\t\t<td style=\"text-align: center;\" scope=\"row\">11.9</td>\r\n\t\t\t<td>Drying Cycle Details (Lot V)</td>\r\n\t\t\t<td style=\"text-align: center;\">28</td>\r\n\t\t</tr>\r\n\t\t<tr>\r\n\t\t\t<td style=\"text-align: center;\" scope=\"row\">11.10</td>\r\n\t\t\t<td>LOD of Dried Granules (Lot V)</td>\r\n\t\t\t<td style=\"text-align: center;\">28</td>\r\n\t\t</tr>\r\n\t\t<tr>\r\n\t\t\t<td style=\"text-align: center;\" scope=\"row\">11.11</td>\r\n\t\t\t<td>Drying Cycle Details (Lot VI)</td>\r\n\t\t\t<td style=\"text-align: center;\">28</td>\r\n\t\t</tr>\r\n\t\t<tr>\r\n\t\t\t<td style=\"text-align: center;\" scope=\"row\">11.12</td>\r\n\t\t\t<td>LOD of Dried Granules (Lot VI)</td>\r\n\t\t\t<td style=\"text-align: center;\">28</td>\r\n\t\t</tr>\r\n\t\t<tr>\r\n\t\t\t<td style=\"text-align: center;\" scope=\"row\">12.0</td>\r\n\t\t\t<td>Sifting / Sizing Instructions and Record</td>\r\n\t\t\t<td style=\"text-align: center;\">29</td>\r\n\t\t</tr>  \r\n\t\t<tr>\r\n\t\t\t<td style=\"text-align: center;\" scope=\"row\">12.1</td>\r\n\t\t\t<td>Inspections of Sieve / Screen and Operations Details (Lot I)</td>\r\n\t\t\t<td style=\"text-align: center;\">29</td>\r\n\t\t</tr>  \r\n\t<tr>\r\n\t<td style=\"text-align: center;\" scope=\"row\">12.2</td>\r\n    <td>Inspections of Sieve / Screen and Operations Details (Lot II)</td>\r\n    <td style=\"text-align: center;\">29</td>\r\n    </tr>  \r\n\t<tr>\r\n\t<td style=\"text-align: center;\" scope=\"row\">12.3</td>\r\n    <td>Inspections of Sieve / Screen and Operations Details (Lot III)</td>\r\n    <td style=\"text-align: center;\">29</td>\r\n    </tr>  \t\r\n\t<tr>\r\n\t<td style=\"text-align: center;\" scope=\"row\">12.4</td>\r\n    <td>Inspections of Sieve / Screen and Operations Details (Lot IV)</td>\r\n    <td style=\"text-align: center;\">29</td>\r\n    </tr>  \t\t\r\n\t<tr>\r\n\t<td style=\"text-align: center;\" scope=\"row\">13.0</td>\r\n    <td>Weighing of Dried and Milled Granules (Lot I-Lot II)</td>\r\n    <td style=\"text-align: center;\">30</td>\r\n    </tr>  \t\r\n\t<tr>\r\n\t<td style=\"text-align: center;\" scope=\"row\">13.0</td>\r\n    <td>Weighing of Dried and Milled Granules (Lot III-Lot IV)</td>\r\n    <td style=\"text-align: center;\">30</td>\r\n    </tr>  \r\n\t<tr>\r\n\t<td style=\"text-align: center;\" scope=\"row\">13.0</td>\r\n    <td>Weighing of Dried and Milled Granules (Lot V-Lot VI)</td>\r\n    <td style=\"text-align: center;\">31</td>\r\n    </tr>  \r\n\t<tr>\r\n\t<td style=\"text-align: center;\" scope=\"row\">14.0</td>\r\n    <td>Final Blend (Lubrication) Instruction and Record</td>\r\n    <td style=\"text-align: center;\">32</td>\r\n    </tr>  \r\n\t<tr>\r\n\t<td style=\"text-align: center;\" scope=\"row\">14.1</td>\r\n    <td>Weighing of Final Blend</td>\r\n    <td style=\"text-align: center;\">32</td>\r\n    </tr> \r\n\t<tr>\r\n\t\t<td style=\"text-align: center;\" scope=\"row\">14.2</td>\r\n\t\t<td>Blend Physical Parameter Record</td>\r\n\t\t<td style=\"text-align: center;\">33</td>\r\n    </tr>  \t\t\r\n\t<tr>\r\n\t\t<td style=\"text-align: center;\" scope=\"row\">14.3</td>\r\n\t\t<td>Blend Physical Parameter Calculations</td>\r\n\t\t<td style=\"text-align: center;\">34</td>\r\n    </tr>  \t\t\r\n\t<tr>\r\n\t\t<td style=\"text-align: center;\" scope=\"row\">15.0</td>\r\n\t\t<td>Test Request Form for Lubricated Granules</td>\r\n\t\t<td style=\"text-align: center;\">35</td>\r\n    </tr>\r\n\t<tr>\r\n\t\t<td style=\"text-align: center;\" scope=\"row\">16.0</td>\r\n\t\t<td>Reconciliation (Blending Stage)</td>\r\n\t\t<td style=\"text-align: center;\">36</td>\r\n    </tr>  \t\r\n\t<tr>\r\n\t\t<td style=\"text-align: center;\" scope=\"row\">17.0</td>\r\n\t\t<td>Released for Compression</td>\r\n\t\t<td style=\"text-align: center;\">37</td>\r\n    </tr>  \t\r\n\t<tr>\r\n\t\t<td style=\"text-align: center;\" scope=\"row\">18.0</td>\r\n\t\t<td>Initial Checks for Compression</td>\r\n\t\t<td style=\"text-align: center;\">37</td>\r\n    </tr>  \r\n\t<tr>\r\n\t\t<td style=\"text-align: center;\" scope=\"row\">18.1</td>\r\n\t\t<td>Environmental Conditions</td>\r\n\t\t<td style=\"text-align: center;\">37</td>\r\n    </tr>  \r\n\t<tr>\r\n\t\t<td style=\"text-align: center;\" scope=\"row\">18.2</td>\r\n\t\t<td>Approval for Final Compression</td>\r\n\t\t<td style=\"text-align: center;\">38</td>\r\n    </tr>  \r\n\t<tr>\r\n\t\t<td style=\"text-align: center;\" scope=\"row\">19.0</td>\r\n\t\t<td>Punch Check Record</td>\r\n\t\t<td style=\"text-align: center;\">39</td>\r\n    </tr>  \r\n\t<tr>\r\n\t\t<td style=\"text-align: center;\" scope=\"row\">20.0</td>\r\n\t\t<td>Compression Process Record</td>\r\n\t\t<td style=\"text-align: center;\">40</td>\r\n    </tr>  \r\n\t<tr>\r\n\t\t<td style=\"text-align: center;\" scope=\"row\">21.0</td>\r\n\t\t<td>Compression Specification / Parameters</td>\r\n\t\t<td style=\"text-align: center;\">41</td>\r\n    </tr>\t\r\n\t<tr>\r\n\t\t<td style=\"text-align: center;\" scope=\"row\">22.0</td>\r\n\t\t<td>Machine Setting for Compression( Uniformity Of Mass (Wt) And Thickness)</td>\r\n\t\t<td style=\"text-align: center;\">42</td>\r\n    </tr>\t\t\r\n\t<tr>\r\n\t\t<td style=\"text-align: center;\" scope=\"row\">23.0</td>\r\n\t\t<td>In - Process Checks by Production (Every 30 Minutes)</td>\r\n\t\t<td style=\"text-align: center;\">43-45</td>\r\n    </tr>\t\r\n\t\t  </tbody>\r\n\t\t</table>\r\n\t\t</div>\r\n      <!-- END FORM--> \r\n      <!-- END INFO BLOCK --> \r\n    </div>\r\n  <!-- END CONTENT --> \r\n</div>\r\n</div>\r\n\r\n\r\n\t<div class=\"containerinbody\" style=\"margin-top:20px;\"> \r\n\t  <div> \r\n\t\t\t<table class=\"table table-bordered\">\r\n\t\t\t  <thead class=\"b_table_font\">\r\n\t\t\t\t<tr>\r\n\t\t\t\t  <th style=\"text-align: left;\" class=\"col-md-1\" scope=\"col\">Signatory</th>\r\n\t\t\t\t  <th style=\"text-align: center;\" class=\"col-md-2\" scope=\"col\">Prepared By</th>\r\n\t\t\t\t  <th style=\"text-align: center;\" class=\"col-md-2\" scope=\"col\">Checked By</th>\t  \r\n\t\t\t\t  <th style=\"text-align: center;\" class=\"col-md-2\" scope=\"col\">Approved By</th>\r\n\t\t\t\t  <th style=\"text-align: center; border-bottom: hidden;\" class=\"col-md-2\" scope=\"col\"> </th>\r\n\t\t\t\t</tr>\r\n\t\t\t  </thead>\r\n\t\t\t  <tbody class=\"b_table_font\">\r\n\t\t\t\t<tr>\r\n\t\t\t\t  <td scope=\"row\">Signature</td>\r\n\t\t\t\t  <td><input style=\"border: none;\" type=\"text\" id=\"index1PrepBy\" ng-model=\"properties.index1PrepBy\" name=\"{{ctrl.index1PrepBy}}\"/><img data-toggle=\"modal\" data-target=\"#myModal_preparedby\" src=\"widgets/customIndexForm1/assets/img/Signature_Icon.svg\" style=\"float: right;\"></td>\r\n\t\t\t\t  <td><input style=\"border: none;\" type=\"text\" id=\"index1RevBy\" ng-model=\"properties.index1RevBy\" name=\"{{ctrl.index1RevBy}}\"/><img data-toggle=\"modal\" data-target=\"#myModal_checkedby\" src=\"widgets/customIndexForm1/assets/img/Signature_Icon.svg\" style=\"float: right;\"></td>\r\n\t\t\t\t  <td><input style=\"border: none;\" type=\"text\" id=\"index1AppBy\" ng-model=\"properties.index1AppBy\" name=\"{{ctrl.index1AppBy}}\"/><img data-toggle=\"modal\" data-target=\"#myModal_approvedby\" src=\"widgets/customIndexForm1/assets/img/Signature_Icon.svg\" style=\"float: right;\"></td>\r\n\t\t\t\t  <td style=\"border-bottom: hidden;\"></td>\r\n\t\t\t\t</tr>\r\n\t\t\t\t<tr>\r\n\t\t\t\t  <td scope=\"row\">Date</td>\r\n\t\t\t\t  <td><input style=\"border: none;\" type=\"text\" id=\"index1PrepDt\" ng-model=\"properties.index1PrepDt\" name=\"{{ctrl.index1PrepDt}}\"/><img name=\"calender_preparedby\" src=\"widgets/customIndexForm1/assets/img/Calendar_Icon.svg\" style=\"float: right;\"></td>\r\n\t\t\t\t  <td><input style=\"border: none;\" type=\"text\" id=\"index1RevDt\" ng-model=\"properties.index1RevDt\" name=\"{{ctrl.index1RevDt}}\"/><img name=\"calender_checkby\" src=\"widgets/customIndexForm1/assets/img/Calendar_Icon.svg\" style=\"float: right;\"></td>\r\n\t\t\t\t  <td><input style=\"border: none;\" type=\"text\" id=\"index1AppDt\" ng-model=\"properties.index1AppDt\" name=\"{{ctrl.index1AppDt}}\"/><img name=\"calender_approvedby\" src=\"widgets/customIndexForm1/assets/img/Calendar_Icon.svg\" style=\"float: right;\"></td>\r\n\t\t\t\t  <td></td>\r\n\t\t\t\t</tr>\r\n\t\t\t  </tbody>\r\n\t\t\t</table>   \r\n\t\t</div>\r\n\t\t</div>\r\n\t  </div>\r\n  <!-- END CONTENT --> \r\n</div>\r\n</div>\r\n</div>\r\n<!-- START Modal CONTENT myModal_preparedby--> \r\n\t<div class=\"modal fade\" id=\"myModal_preparedby\" role=\"dialog\">\r\n    <div class=\"modal-dialog modal-sm\">\r\n      <div class=\"modal-content\">\r\n        <div class=\"modal-header\">\t\r\n          <button type=\"button\" class=\"close\" style=\"text-indent: 0px !important;\" data-dismiss=\"modal\">&times;</button>\r\n          <h4 class=\"modal-title\">Saved | <u>New</u> </h4>\r\n        </div>\r\n        <div class=\"modal-body\">\r\n          <p><br/><br/><br/><br/><br/></p>\r\n        </div>\r\n        <div class=\"modal-footer\">\r\n          <button type=\"button\" class=\"btn btn-default\" data-dismiss=\"modal\">OK</button>\r\n        </div>\r\n      </div>\r\n    </div>\r\n  </div>\r\n <!-- END Modal CONTENT myModal_preparedby-->\r\n \r\n <!-- START Modal CONTENT myModal_checkedby--> \r\n\t<div class=\"modal fade\" id=\"myModal_checkedby\" role=\"dialog\">\r\n    <div class=\"modal-dialog modal-sm\">\r\n      <div class=\"modal-content\">\r\n        <div class=\"modal-header\">\t\r\n          <button type=\"button\" class=\"close\" style=\"text-indent: 0px !important;\" data-dismiss=\"modal\">&times;</button>\r\n          <h4 class=\"modal-title\">Saved | <u>New</u> </h4>\r\n        </div>\r\n        <div class=\"modal-body\">\r\n          <p><br/><br/><br/><br/><br/></p>\r\n        </div>\r\n        <div class=\"modal-footer\">\r\n          <button type=\"button\" class=\"btn btn-default\" data-dismiss=\"modal\">OK</button>\r\n        </div>\r\n      </div>\r\n    </div>\r\n  </div>\r\n <!-- END Modal CONTENT myModal_checkedby-->\r\n \r\n <!-- START Modal CONTENT myModal_approvedby--> \r\n\t<div class=\"modal fade\" id=\"myModal_approvedby\" role=\"dialog\">\r\n    <div class=\"modal-dialog modal-sm\">\r\n      <div class=\"modal-content\">\r\n        <div class=\"modal-header\">\t\r\n          <button type=\"button\" class=\"close\" style=\"text-indent: 0px !important;\" data-dismiss=\"modal\">&times;</button>\r\n          <h4 class=\"modal-title\">Saved | <u>New</u> </h4>\r\n        </div>\r\n        <div class=\"modal-body\">\r\n          <p><br/><br/><br/><br/><br/></p>\r\n        </div>\r\n        <div class=\"modal-footer\">\r\n          <button type=\"button\" class=\"btn btn-default\" data-dismiss=\"modal\">OK</button>\r\n        </div>\r\n      </div>\r\n    </div>\r\n  </div>\r\n <!-- END Modal CONTENT myModal_approvedby-->\r\n\r\n\r\n\r\n\r\n</body>\r\n<!-- END BODY -->\r\n</html>",
  "controller" : "/**\n * The controller is a JavaScript function that augments the AngularJS scope and exposes functions that can be used in the custom widget template\n * \n * Custom widget properties defined on the right can be used as variables in a controller with $scope.properties\n * To use AngularJS standard services, you must declare them in the main function arguments.\n * \n * You can leave the controller empty if you do not need it.\n */\nfunction $scope() {\n$(function() {\n  $('img[name=\"calender_preparedby\"]').daterangepicker({\n    singleDatePicker: true,\n    showDropdowns: true,\n  });\n});\n\n$(function() {\n  $('img[name=\"calender_checkby\"]').daterangepicker({\n    singleDatePicker: true,\n    showDropdowns: true,\n  });\n});\n\n$(function() {\n  $('img[name=\"calender_approvedby\"]').daterangepicker({\n    singleDatePicker: true,\n    showDropdowns: true,\n  });\n});\n\n}",
  "custom" : true,
  "properties" : [ {
    "label" : "index1PrepBy",
    "name" : "index1PrepBy",
    "type" : "text",
    "bond" : "variable"
  }, {
    "label" : "index1PrepDt",
    "name" : "index1PrepDt",
    "type" : "text",
    "bond" : "variable"
  }, {
    "label" : "index1RevBy",
    "name" : "index1RevBy",
    "type" : "text",
    "bond" : "variable"
  }, {
    "label" : "index1RevDt",
    "name" : "index1RevDt",
    "type" : "text",
    "bond" : "variable"
  }, {
    "label" : "index1AppBy",
    "name" : "index1AppBy",
    "type" : "text",
    "bond" : "variable"
  }, {
    "label" : "index1AppDt",
    "name" : "index1AppDt",
    "type" : "text",
    "bond" : "variable"
  } ],
  "assets" : [ {
    "id" : "15f236e2-8bd2-4fb0-bae1-06e542dfea90",
    "name" : "font-awesome.min.css",
    "type" : "css",
    "order" : 11,
    "external" : false
  }, {
    "id" : "ff8b0062-1a26-40d5-a496-8fc9e7219b62",
    "name" : "jquery.min.js",
    "type" : "js",
    "order" : 6,
    "external" : false
  }, {
    "id" : "0f8e2be2-35ef-4522-a212-97a7dfc263d9",
    "name" : "components.css",
    "type" : "css",
    "order" : 9,
    "external" : false
  }, {
    "id" : "f6393c39-d4ea-4b42-8285-caae5acb0236",
    "name" : "Keyboard_small.svg",
    "type" : "img",
    "order" : 2,
    "external" : false
  }, {
    "id" : "047b289c-673e-4e69-a674-1a2e40d35c9f",
    "name" : "indexmain.css",
    "type" : "css",
    "order" : 12,
    "external" : false
  }, {
    "id" : "2606b9fc-b8b1-4e84-b9c0-93e53140152f",
    "name" : "bootstrap.min.css",
    "type" : "css",
    "order" : 8,
    "external" : false
  }, {
    "id" : "bf99ff23-4122-4bed-b0da-c6d3dc813aec",
    "name" : "daterangepicker.min.js",
    "type" : "js",
    "order" : 5,
    "external" : false
  }, {
    "id" : "bd55e713-8573-4bb2-a74f-3e4f0c032dfd",
    "name" : "daterangepicker.css",
    "type" : "css",
    "order" : 10,
    "external" : false
  }, {
    "id" : "236d55d3-7752-4599-8561-bd4d8c83cb6a",
    "name" : "style.css",
    "type" : "css",
    "order" : 13,
    "external" : false
  }, {
    "id" : "4762798a-b1dd-445c-8cc1-b298f1e2eec3",
    "name" : "Signature_Icon.svg",
    "type" : "img",
    "order" : 3,
    "external" : false
  }, {
    "id" : "48f6d5cf-696e-45cc-a0c3-1ef1b046db57",
    "name" : "moment.min.js",
    "type" : "js",
    "order" : 7,
    "external" : false
  }, {
    "id" : "0bed0f42-a0c8-4bed-ab1f-3f34547be379",
    "name" : "Calendar_Icon.svg",
    "type" : "img",
    "order" : 1,
    "external" : false
  }, {
    "id" : "9d6a1d39-83c4-451e-bff7-2de29c3074df",
    "name" : "bootstrap.min.js",
    "type" : "js",
    "order" : 4,
    "external" : false
  } ],
  "requiredModules" : [ ],
  "type" : "widget",
  "hasHelp" : false
}