{
  "designerVersion" : "1.7.69",
  "id" : "customIndentForm",
  "name" : "IndentForm",
  "lastUpdate" : 1539682040414,
  "template" : "<!DOCTYPE html>\r\n<!--[if IE 8]> <html lang=\"en\" class=\"ie8 no-js\"> <![endif]-->\r\n<!--[if IE 9]> <html lang=\"en\" class=\"ie9 no-js\"> <![endif]-->\r\n<!--[if !IE]><!-->\r\n<html lang=\"en\">\r\n<!--<![endif]-->\r\n\r\n<!-- Head BEGIN -->\r\n\r\n<head>\r\n<meta charset=\"utf-8\">\r\n<title>Tetrasoft®  Engineering Professionals</title>\r\n<meta content=\"width=device-width, initial-scale=1.0\" name=\"viewport\">\r\n<meta http-equiv=\"X-UA-Compatible\" content=\"IE=edge,chrome=1\">\r\n\r\n<!-- link to image for socio -->\r\n<link rel=\"shortcut icon\" href=\"../favicon.ico\">\r\n\r\n<!-- Fonts START -->\r\n<link href=\"http://fonts.googleapis.com/css?family=Open+Sans:300,400,600,700|PT+Sans+Narrow|Source+Sans+Pro:200,300,400,600,700,900&amp;subset=all\" rel=\"stylesheet\" type=\"text/css\">\r\n<!-- Fonts END -->\r\n\r\n<!-- Global styles START -->\r\n<link href=\"../assets/font-awesome.min.css\" rel=\"stylesheet\">\r\n<link href=\"../assets/bootstrap.min.css\" rel=\"stylesheet\">\r\n<!-- Global styles END -->\r\n\r\n<!-- Theme styles START -->\r\n<link href=\"../assets/components.css\" rel=\"stylesheet\">\r\n<link href=\"../assets/style.css\" rel=\"stylesheet\">\r\n\r\n<script src=\"../assets/jquery.min.js\"></script>\r\n<script src=\"../assets/bootstrap.min.js\"></script>\r\n\r\n<script type=\"text/javascript\" src=\"../assets/moment.min.js\"></script>\r\n<script type=\"text/javascript\" src=\"../assets/daterangepicker.min.js\"></script>\r\n<link rel=\"stylesheet\" type=\"text/css\" href=\"../assets/daterangepicker.css\" />\r\n<style>\r\n.custom-par label{\r\npadding:0 15px;\r\n}\r\n.pad_0{\r\npadding:0;\r\n}\r\n.b_table_font tr td {\r\n\tfont: 400 13px 'Open Sans', sans-serif, Arial;\r\n\topacity: 0.8;\r\n\tfont-weight: regular;\r\n\tfont-size: 12px;\r\n\tcolor: #000000;\r\n}\r\n\r\n.b_table_font tr th {\r\n\tfont: 400 13px 'Open Sans', sans-serif, Arial;\r\n\topacity: 0.8;\r\n\tfont-weight: bold;\r\n\ttext-align: center;\r\n\tfont-size: 12px;\r\n\tcolor: #000000;\r\n}\r\n</style>\r\n\r\n</head>\r\n<!-- Head END -->\r\n\r\n<!-- Body BEGIN -->\r\n<body style=\"font: 400 13px 'Open Sans', sans-serif, Arial;\" class=\"corporate\">\r\n<div class=\"main\">\r\n  <div class=\"containerinbody\"> \r\n\r\n    <!--<div style=\"padding-left: 15px; padding-bottom: 15px;\" class=\"radio\">\r\n    <p style=\"font-size: 10px; color: #000000; opacity: 0.45;\">Choose whichever is applicable</p>    \r\n    <span>\r\n\t<label><input type=\"radio\" name=\"optradio\" checked>BMR</label>\r\n    <label style=\"margin-left: 10px;\"><input type=\"radio\" name=\"optradio\">STORE COPY</label>\r\n\t\r\n\t\r\n\t\r\n\t\t<h5> \r\n\t\t\t<b style=\"text-align: right; float: right;\">BATCH No.: <input style=\"border: hidden;\" type=\"text\" name=\"xxx\" value=\"12345\" readonly></b>\r\n\t\t</h5>\r\n\t</span>\r\n    </div>-->\r\n\t\r\n\t<table class=\"col-md-12 col-sm-12 col-xs-12\">\r\n\t\t<tbody class=\"b_table_font\">\r\n\t\t\t<tr>\r\n\t\t\t\t<td><p style=\"font-size: 10px; color: #000000; opacity: 0.45;\">Choose whichever is applicable</p></td>\r\n\t\t\t</tr>\r\n\t\t\t<tr>\r\n\t\t\t\t<td class=\"radio\">\r\n\t\t\t\t\t<label><input type=\"radio\" name=\"optradio\" checked>BMR</label>\r\n\t\t\t\t\t<label style=\"margin-left: 10px;\"><input type=\"radio\" name=\"optradio\">STORE COPY</label>\r\n\t\t\t\t\t<h5 style=\"float: right;\"> \r\n\t\t\t\t\t\t<b style=\"text-align: right;\">BATCH No.: <input style=\"border: hidden;\" type=\"text\" name=\"xxx\" value=\"101618\" readonly></b>\r\n\t\t\t\t\t</h5>\r\n\t\t\t\t</td>\r\n\t\t\t</tr>\t\t\t\r\n\t\t</tbody>\r\n\t</table>\r\n\r\n  \r\n    <!-- BEGIN SIDEBAR & CONTENT -->\r\n    <div class=\"row margin-bottom-20 margin_0\"> \r\n    \r\n    <h5 style=\"padding-left: 20px;\" class=\"title\"><strong>3.0 INDENT</strong></h5>\r\n    <h5 style=\"padding-left: 20px;\" class=\"title\"><strong>3.1 INDENT OF ACTIVE PHARMACEUTICAL INGREDIENTS</strong></h5>\r\n\r\n     \t <div class=\"col-md-12 col-sm-12 div1\">\r\n\t    \r\n        <div class=\"\"> \r\n        \r\n\t\t<table class=\"table table-bordered\">\r\n\t\t  <thead class=\"b_table_font\">\r\n\t\t\t<tr class=\"b_table_center\">\r\n\t\t\t  <th class=\"col-md-1\" scope=\"col\">S.NO.</th>\r\n\t\t\t  <th class=\"col-md-3\" scope=\"col\">Name Of Active Pharmaceutical Ingredient</th>\r\n\t\t\t  <th class=\"col-md-1\" scope=\"col\">Grade</th>\r\n\t\t\t  <th class=\"col-md-1\" scope=\"col\">Item Code</th>\r\n\t\t\t  <th class=\"col-md-1\" scope=\"col\">Label Claim per tablet in mg</th>\r\n\t\t\t  <th class=\"col-md-1\" scope=\"col\">Input Qty. per tablet in mg</th>\r\n\t\t\t  <th class=\"col-md-1\" scope=\"col\">Quantity for the batch in Kg</th>\r\n\t\t\t</tr>\r\n\t\t  </thead>\r\n\t\t  <tbody class=\"b_table_font\">\r\n\t\t\t<tr>\r\n\t\t\t<td class=\"text-center\">1 </td>\r\n\t\t\t<td>*Phenoxymethylpenicillin Potasium\"(powder)\" </td>\r\n\t\t\t<td class=\"text-center\">EP </td>\r\n\t\t\t<td class=\"text-center\">RADM0006 </td>\r\n\t\t\t<td class=\"text-center\">250 of Phenoxymethylpenicillin </td>\r\n\t\t\t<td class=\"text-center\">277.18* </td>\r\n\t\t\t<td class=\"text-right\">**415.770 <br>69.295X6 Lots <br>\"(Theoretical)\"</td>\r\n\t\t\t</tr>\r\n\t\r\n\t</tbody>\r\n\t</table>\r\n\t\t<div class=\"text-sec\"> \r\n\t\t<p> <strong>Note<br> A - </strong>Each gram of Phenoxymethylpenicillin is equivalent to 1.1087 gm of Phenoxymethylpenicillin Potasium in mg per tablet =250 X 1.1087=277.18 </p>\r\n\t\t<strong>B - </strong>As per PL Quantity per 250 mg tablet stated 280.02 mg based on Assay 100.0% and water 1.0% w/w for Phenoxymethylpenicillin Potasium<br>\r\n\t\t\r\n\t\t</div>\r\n\t\t\r\n\t\t<div class=\"row margin_0\"> \r\n\t\t<div class=\"col-md-12 col-sm-12 col-xs-12\">\r\n\t\t<br>\r\n\t\t<p>* Quantity of Phenoxymethylpenicillin Potasium (in kg)/Batch</p><br>\r\n\t\t</div>\r\n\t\t<div class=\"col-md-5 col-sm-5 col-xs-5\">\r\n\t\t<div>\r\n\t\t<br>\r\n\t\t\t<p class=\"text-center custom-par\" style=\"border-bottom: 1px solid;\"><label>277.18 </label> <label>X </label> <label>15000000 </label></p>\r\n\t\t\t<p class=\"text-center custom-par\"><label>1000 </label> <label>X </label> <label>1000 </label></p>\r\n\t\t</div>\r\n\t\t</div>\r\n\t\t<div class=\"col-md-2 col-sm-2 col-xs-2\"> \r\n\t\t<p class=\"text-center\"> <span style=\"padding-right: 15px\">= </span> 415.770</p>\r\n\t\t</div>\r\n\t\t</div>\r\n\t\t<div class=\"margin_0\"> \r\n\t\t<p> ** The quantities shall be adjusted based upon the potency(assay) and water content of the API batch.</p>\r\n\t\t<p>Calculation of Phenoxymethylpenicillin Potasium (A) = <br> </p>\r\n\t\t<div class=\"col-md-1 col-sm-1 col-xs-1 pad pad_0 text-right\"><span>250 x </span> </div>\r\n\t\t<div class=\"col-md-1 col-sm-1 col-xs-1 pad_0\">\r\n\t\t\t<p class=\"text-center custom-par-2\" style=\"border-bottom: 1px solid;\">\r\n\t\t\t<label>388.50 </label> </p>\r\n\t\t\t<p class=\"text-center custom-par-2\">\r\n\t\t\t<label>350.40 </label> </p>\r\n\t\t</div>\r\n\t\t<div class=\"col-md-1 col-sm-1 col-xs-1 pad_0 text-center\"><span> x </span> </div>\r\n\t\t<div class=\"col-md-1 col-sm-1 col-xs-1 pad_0 text-left\">\r\n      <p class=\"text-center custom-par-2\" style=\"border-bottom: 1px solid;\">\r\n\t\t\t <label>100 </label> </p>\r\n\t\t\t<p class=\"text-center custom-par-2\">\r\n\t\t\t<label>Assay </label> </p>\r\n\t\t</div>\r\n\t\t<div class=\"col-md-1 col-sm-1 col-xs-1 pad_0 text-center\"><span> x </span> </div>\r\n\t\t\t<div class=\"col-md-2 col-sm-2 col-xs-2\">\r\n\t\t\t<p class=\"text-center custom-par-2\" style=\"border-bottom: 1px solid;\">\r\n\t\t\t<label>100 </label> </p>\r\n\t\t\t<p class=\"text-center custom-par-2\">\r\n\t\t\t<label>100 - water content </label> </p>\r\n\t\t</div>\r\n\t\t<div class=\"col-md-1 col-sm-1 col-xs-1 pad_0 text-center\"><span> x </span> </div>\r\n\t\t<div class=\"col-md-2 col-sm-2 col-xs-2\">\r\n      <p class=\"text-center custom-par-2\" style=\"border-bottom: 1px solid;\">\r\n\t\t\t <label>15,00.00 </label> </p>\r\n\t\t\t<p class=\"text-center custom-par-2\">\r\n\t\t\t<label>1000 x 1000 </label> </p>\r\n\t\t</div>\r\n\t\t\r\n\t\t</div>\r\n\t\t<table class=\"table table-bordered\">\r\n\t\t  <thead class=\"b_table_font\">\r\n\t\t\t<tr class=\"b_table_center\">\t\t\t\r\n\t\t\t  <th class=\"col-md-3\" scope=\"col\">Name Of Active Material</th>\r\n\t\t\t  <th class=\"col-md-2\" scope=\"col\">Grade</th>\r\n\t\t\t   <th class=\"col-md-3\" scope=\"col\">Item Code</th>\r\n\t\t\t    <th class=\"col-md-4\" scope=\"col\">\r\n\t\t\t\t<p>Name of the Approved Vendor <br>Please put the tick mark() on the square space provided which ever is applicable </p>\r\n\t\t\t\t</th>\r\n\t\t\t\t\r\n\t\t\t</tr>\r\n\t\t  </thead>\r\n\t\t  <tbody class=\"b_table_font\">\r\n\t\t\t<tr>\r\n\t\t\t\r\n\t\t\t<td>*Phenoxymethylpenicillin Potasium\"(powder) (COS GRADE)\" </td>\r\n\t\t\t<td class=\"text-center\"\">EP </td>\r\n\t\t\t<td class=\"text-center\">RADM0006 </td>\r\n\t\t\t<td class=\"text-center\">\r\n\t<div class=\"row\">  \r\n\t\t<div class=\"col-md-2 col-sm-2 col-xs-2 pad_0 text-center\">\r\n\t\t\t<input type=\"checkbox\"/>\r\n\t\t</div>\r\n\t\t<div class=\"col-md-10 col-sm-10 col-xs-10 pad_0 text-left \">\r\n\t\t\tBIOTIKA <br>RSL 97613 Slovenska Lupea 556 <br>Sloval Republic\r\n\t\t</div>\r\n\t</div>\r\n\t<div class=\"row\">  \r\n\t\t<div class=\"col-md-2 col-sm-2 col-xs-2 pad_0 text-center\">\r\n\t\t\t<input type=\"checkbox\"/>\r\n\t\t</div>\r\n\t\t<div class=\"col-md-10 col-sm-10 col-xs-10 pad_0 text-left\">\r\n\t\t\tSANDOZ GMBH <br>Biochemiestrasse 10 <br>Austria-6250 Kundl, Tyrol\r\n\t\t</div>\r\n\t</div>\r\n\t\t\t</td>\r\n\t\t\t\r\n\t\t\t</tr>\r\n\t\r\n\t</tbody>\r\n\t</table>\r\n\t\r\n\t<div> \r\n\t\t<table class=\"table table-bordered\">\r\n\t\t  <thead class=\"b_table_font\">\r\n\t\t\t<tr class=\"b_table_center\">\r\n\t\t\t  <th class=\"col-md-4\" scope=\"col\">API/ EXCIPIENT</th>\r\n\t\t\t  <th class=\"col-md-4\" scope=\"col\">API Potency</th>\r\n\t\t\t  <th class=\"col-md-4\" scope=\"col\">Adjusted quantity required for batch in Kg</th>\r\n\t\t\t</tr>\r\n\t\t  </thead>\r\n\t\t  <tbody class=\"b_table_font\">\r\n\t\t\t<tr>\r\n            <td style=\"text-align: left;\" scope=\"row\">Phenoxymethylpenicillin Potasium</td>\r\n\t\t\t<td style=\"text-align: center;\"><input style=\"border: none;\" type=\"text\"/><img src=\"widgets/customIndentForm/assets/img/Keyboard_small.svg\" style=\"float: right;\"/></td>\r\n            <td style=\"text-align: center;\"><input style=\"border: none;\" type=\"text\"/><img src=\"widgets/customIndentForm/assets/img/Keyboard_small.svg\" style=\"float: right;\"/></td>\r\n\t      </tr>\r\n\t\t  <tr>\r\n            <td style=\"text-align: left;\" scope=\"row\">Maize Starch</td>\r\n\t\t\t<td>&nbsp;</td>\r\n            <td style=\"text-align: center;\"><input style=\"border: none;\" type=\"text\"/><img src=\"widgets/customIndentForm/assets/img/Keyboard_small.svg\" style=\"float: right;\"/></td>\r\n\t      </tr>\r\n\t</tbody>\r\n\t</table>\r\n\t\r\n\t</div>\r\n\t\r\n\r\n\t\t<div class=\"col-md-12 col-sm-12 div1\" style=\" border-top: 1px solid #ccc; padding:0px; margin-top: 50px;\">\r\n\t\t\t<table class=\"table table-bordered\">\r\n\t\t\t  <thead class=\"b_table_font\">\r\n\t\t\t\t<tr>\r\n\t\t\t\t  <th style=\"text-align: left;\" class=\"col-md-1\" scope=\"col\">Signatory</th>\r\n\t\t\t\t  <th style=\"text-align: center;\" class=\"col-md-2\" scope=\"col\">Prepared By</th>\r\n\t\t\t\t  <th style=\"text-align: center;\" class=\"col-md-2\" scope=\"col\">Checked By</th>\t  \r\n\t\t\t\t  <th style=\"text-align: center;\" class=\"col-md-2\" scope=\"col\">Approved By</th>\r\n\t\t\t\t  <th style=\"text-align: center; border-bottom: hidden;\" class=\"col-md-2\" scope=\"col\"> </th>\r\n\t\t\t\t</tr>\r\n\t\t\t  </thead>\r\n\t\t\t  <tbody class=\"b_table_font\">\r\n\t\t\t\t<tr>\r\n\t\t\t\t  <td scope=\"row\">Signature</td>\r\n\t\t\t\t  <td><input style=\"border: none;\" type=\"text\" id=\"indentAPIPrpBy\" ng-model=\"properties.indentAPIPrpBy\" name=\"{{ctrl.indentAPIPrpBy}}\"/><img data-toggle=\"modal\" data-target=\"#myModal_preparedby\" src=\"widgets/customIndentForm/assets/img/Signature_Icon.svg\" style=\"float: right;\"></td>\r\n\t\t\t\t  <td><input style=\"border: none;\" type=\"text\" id=\"indentAPIRvBy\" ng-model=\"properties.indentAPIRvBy\" name=\"{{ctrl.indentAPIRvBy}}\"/><img data-toggle=\"modal\" data-target=\"#myModal_checkedby\" src=\"widgets/customIndentForm/assets/img/Signature_Icon.svg\" style=\"float: right;\"></td>\r\n\t\t\t\t  <td><input style=\"border: none;\" type=\"text\" id=\"indentAPIApBy\" ng-model=\"properties.indentAPIApBy\" name=\"{{ctrl.indentAPIApBy}}\"/><img data-toggle=\"modal\" data-target=\"#myModal_approvedby\" src=\"widgets/customIndentForm/assets/img/Signature_Icon.svg\" style=\"float: right;\"></td>\r\n\t\t\t\t  <td style=\"border-bottom: hidden;\"></td>\r\n\t\t\t\t</tr>\r\n\t\t\t\t<tr>\r\n\t\t\t\t  <td scope=\"row\">Date</td>\r\n\t\t\t\t  <td><input style=\"border: none;\" type=\"text\" id=\"indentAPIPrpDt\" ng-model=\"properties.indentAPIPrpDt\" name=\"{{ctrl.indentAPIPrpDt}}\"/><img name=\"calender_preparedby\" src=\"widgets/customIndentForm/assets/img/Calendar_Icon.svg\" style=\"float: right;\"></td>\r\n\t\t\t\t  <td><input style=\"border: none;\" type=\"text\" id=\"indentAPIRvDt\" ng-model=\"properties.indentAPIRvDt\" name=\"{{ctrl.indentAPIRvDt}}\"/><img name=\"calender_checkby\" src=\"widgets/customIndentForm/assets/img/Calendar_Icon.svg\" style=\"float: right;\"></td>\r\n\t\t\t\t  <td><input style=\"border: none;\" type=\"text\" id=\"indentAPIApDt\" ng-model=\"properties.indentAPIApDt\" name=\"{{ctrl.indentAPIApDt}}\"/><img name=\"calender_approvedby\" src=\"widgets/customIndentForm/assets/img/Calendar_Icon.svg\" style=\"float: right;\"></td>\r\n\t\t\t\t  <td></td>\r\n\t\t\t\t</tr>\r\n\t\t\t  </tbody>\r\n\t\t\t</table>   \r\n\t\t  <!-- END FORM--> \r\n\t\t  <!-- END INFO BLOCK --> \r\n\t\t</div>\r\n\r\n\t\t</div>\r\n\t</div>\r\n\t</div>\r\n\t</div>\r\n\r\n\r\n\r\n  <!-- END CONTENT --> \r\n</div>\r\n\r\n\r\n</body>\r\n<!-- END BODY -->\r\n</html>",
  "controller" : "/**\n * The controller is a JavaScript function that augments the AngularJS scope and exposes functions that can be used in the custom widget template\n * \n * Custom widget properties defined on the right can be used as variables in a controller with $scope.properties\n * To use AngularJS standard services, you must declare them in the main function arguments.\n * \n * You can leave the controller empty if you do not need it.\n */\nfunction $scope() {\n$(function() {\n  $('img[name=\"calender_preparedby\"]').daterangepicker({\n    singleDatePicker: true,\n    showDropdowns: true,\n  });\n});\n\n$(function() {\n  $('img[name=\"calender_checkby\"]').daterangepicker({\n    singleDatePicker: true,\n    showDropdowns: true,\n  });\n});\n\n$(function() {\n  $('img[name=\"calender_approvedby\"]').daterangepicker({\n    singleDatePicker: true,\n    showDropdowns: true,\n  });\n});\n\n}",
  "custom" : true,
  "properties" : [ {
    "label" : "indentAPIPrpBy",
    "name" : "indentAPIPrpBy",
    "type" : "text",
    "bond" : "variable"
  }, {
    "label" : "indentAPIPrpDt",
    "name" : "indentAPIPrpDt",
    "type" : "text",
    "bond" : "variable"
  }, {
    "label" : "indentAPIRvBy",
    "name" : "indentAPIRvBy",
    "type" : "text",
    "bond" : "variable"
  }, {
    "label" : "indentAPIRvDt",
    "name" : "indentAPIRvDt",
    "type" : "text",
    "bond" : "variable"
  }, {
    "label" : "indentAPIApBy",
    "name" : "indentAPIApBy",
    "type" : "text",
    "bond" : "variable"
  }, {
    "label" : "indentAPIApDt",
    "name" : "indentAPIApDt",
    "type" : "text",
    "bond" : "variable"
  } ],
  "assets" : [ {
    "id" : "15f236e2-8bd2-4fb0-bae1-06e542dfea90",
    "name" : "font-awesome.min.css",
    "type" : "css",
    "order" : 11,
    "external" : false
  }, {
    "id" : "ff8b0062-1a26-40d5-a496-8fc9e7219b62",
    "name" : "jquery.min.js",
    "type" : "js",
    "order" : 6,
    "external" : false
  }, {
    "id" : "0f8e2be2-35ef-4522-a212-97a7dfc263d9",
    "name" : "components.css",
    "type" : "css",
    "order" : 9,
    "external" : false
  }, {
    "id" : "f6393c39-d4ea-4b42-8285-caae5acb0236",
    "name" : "Keyboard_small.svg",
    "type" : "img",
    "order" : 2,
    "external" : false
  }, {
    "id" : "047b289c-673e-4e69-a674-1a2e40d35c9f",
    "name" : "indexmain.css",
    "type" : "css",
    "order" : 12,
    "external" : false
  }, {
    "id" : "2606b9fc-b8b1-4e84-b9c0-93e53140152f",
    "name" : "bootstrap.min.css",
    "type" : "css",
    "order" : 8,
    "external" : false
  }, {
    "id" : "bf99ff23-4122-4bed-b0da-c6d3dc813aec",
    "name" : "daterangepicker.min.js",
    "type" : "js",
    "order" : 5,
    "external" : false
  }, {
    "id" : "bd55e713-8573-4bb2-a74f-3e4f0c032dfd",
    "name" : "daterangepicker.css",
    "type" : "css",
    "order" : 10,
    "external" : false
  }, {
    "id" : "236d55d3-7752-4599-8561-bd4d8c83cb6a",
    "name" : "style.css",
    "type" : "css",
    "order" : 13,
    "external" : false
  }, {
    "id" : "4762798a-b1dd-445c-8cc1-b298f1e2eec3",
    "name" : "Signature_Icon.svg",
    "type" : "img",
    "order" : 3,
    "external" : false
  }, {
    "id" : "48f6d5cf-696e-45cc-a0c3-1ef1b046db57",
    "name" : "moment.min.js",
    "type" : "js",
    "order" : 7,
    "external" : false
  }, {
    "id" : "0bed0f42-a0c8-4bed-ab1f-3f34547be379",
    "name" : "Calendar_Icon.svg",
    "type" : "img",
    "order" : 1,
    "external" : false
  }, {
    "id" : "9d6a1d39-83c4-451e-bff7-2de29c3074df",
    "name" : "bootstrap.min.js",
    "type" : "js",
    "order" : 4,
    "external" : false
  } ],
  "requiredModules" : [ ],
  "type" : "widget",
  "hasHelp" : false
}