{
  "designerVersion" : "1.7.69",
  "id" : "CoverForm",
  "name" : "CoverForm",
  "lastUpdate" : 1539682202695,
  "rows" : [ [ {
    "type" : "container",
    "dimension" : {
      "xs" : 12
    },
    "propertyValues" : {
      "cssClasses" : {
        "type" : "constant",
        "value" : ""
      },
      "hidden" : {
        "type" : "constant",
        "value" : false
      },
      "repeatedCollection" : {
        "type" : "variable",
        "value" : ""
      }
    },
    "reference" : "78fdf50e-e9d5-4b74-add7-9c3678f3b0e1",
    "id" : "pbContainer",
    "rows" : [ [ {
      "type" : "component",
      "dimension" : {
        "xs" : 12
      },
      "propertyValues" : {
        "cssClasses" : {
          "type" : "constant",
          "value" : ""
        },
        "hidden" : {
          "type" : "constant",
          "value" : false
        },
        "createdBy" : {
          "type" : "variable",
          "value" : "createdBy.value"
        },
        "createdDate" : {
          "type" : "variable",
          "value" : "createdDate.value"
        },
        "reviewBy" : {
          "type" : "variable",
          "value" : "reviewBy.value"
        },
        "reviewDt" : {
          "type" : "variable",
          "value" : "reviewDt.value"
        }
      },
      "reference" : "e1f944de-8e91-4522-80d6-0b0c6b5d4484",
      "id" : "customCoverForm"
    } ], [ {
      "type" : "component",
      "dimension" : {
        "xs" : 12
      },
      "propertyValues" : {
        "cssClasses" : {
          "type" : "constant",
          "value" : ""
        },
        "hidden" : {
          "type" : "constant",
          "value" : false
        },
        "disabled" : {
          "type" : "constant",
          "value" : false
        },
        "label" : {
          "type" : "interpolation",
          "value" : "Submit"
        },
        "alignment" : {
          "type" : "constant",
          "value" : "center"
        },
        "buttonStyle" : {
          "type" : "constant",
          "value" : "success"
        },
        "action" : {
          "type" : "constant",
          "value" : "Submit task"
        },
        "url" : {
          "type" : "interpolation"
        },
        "dataToSend" : {
          "type" : "expression",
          "value" : "formOutput"
        },
        "dataFromSuccess" : {
          "type" : "variable",
          "value" : ""
        },
        "dataFromError" : {
          "type" : "variable",
          "value" : ""
        },
        "targetUrlOnSuccess" : {
          "type" : "interpolation"
        },
        "collectionToModify" : {
          "type" : "variable"
        },
        "collectionPosition" : {
          "type" : "constant",
          "value" : "Last"
        },
        "valueToAdd" : {
          "type" : "constant"
        },
        "removeItem" : {
          "type" : "variable"
        }
      },
      "reference" : "c5ee5b28-b74c-41f6-b352-243bb7f1ec03",
      "id" : "pbButton"
    } ] ]
  } ] ],
  "assets" : [ {
    "id" : "89c63fb1-6b35-4d5b-beed-a1406a50c5db",
    "name" : "style.css",
    "type" : "css",
    "order" : 0,
    "external" : false
  } ],
  "inactiveAssets" : [ ],
  "data" : {
    "taskId" : {
      "type" : "urlparameter",
      "value" : "id",
      "exposed" : false
    },
    "task" : {
      "type" : "url",
      "value" : "../API/bpm/userTask/{{taskId}}",
      "exposed" : false
    },
    "context" : {
      "type" : "url",
      "value" : "../API/bpm/userTask/{{taskId}}/context",
      "exposed" : false
    },
    "taskJSON" : {
      "type" : "url",
      "value" : "../API/bpm/task/{{taskId}}",
      "exposed" : false
    },
    "caseId" : {
      "type" : "expression",
      "value" : "return $data.taskJSON.parentCaseId;",
      "exposed" : false
    },
    "formOutput" : {
      "type" : "expression",
      "value" : "return {'username':$data.userAPI.user_name};",
      "exposed" : false
    },
    "createdBy" : {
      "type" : "url",
      "value" : "../API/bpm/caseVariable/{{caseId}}/coverAppChemist",
      "exposed" : false
    },
    "userAPI" : {
      "type" : "url",
      "value" : "../API/system/session/unusedid",
      "exposed" : false
    },
    "createdDate" : {
      "type" : "url",
      "value" : "../API/bpm/caseVariable/{{caseId}}/coverAppChemistDate",
      "exposed" : false
    },
    "reviewBy" : {
      "type" : "url",
      "value" : "../API/bpm/caseVariable/{{caseId}}/coverAppHeadQA",
      "exposed" : false
    },
    "reviewDt" : {
      "type" : "url",
      "value" : "../API/bpm/caseVariable/{{caseId}}/coverAppHeadQADt",
      "exposed" : false
    }
  },
  "uuid" : "7511ac51-74e5-43e9-855e-02d60a9f19e1",
  "type" : "form"
}