<?xml version="1.0" encoding="UTF-8"?>
<organization:Organization xmlns:organization="http://documentation.bonitasoft.com/organization-xml-schema/1.1">
  <customUserInfoDefinitions/>
  <users>
    <user userName="prodplan">
      <firstName>Prod Plan Control</firstName>
      <lastName></lastName>
      <title>Mr</title>
      <jobTitle></jobTitle>
      <manager></manager>
      <personalData/>
      <professionalData/>
      <password encrypted="false">bpm</password>
      <customUserInfoValues/>
    </user>
    <user userName="chemist">
      <firstName>Chemist</firstName>
      <lastName></lastName>
      <title>Mr</title>
      <jobTitle></jobTitle>
      <manager></manager>
      <personalData/>
      <professionalData/>
      <password encrypted="false">bpm</password>
      <customUserInfoValues/>
    </user>
    <user userName="qahead">
      <firstName>QA Head</firstName>
      <lastName></lastName>
      <title>Mr</title>
      <jobTitle></jobTitle>
      <manager></manager>
      <personalData/>
      <professionalData/>
      <password encrypted="false">bpm</password>
      <customUserInfoValues/>
    </user>
    <user userName="dispoptr">
      <firstName>Dispensing Operator</firstName>
      <lastName></lastName>
      <title>Mr</title>
      <jobTitle></jobTitle>
      <manager></manager>
      <personalData/>
      <professionalData/>
      <password encrypted="false">bpm</password>
      <customUserInfoValues/>
    </user>
    <user userName="prodhead">
      <firstName>Production Head</firstName>
      <title>Mr</title>
      <jobTitle></jobTitle>
      <manager></manager>
      <personalData/>
      <professionalData/>
      <password encrypted="false">bpm</password>
      <customUserInfoValues/>
    </user>
    <user userName="ipqa">
      <firstName>In Process QA</firstName>
      <title>Mr</title>
      <jobTitle></jobTitle>
      <manager></manager>
      <personalData/>
      <professionalData/>
      <password encrypted="false">bpm</password>
      <customUserInfoValues/>
    </user>
  </users>
  <roles>
    <role name="Chemist">
      <displayName>Chemist</displayName>
    </role>
    <role name="QAHead">
      <displayName>QAHead</displayName>
    </role>
    <role name="DispensingSupervisor">
      <displayName>DispensingSupervisor</displayName>
    </role>
    <role name="ProdManager">
      <displayName>ProdManager</displayName>
    </role>
    <role name="ProdPlanControl">
      <displayName>ProdPlanControl</displayName>
    </role>
    <role name="IPQA">
      <displayName>IPQA</displayName>
    </role>
  </roles>
  <groups>
    <group name="ReceipeActors">
      <displayName>ReceipeActors</displayName>
    </group>
    <group name="ProductionFloorActors">
      <displayName>ProductionFloorActors</displayName>
    </group>
  </groups>
  <memberships>
    <membership>
      <userName>prodplan</userName>
      <roleName>ProdPlanControl</roleName>
      <groupName>ProductionFloorActors</groupName>
    </membership>
    <membership>
      <userName>chemist</userName>
      <roleName>Chemist</roleName>
      <groupName>ReceipeActors</groupName>
    </membership>
    <membership>
      <userName>qahead</userName>
      <roleName>QAHead</roleName>
      <groupName>ProductionFloorActors</groupName>
    </membership>
    <membership>
      <userName>dispoptr</userName>
      <roleName>DispensingSupervisor</roleName>
      <groupName>ProductionFloorActors</groupName>
    </membership>
    <membership>
      <userName>prodhead</userName>
      <roleName>ProdManager</roleName>
      <groupName>ProductionFloorActors</groupName>
    </membership>
    <membership>
      <userName>qahead</userName>
      <roleName>QAHead</roleName>
      <groupName>ReceipeActors</groupName>
    </membership>
    <membership>
      <userName>ipqa</userName>
      <roleName>IPQA</roleName>
      <groupName>ProductionFloorActors</groupName>
    </membership>
    <membership>
      <userName>ipqa</userName>
      <roleName>IPQA</roleName>
      <groupName>ReceipeActors</groupName>
    </membership>
  </memberships>
</organization:Organization>