{
  "designerVersion" : "1.6.46",
  "id" : "6e2deb4a-5ce8-461e-a2b4-fd80aeab7020",
  "name" : "taskAndUrlPage",
  "type" : "page",
  "lastUpdate" : 1542184986584,
  "rows" : [ [ {
    "type" : "container",
    "dimension" : {
      "xs" : 12
    },
    "propertyValues" : {
      "cssClasses" : {
        "type" : "constant",
        "value" : ""
      },
      "hidden" : {
        "type" : "constant",
        "value" : false
      },
      "repeatedCollection" : {
        "type" : "variable",
        "value" : ""
      }
    },
    "reference" : "ee5d1f23-1bd0-45d9-b605-8f8adf2e1d1e",
    "id" : "pbContainer",
    "rows" : [ [ {
      "type" : "container",
      "dimension" : {
        "xs" : 12
      },
      "propertyValues" : {
        "cssClasses" : {
          "type" : "constant",
          "value" : ""
        },
        "hidden" : {
          "type" : "constant",
          "value" : false
        },
        "repeatedCollection" : {
          "type" : "variable",
          "value" : ""
        }
      },
      "reference" : "9468cc6a-1398-4bb1-b1c8-cc19bd6492d5",
      "id" : "pbContainer",
      "rows" : [ [ {
        "type" : "component",
        "dimension" : {
          "xs" : 12
        },
        "propertyValues" : {
          "cssClasses" : {
            "type" : "constant",
            "value" : ""
          },
          "hidden" : {
            "type" : "constant",
            "value" : false
          },
          "text" : {
            "type" : "interpolation",
            "value" : "Task Details"
          },
          "level" : {
            "type" : "constant",
            "value" : "Level 3"
          },
          "alignment" : {
            "type" : "constant",
            "value" : "center"
          }
        },
        "reference" : "0649a502-f4ee-46db-b070-60942d648f29",
        "id" : "pbTitle"
      } ] ]
    } ], [ {
      "type" : "container",
      "dimension" : {
        "xs" : 12
      },
      "propertyValues" : {
        "cssClasses" : {
          "type" : "constant",
          "value" : ""
        },
        "hidden" : {
          "type" : "expression",
          "value" : "userTasksCount==0"
        },
        "repeatedCollection" : {
          "type" : "variable",
          "value" : ""
        }
      },
      "reference" : "2b2052fa-c4e5-4e38-9fde-364da75be35f",
      "id" : "pbContainer",
      "rows" : [ [ {
        "type" : "component",
        "dimension" : {
          "xs" : 12
        },
        "propertyValues" : {
          "cssClasses" : {
            "type" : "constant",
            "value" : ""
          },
          "hidden" : {
            "type" : "constant",
            "value" : false
          },
          "text" : {
            "type" : "interpolation",
            "value" : "There are no current task in active state"
          },
          "alignment" : {
            "type" : "constant",
            "value" : "left"
          }
        },
        "reference" : "a91df084-9cd6-44d4-b6ce-978167ee8fd2",
        "id" : "pbText"
      } ] ]
    } ], [ {
      "type" : "container",
      "dimension" : {
        "xs" : 12
      },
      "propertyValues" : {
        "cssClasses" : {
          "type" : "constant",
          "value" : ""
        },
        "hidden" : {
          "type" : "expression",
          "value" : "userTasksCount=0"
        },
        "repeatedCollection" : {
          "type" : "variable",
          "value" : ""
        }
      },
      "reference" : "7a21b71e-c606-4c5c-941b-1eedf7bc7b94",
      "id" : "pbContainer",
      "rows" : [ [ {
        "type" : "container",
        "dimension" : {
          "xs" : 12
        },
        "propertyValues" : {
          "cssClasses" : {
            "type" : "constant",
            "value" : ""
          },
          "hidden" : {
            "type" : "constant",
            "value" : false
          },
          "repeatedCollection" : {
            "type" : "variable",
            "value" : ""
          }
        },
        "reference" : "8d019b8b-2919-4d4b-840b-d9592316948d",
        "id" : "pbContainer",
        "rows" : [ [ {
          "type" : "component",
          "dimension" : {
            "xs" : 3
          },
          "propertyValues" : {
            "cssClasses" : {
              "type" : "constant",
              "value" : ""
            },
            "hidden" : {
              "type" : "constant",
              "value" : false
            },
            "text" : {
              "type" : "interpolation",
              "value" : "Case Id"
            },
            "alignment" : {
              "type" : "constant",
              "value" : "left"
            }
          },
          "reference" : "89835b56-9ddd-4449-b789-3f22c0d7cdac",
          "id" : "pbText"
        }, {
          "type" : "component",
          "dimension" : {
            "xs" : 3
          },
          "propertyValues" : {
            "cssClasses" : {
              "type" : "constant",
              "value" : ""
            },
            "hidden" : {
              "type" : "constant",
              "value" : false
            },
            "text" : {
              "type" : "interpolation",
              "value" : "Task Name"
            },
            "alignment" : {
              "type" : "constant",
              "value" : "left"
            }
          },
          "reference" : "3f2638ef-e390-4087-9593-3b0d8093c09f",
          "id" : "pbText"
        }, {
          "type" : "component",
          "dimension" : {
            "xs" : 3
          },
          "propertyValues" : {
            "cssClasses" : {
              "type" : "constant",
              "value" : ""
            },
            "hidden" : {
              "type" : "constant",
              "value" : false
            },
            "text" : {
              "type" : "interpolation",
              "value" : "Task ID"
            },
            "alignment" : {
              "type" : "constant",
              "value" : "left"
            }
          },
          "reference" : "f8f619ed-5c40-4c15-9f78-d7e41fb8bfc2",
          "id" : "pbText"
        }, {
          "type" : "component",
          "dimension" : {
            "xs" : 3
          },
          "propertyValues" : {
            "cssClasses" : {
              "type" : "constant",
              "value" : ""
            },
            "hidden" : {
              "type" : "constant",
              "value" : false
            },
            "text" : {
              "type" : "interpolation",
              "value" : "Task URL"
            },
            "alignment" : {
              "type" : "constant",
              "value" : "left"
            }
          },
          "reference" : "0e25ef3e-9bd1-4899-b050-1a2c174cf7c6",
          "id" : "pbText"
        } ] ]
      } ], [ {
        "type" : "container",
        "dimension" : {
          "xs" : 12
        },
        "propertyValues" : {
          "cssClasses" : {
            "type" : "constant",
            "value" : ""
          },
          "hidden" : {
            "type" : "expression",
            "value" : "userTasksCount<0"
          },
          "repeatedCollection" : {
            "type" : "variable",
            "value" : ""
          }
        },
        "reference" : "133f2908-89d1-4388-bc06-4b5210186589",
        "id" : "pbContainer",
        "rows" : [ [ {
          "type" : "component",
          "dimension" : {
            "xs" : 3
          },
          "propertyValues" : {
            "cssClasses" : {
              "type" : "constant",
              "value" : ""
            },
            "hidden" : {
              "type" : "constant",
              "value" : false
            },
            "text" : {
              "type" : "interpolation",
              "value" : "{{userTasks[0].caseId}}"
            },
            "alignment" : {
              "type" : "constant",
              "value" : "left"
            }
          },
          "reference" : "17d78616-ccba-46cf-a537-c4f2394e11b6",
          "id" : "pbText"
        }, {
          "type" : "component",
          "dimension" : {
            "xs" : 3
          },
          "propertyValues" : {
            "cssClasses" : {
              "type" : "constant",
              "value" : ""
            },
            "hidden" : {
              "type" : "constant",
              "value" : false
            },
            "text" : {
              "type" : "interpolation",
              "value" : "{{userTasks[0].displayName}}"
            },
            "alignment" : {
              "type" : "constant",
              "value" : "left"
            }
          },
          "reference" : "779d3636-86e1-483c-8201-342ef1594383",
          "id" : "pbText"
        }, {
          "type" : "component",
          "dimension" : {
            "xs" : 3
          },
          "propertyValues" : {
            "cssClasses" : {
              "type" : "constant",
              "value" : ""
            },
            "hidden" : {
              "type" : "constant",
              "value" : false
            },
            "text" : {
              "type" : "interpolation",
              "value" : "{{userTasks[0].id}}"
            },
            "alignment" : {
              "type" : "constant",
              "value" : "left"
            }
          },
          "reference" : "cc77ef8b-e94b-45d9-8cde-04e7eb3a6ca5",
          "id" : "pbText"
        }, {
          "type" : "component",
          "dimension" : {
            "xs" : 3
          },
          "propertyValues" : {
            "cssClasses" : {
              "type" : "constant",
              "value" : ""
            },
            "hidden" : {
              "type" : "constant",
              "value" : false
            },
            "text" : {
              "type" : "interpolation",
              "value" : "Complete Task"
            },
            "type" : {
              "type" : "constant",
              "value" : "URL"
            },
            "targetUrl" : {
              "type" : "expression",
              "value" : "formURL[0]"
            },
            "pageToken" : {
              "type" : "constant"
            },
            "processName" : {
              "type" : "constant"
            },
            "processVersion" : {
              "type" : "constant"
            },
            "taskId" : {
              "type" : "constant"
            },
            "caseId" : {
              "type" : "constant"
            },
            "target" : {
              "type" : "constant",
              "value" : "_blank"
            },
            "appToken" : {
              "type" : "constant"
            },
            "urlParams" : {
              "type" : "constant"
            },
            "alignment" : {
              "type" : "constant",
              "value" : "left"
            },
            "buttonStyle" : {
              "type" : "constant",
              "value" : "link"
            }
          },
          "reference" : "8be00947-36a1-4e70-b010-11e7c15979cc",
          "id" : "pbLink"
        } ] ]
      } ], [ {
        "type" : "container",
        "dimension" : {
          "xs" : 12
        },
        "propertyValues" : {
          "cssClasses" : {
            "type" : "constant",
            "value" : ""
          },
          "hidden" : {
            "type" : "expression",
            "value" : "userTasksCount>1"
          },
          "repeatedCollection" : {
            "type" : "variable",
            "value" : ""
          }
        },
        "reference" : "3601c745-4d46-4cc6-8c97-f365e321c0bf",
        "id" : "pbContainer",
        "rows" : [ [ {
          "type" : "component",
          "dimension" : {
            "xs" : 3
          },
          "propertyValues" : {
            "cssClasses" : {
              "type" : "constant",
              "value" : ""
            },
            "hidden" : {
              "type" : "constant",
              "value" : false
            },
            "text" : {
              "type" : "interpolation",
              "value" : "{{userTasks[1].caseId}}"
            },
            "alignment" : {
              "type" : "constant",
              "value" : "left"
            }
          },
          "reference" : "2942d381-259f-4c88-aa70-af77de903107",
          "id" : "pbText"
        }, {
          "type" : "component",
          "dimension" : {
            "xs" : 3
          },
          "propertyValues" : {
            "cssClasses" : {
              "type" : "constant",
              "value" : ""
            },
            "hidden" : {
              "type" : "constant",
              "value" : false
            },
            "text" : {
              "type" : "interpolation",
              "value" : "{{userTasks[1].displayName}}"
            },
            "alignment" : {
              "type" : "constant",
              "value" : "left"
            }
          },
          "reference" : "385f08e4-7c13-4815-a25f-48159810654d",
          "id" : "pbText"
        }, {
          "type" : "component",
          "dimension" : {
            "xs" : 3
          },
          "propertyValues" : {
            "cssClasses" : {
              "type" : "constant",
              "value" : ""
            },
            "hidden" : {
              "type" : "constant",
              "value" : false
            },
            "text" : {
              "type" : "interpolation",
              "value" : "{{userTasks[1].id}}"
            },
            "alignment" : {
              "type" : "constant",
              "value" : "left"
            }
          },
          "reference" : "334ac08d-10c0-438a-9c77-2c7f563bf839",
          "id" : "pbText"
        }, {
          "type" : "component",
          "dimension" : {
            "xs" : 3
          },
          "propertyValues" : {
            "cssClasses" : {
              "type" : "constant",
              "value" : ""
            },
            "hidden" : {
              "type" : "constant",
              "value" : false
            },
            "text" : {
              "type" : "interpolation",
              "value" : "Complete Task"
            },
            "type" : {
              "type" : "constant",
              "value" : "URL"
            },
            "targetUrl" : {
              "type" : "expression",
              "value" : "formURL[1]"
            },
            "pageToken" : {
              "type" : "constant"
            },
            "processName" : {
              "type" : "constant"
            },
            "processVersion" : {
              "type" : "constant"
            },
            "taskId" : {
              "type" : "constant"
            },
            "caseId" : {
              "type" : "constant"
            },
            "target" : {
              "type" : "constant",
              "value" : "_blank"
            },
            "appToken" : {
              "type" : "constant"
            },
            "urlParams" : {
              "type" : "constant"
            },
            "alignment" : {
              "type" : "constant",
              "value" : "left"
            },
            "buttonStyle" : {
              "type" : "constant",
              "value" : "link"
            }
          },
          "reference" : "6a81cb5b-349b-4074-a51f-9d7ee4a8f12f",
          "id" : "pbLink"
        } ] ]
      } ], [ {
        "type" : "container",
        "dimension" : {
          "xs" : 12
        },
        "propertyValues" : {
          "cssClasses" : {
            "type" : "constant",
            "value" : ""
          },
          "hidden" : {
            "type" : "expression",
            "value" : "userTasksCount>2"
          },
          "repeatedCollection" : {
            "type" : "variable",
            "value" : ""
          }
        },
        "reference" : "c6fb8838-4012-47ad-a0b4-6febcfddc224",
        "id" : "pbContainer",
        "rows" : [ [ {
          "type" : "component",
          "dimension" : {
            "xs" : 3
          },
          "propertyValues" : {
            "cssClasses" : {
              "type" : "constant",
              "value" : ""
            },
            "hidden" : {
              "type" : "constant",
              "value" : false
            },
            "text" : {
              "type" : "interpolation",
              "value" : "{{userTasks[2].caseId}}"
            },
            "alignment" : {
              "type" : "constant",
              "value" : "left"
            }
          },
          "reference" : "b8bf53fd-b9e3-48b3-af1d-aa568d380c90",
          "id" : "pbText"
        }, {
          "type" : "component",
          "dimension" : {
            "xs" : 3
          },
          "propertyValues" : {
            "cssClasses" : {
              "type" : "constant",
              "value" : ""
            },
            "hidden" : {
              "type" : "constant",
              "value" : false
            },
            "text" : {
              "type" : "interpolation",
              "value" : "{{userTasks[2].displayName}}"
            },
            "alignment" : {
              "type" : "constant",
              "value" : "left"
            }
          },
          "reference" : "8b278613-1be2-4a5d-83e7-5b44e878bb5f",
          "id" : "pbText"
        }, {
          "type" : "component",
          "dimension" : {
            "xs" : 3
          },
          "propertyValues" : {
            "cssClasses" : {
              "type" : "constant",
              "value" : ""
            },
            "hidden" : {
              "type" : "constant",
              "value" : false
            },
            "text" : {
              "type" : "interpolation",
              "value" : "{{userTasks[2].id}}"
            },
            "alignment" : {
              "type" : "constant",
              "value" : "left"
            }
          },
          "reference" : "3f03f5be-d1fb-43b1-9808-4948b86864aa",
          "id" : "pbText"
        }, {
          "type" : "component",
          "dimension" : {
            "xs" : 3
          },
          "propertyValues" : {
            "cssClasses" : {
              "type" : "constant",
              "value" : ""
            },
            "hidden" : {
              "type" : "constant",
              "value" : false
            },
            "text" : {
              "type" : "interpolation",
              "value" : "Complete Task"
            },
            "type" : {
              "type" : "constant",
              "value" : "URL"
            },
            "targetUrl" : {
              "type" : "expression",
              "value" : "formURL[2]"
            },
            "pageToken" : {
              "type" : "constant"
            },
            "processName" : {
              "type" : "constant"
            },
            "processVersion" : {
              "type" : "constant"
            },
            "taskId" : {
              "type" : "constant"
            },
            "caseId" : {
              "type" : "constant"
            },
            "target" : {
              "type" : "constant",
              "value" : "_blank"
            },
            "appToken" : {
              "type" : "constant"
            },
            "urlParams" : {
              "type" : "constant"
            },
            "alignment" : {
              "type" : "constant",
              "value" : "left"
            },
            "buttonStyle" : {
              "type" : "constant",
              "value" : "link"
            }
          },
          "reference" : "9c4ae7cc-5065-49f8-aac5-0346b58d380f",
          "id" : "pbLink"
        } ] ]
      } ], [ {
        "type" : "container",
        "dimension" : {
          "xs" : 12
        },
        "propertyValues" : {
          "cssClasses" : {
            "type" : "constant",
            "value" : ""
          },
          "hidden" : {
            "type" : "expression",
            "value" : "userTasksCount>3"
          },
          "repeatedCollection" : {
            "type" : "variable",
            "value" : ""
          }
        },
        "reference" : "a512a949-7229-46fb-a014-85aa58873bd1",
        "id" : "pbContainer",
        "rows" : [ [ {
          "type" : "component",
          "dimension" : {
            "xs" : 3
          },
          "propertyValues" : {
            "cssClasses" : {
              "type" : "constant",
              "value" : ""
            },
            "hidden" : {
              "type" : "constant",
              "value" : false
            },
            "text" : {
              "type" : "interpolation",
              "value" : "{{userTasks[3].caseId}}"
            },
            "alignment" : {
              "type" : "constant",
              "value" : "left"
            }
          },
          "reference" : "8cd61351-8d3a-4b90-86e1-b6314bca4cf3",
          "id" : "pbText"
        }, {
          "type" : "component",
          "dimension" : {
            "xs" : 3
          },
          "propertyValues" : {
            "cssClasses" : {
              "type" : "constant",
              "value" : ""
            },
            "hidden" : {
              "type" : "constant",
              "value" : false
            },
            "text" : {
              "type" : "interpolation",
              "value" : "{{userTasks[3].displayName}}"
            },
            "alignment" : {
              "type" : "constant",
              "value" : "left"
            }
          },
          "reference" : "85991442-1343-4855-8bb8-0e0d92f3217a",
          "id" : "pbText"
        }, {
          "type" : "component",
          "dimension" : {
            "xs" : 3
          },
          "propertyValues" : {
            "cssClasses" : {
              "type" : "constant",
              "value" : ""
            },
            "hidden" : {
              "type" : "constant",
              "value" : false
            },
            "text" : {
              "type" : "interpolation",
              "value" : "{{userTasks[3].id}}"
            },
            "alignment" : {
              "type" : "constant",
              "value" : "left"
            }
          },
          "reference" : "cb28c5d7-8489-4fa1-a7fd-518bf4da289b",
          "id" : "pbText"
        }, {
          "type" : "component",
          "dimension" : {
            "xs" : 3
          },
          "propertyValues" : {
            "cssClasses" : {
              "type" : "constant",
              "value" : ""
            },
            "hidden" : {
              "type" : "constant",
              "value" : false
            },
            "text" : {
              "type" : "interpolation",
              "value" : "{{formURL[3]}}"
            },
            "type" : {
              "type" : "constant",
              "value" : "URL"
            },
            "targetUrl" : {
              "type" : "expression",
              "value" : "formURL[3]"
            },
            "pageToken" : {
              "type" : "constant"
            },
            "processName" : {
              "type" : "constant"
            },
            "processVersion" : {
              "type" : "constant"
            },
            "taskId" : {
              "type" : "constant"
            },
            "caseId" : {
              "type" : "constant"
            },
            "target" : {
              "type" : "constant",
              "value" : "_blank"
            },
            "appToken" : {
              "type" : "constant"
            },
            "urlParams" : {
              "type" : "constant"
            },
            "alignment" : {
              "type" : "constant",
              "value" : "left"
            },
            "buttonStyle" : {
              "type" : "constant",
              "value" : "link"
            }
          },
          "reference" : "036c906a-188a-4a57-9d75-6a4dcb814986",
          "id" : "pbLink"
        } ] ]
      } ] ]
    } ], [ {
      "type" : "component",
      "dimension" : {
        "xs" : 12
      },
      "propertyValues" : {
        "cssClasses" : {
          "type" : "constant",
          "value" : ""
        },
        "hidden" : {
          "type" : "constant",
          "value" : false
        },
        "text" : {
          "type" : "interpolation",
          "value" : "{{formURL}}"
        },
        "alignment" : {
          "type" : "constant",
          "value" : "left"
        }
      },
      "reference" : "6d2437dc-c1c5-45da-8bf9-69215e24b528",
      "id" : "pbText"
    } ] ]
  } ] ],
  "assets" : [ {
    "id" : "6de99ef3-3b69-4cf3-ac19-dcd7a89be0c6",
    "name" : "style.css",
    "type" : "css",
    "order" : 0,
    "external" : false
  } ],
  "inactiveAssets" : [ ],
  "data" : {
    "taskJSON" : {
      "type" : "url",
      "value" : "../API/bpm/task/{{taskId}}",
      "exposed" : false
    },
    "taskId" : {
      "type" : "urlparameter",
      "value" : "id",
      "exposed" : false
    },
    "caseId" : {
      "type" : "expression",
      "value" : "return $data.taskJSON.parentCaseId;",
      "exposed" : false
    },
    "task" : {
      "type" : "url",
      "value" : "../API/bpm/userTask/{{taskId}}",
      "exposed" : false
    },
    "formURL" : {
      "type" : "expression",
      "value" : "var tasklen = $data.userTasks.length;\nvar urls = new Array(tasklen);\nfor (var i = 0; i < $data.userTasks.length; i++) {\n   urls[i] = \"http://localhost:21899/bonita/portal/resource/taskInstance/TaskPool/1.0/\"+$data.userTasks[i].displayName+\"/content/?id=\"+$data.userTasks[i].id+\"&locale=en&ui=form&autologin=TaskPool\";\n}  return urls;\n\n//alert($data.userTasks[0].id);",
      "exposed" : false
    },
    "getTasks" : {
      "type" : "url",
      "value" : "../API/bpm/humanTask?c=10&p=0&f=state=ready&f=user_id={{userAPI.user_id}}&f=caseId={{caseId}}",
      "exposed" : false
    },
    "userAPI" : {
      "type" : "url",
      "value" : "../API/system/session/unusedid",
      "exposed" : false
    },
    "userTasks" : {
      "type" : "url",
      "value" : "../API/bpm/humanTask?p=0&c=10&o=dueDate%20DESC&f=state%3dready&f =user_id%3d{{userAPI.user_id}}&d=rootContainerId",
      "exposed" : false
    },
    "userTasksCount" : {
      "type" : "expression",
      "value" : "return $data.userTasks.length;",
      "exposed" : false
    },
    "url1" : {
      "type" : "expression",
      "value" : "/*var urlone = 'http://localhost:8080/bonita/portal/resource/taskInstance/TaskPool/1.0/\"+$data.getTasks[0].displayName+\"/content/?id=\"+$data.getTasks[0].id+\"&locale=en&ui=form&autologin=TaskPool';\nreturn urlone;*/\n\n\nvar tasklen = $data.getTasks.length;\nvar urls = new Array(tasklen);\nfor (var i = 0; i < tasklen; i++) {\n    urls[i] = \"http://localhost:21899/bonita/portal/resource/taskInstance/TaskPool/1.0/\"+$data.getTasks[0].displayName+\"/content/?id=\"+$data.getTasks[0].id+\"&locale=en&ui=form&autologin=TaskPool\";\n    \n}  return urls;\n\n//return \"http://localhost:8080/bonita/portal/resource/taskInstance/TaskPool/1.0/Step1/content/?id=\"+$data.getTasks[0].id+\"&locale=en&ui=form&autologin=TaskPool\";",
      "exposed" : false
    }
  }
}