{
  "designerVersion" : "1.7.69",
  "id" : "DispensingForm1",
  "name" : "DispensingForm1",
  "lastUpdate" : 1539682592056,
  "rows" : [ [ {
    "type" : "container",
    "dimension" : {
      "xs" : 12
    },
    "propertyValues" : {
      "cssClasses" : {
        "type" : "constant",
        "value" : ""
      },
      "hidden" : {
        "type" : "constant",
        "value" : false
      },
      "repeatedCollection" : {
        "type" : "variable",
        "value" : ""
      }
    },
    "reference" : "1115cd06-e2d8-4aa5-8761-9084f2193320",
    "id" : "pbContainer",
    "rows" : [ [ {
      "type" : "component",
      "dimension" : {
        "xs" : 12
      },
      "propertyValues" : {
        "cssClasses" : {
          "type" : "constant",
          "value" : ""
        },
        "hidden" : {
          "type" : "constant",
          "value" : false
        },
        "dispensePrpBy" : {
          "type" : "variable",
          "value" : "dispensePrepBy.value"
        },
        "dispensePrpDt" : {
          "type" : "variable",
          "value" : "dispensePrepDt.value"
        },
        "dispenseRvBy" : {
          "type" : "variable",
          "value" : "dispenseRevBy.value"
        },
        "dispenseRvDt" : {
          "type" : "variable",
          "value" : "dispenseRevDt.value"
        },
        "dispenseApBy" : {
          "type" : "variable",
          "value" : "dispenseAppBy.value"
        },
        "dispenseApDt" : {
          "type" : "variable",
          "value" : "dispenseAppDt.value"
        }
      },
      "reference" : "4c88cda8-d8ab-4eff-94da-ae17cce6a550",
      "id" : "customDispenseForm"
    } ], [ {
      "type" : "component",
      "dimension" : {
        "xs" : 12
      },
      "propertyValues" : {
        "cssClasses" : {
          "type" : "constant",
          "value" : ""
        },
        "hidden" : {
          "type" : "constant",
          "value" : false
        },
        "disabled" : {
          "type" : "constant",
          "value" : false
        },
        "label" : {
          "type" : "interpolation",
          "value" : "Submit"
        },
        "alignment" : {
          "type" : "constant",
          "value" : "center"
        },
        "buttonStyle" : {
          "type" : "constant",
          "value" : "success"
        },
        "action" : {
          "type" : "constant",
          "value" : "Submit task"
        },
        "url" : {
          "type" : "interpolation"
        },
        "dataToSend" : {
          "type" : "expression",
          "value" : "formOutput"
        },
        "dataFromSuccess" : {
          "type" : "variable",
          "value" : ""
        },
        "dataFromError" : {
          "type" : "variable",
          "value" : ""
        },
        "targetUrlOnSuccess" : {
          "type" : "interpolation"
        },
        "collectionToModify" : {
          "type" : "variable"
        },
        "collectionPosition" : {
          "type" : "constant",
          "value" : "Last"
        },
        "valueToAdd" : {
          "type" : "constant"
        },
        "removeItem" : {
          "type" : "variable"
        }
      },
      "reference" : "17d31cfe-38d4-48a0-9962-a2347d6cab3f",
      "id" : "pbButton"
    } ] ]
  } ] ],
  "assets" : [ {
    "id" : "89c63fb1-6b35-4d5b-beed-a1406a50c5db",
    "name" : "style.css",
    "type" : "css",
    "order" : 0,
    "external" : false
  } ],
  "inactiveAssets" : [ ],
  "data" : {
    "caseId" : {
      "type" : "expression",
      "value" : "return $data.taskJSON.parentCaseId;",
      "exposed" : false
    },
    "context" : {
      "type" : "url",
      "value" : "../API/bpm/userTask/{{taskId}}/context",
      "exposed" : false
    },
    "formOutput" : {
      "type" : "expression",
      "value" : "return {'username':$data.userAPI.user_name};",
      "exposed" : false
    },
    "task" : {
      "type" : "url",
      "value" : "../API/bpm/userTask/{{taskId}}",
      "exposed" : false
    },
    "taskId" : {
      "type" : "urlparameter",
      "value" : "id",
      "exposed" : false
    },
    "taskJSON" : {
      "type" : "url",
      "value" : "../API/bpm/task/{{taskId}}",
      "exposed" : false
    },
    "userAPI" : {
      "type" : "url",
      "value" : "../API/system/session/unusedid",
      "exposed" : false
    },
    "dispensePrepBy" : {
      "type" : "url",
      "value" : "../API/bpm/caseVariable/{{caseId}}/dispensePrepBy",
      "exposed" : false
    },
    "dispensePrepDt" : {
      "type" : "url",
      "value" : "../API/bpm/caseVariable/{{caseId}}/dispensePrepDt",
      "exposed" : false
    },
    "dispenseRevBy" : {
      "type" : "url",
      "value" : "../API/bpm/caseVariable/{{caseId}}/dispenseRevBy",
      "exposed" : false
    },
    "dispenseRevDt" : {
      "type" : "url",
      "value" : "../API/bpm/caseVariable/{{caseId}}/dispenseRevDt",
      "exposed" : false
    },
    "dispenseAppBy" : {
      "type" : "url",
      "value" : "../API/bpm/caseVariable/{{caseId}}/dispenseAppBy",
      "exposed" : false
    },
    "dispenseAppDt" : {
      "type" : "url",
      "value" : "../API/bpm/caseVariable/{{caseId}}/dispenseAppDt",
      "exposed" : false
    }
  },
  "uuid" : "ef3e21a4-b86e-4bd6-aeca-4d8bdb70c3a4",
  "type" : "form"
}