{
  "designerVersion" : "1.7.69",
  "id" : "customCoverForm",
  "name" : "CoverForm",
  "lastUpdate" : 1539682234926,
  "template" : "<!DOCTYPE html>\r\n<!--[if IE 8]> <html lang=\"en\" class=\"ie8 no-js\"> <![endif]-->\r\n<!--[if IE 9]> <html lang=\"en\" class=\"ie9 no-js\"> <![endif]-->\r\n<!--[if !IE]><!-->\r\n<html lang=\"en\">\r\n<!--<![endif]-->\r\n\r\n<!-- Head BEGIN -->\r\n\r\n<head>\r\n<meta charset=\"utf-8\">\r\n<title>Tetrasoft®  Engineering Professionals</title>\r\n<meta content=\"width=device-width, initial-scale=1.0\" name=\"viewport\">\r\n<meta http-equiv=\"X-UA-Compatible\" content=\"IE=edge,chrome=1\">\r\n\r\n<!-- link to image for socio -->\r\n<link rel=\"shortcut icon\" href=\"../favicon.ico\">\r\n\r\n<!-- Fonts START -->\r\n<link href=\"http://fonts.googleapis.com/css?family=Open+Sans:300,400,600,700|PT+Sans+Narrow|Source+Sans+Pro:200,300,400,600,700,900&amp;subset=all\" rel=\"stylesheet\" type=\"text/css\">\r\n<!-- Fonts END -->\r\n\r\n<!-- Global styles START -->\r\n<link href=\"../assets/font-awesome.min.css\" rel=\"stylesheet\">\r\n<link href=\"../assets/bootstrap.min.css\" rel=\"stylesheet\">\r\n<!-- Global styles END -->\r\n\r\n<!-- Theme styles START -->\r\n<link href=\"../assets/components.css\" rel=\"stylesheet\">\r\n<link href=\"../assets/style.css\" rel=\"stylesheet\">\r\n\r\n<script src=\"../assets/jquery.min.js\"></script>\r\n<script src=\"../assets/bootstrap.min.js\"></script>\r\n\r\n<script type=\"text/javascript\" src=\"../assets/moment.min.js\"></script>\r\n<script type=\"text/javascript\" src=\"../assets/daterangepicker.min.js\"></script>\r\n<link rel=\"stylesheet\" type=\"text/css\" href=\"../assets/daterangepicker.css\" />\r\n<style>\r\n.b_table_center th {\r\n\tfont: 400 13px 'Open Sans', sans-serif, Arial;\r\n\topacity: 0.8;\r\n\ttext-align: center;\r\n\tfont-size: 12px;\r\n\tcolor: #000000;\r\n\tletter-spacing: 0;\r\n}\r\n\r\n.b_table_font tr td {\r\n\tfont: 400 13px 'Open Sans', sans-serif, Arial;\r\n\topacity: 0.8;\r\n\tfont-weight: regular;\r\n\tfont-size: 12px;\r\n\tcolor: #000000;\r\n}\r\n.s_font_uppercase p {\r\n\ttext-transform: uppercase;\r\n\t\r\n}\r\n</style>\r\n</head>\r\n<!-- Head END -->\r\n\r\n<!-- Body BEGIN -->\r\n<body style=\"overflow-x: hidden; font: 400 13px 'Open Sans', sans-serif, Arial;\" class=\"corporate\">\r\n<div class=\"main\">\r\n  <div class=\"containerinbody\"> \r\n\t\r\n\t\t<table style=\"margin-top: 20px;\" class=\"table table-bordered\">\r\n\t\t\t <tbody class=\"b_table_font\">\r\n\t\t\t\t<tr>\r\n\t\t\t\t  <td class=\"col-md-2\">Effective Date:</td>\r\n\t\t\t\t  <td class=\"col-md-2\"></td>\r\n\t\t\t\t  <td class=\"col-md-2\">BMR issued by (QA)</td>\r\n\t\t\t\t  <td class=\"col-md-2\"></td>\r\n\t\t\t\t  <td class=\"col-md-2\">Date:</td>\r\n\t\t\t\t  <td class=\"col-md-2\"></td>\r\n\t\t\t\t</tr>\r\n\t\t\t </tbody>\r\n\t   </table>\r\n\t   \r\n\t   <h5><b style=\"text-align: left;\">1.0 BATCH MANUFACTURING RECORD COVER SHEET</b> <b style=\"text-align: right; float: right;\">BATCH No.: <input style=\"border: hidden;\" type=\"text\" name=\"xxx\" value=\"101618\" readonly></b></h5>\r\n\t   \r\n    <!-- BEGIN SIDEBAR & CONTENT -->\r\n    <div class=\"row margin-bottom-20\" style=\"margin-top:20px;\"> \r\n      <!-- BEGIN CONTENT -->\r\n      \r\n    <div class=\"containerinbody\">\r\n\t\r\n\t\t<div class=\"row\">\r\n\t\t<div class=\"col-md-12 col-sm-12 div1\" style=\" border: 1px solid #ccc;\">\r\n\t\t\t  <div class=\"form-group\">\r\n              <div id=\"b_para\" class=\"col-md-12\">\r\n\t\t\t\t<h4>LABLE CLAIM</h4>\r\n                <p>Each film coated tablet contains <b>Phenoxymethylpenicillin Potassium EP</b></p>\r\n\t\t\t\t<p>Equivalent to <b>Phenoxymethylpenicillin 250 mg.</b></p>\r\n              </div>\r\n\t\t\t<div>  \r\n\t\t\t  <div id=\"b_para\" class=\"col-md-12\" style=\"padding-top: 25px;\">\r\n\t\t\t\t<h4>SHELF LIFE &nbsp;&nbsp;<small class=\"b_small\">(Tick whichever is applicable as per the order)</small></h4>\r\n                <p><input style=\"border-radius: 2px; \" type=\"checkbox\" /> 36 months in blister pack in (unopened) condition</p>\r\n\t\t\t\t<p><input type=\"checkbox\" /> 24 months in HDPE Jar in (unopened) condition</p>\r\n\t\t\t\t<br/>\r\n              </div>\r\n\t\t\t  \r\n            <div class=\"form-group\">\r\n              <div class=\"col-md-6\" style=\"margin-bottom:10px;\">\r\n\t\t\t  <table class=\"table table-bordered\">\r\n\t\t\t\t  <tbody>\r\n\t\t\t\t\t<tr>\r\n\t\t\t\t\t  <td class=\"col-md-3\">Date of Mfg</td>\r\n\t\t\t\t\t  <td class=\"col-md-8\"><input style=\"width: 100%; border: none;\" type=\"text\"></td>\r\n\t\t\t\t\t  <td class=\"col-md-1\"><center><img name=\"xxx\" src=\"widgets/customCoverForm/assets/img/Calendar_Icon.svg\" /></center></td>\r\n\t\t\t\t\t</tr>\r\n\t\t\t\t  </tbody>\r\n\t\t\t\t</table>\r\n\t\t\t\t<table class=\"table table-bordered\">\r\n\t\t\t\t  <tbody>\r\n\t\t\t\t\t<tr>\r\n\t\t\t\t\t  <td class=\"col-md-3\">Date of Expiry</td>\r\n\t\t\t\t\t  <td class=\"col-md-8\"><input style=\"width: 100%; border: none;\" type=\"text\"></td>\r\n\t\t\t\t\t  <td class=\"col-md-2\"><center><img name=\"xxx\" src=\"widgets/customCoverForm/assets/img/Calendar_Icon.svg\" /></center></td>\r\n\t\t\t\t\t</tr>\r\n\t\t\t\t  </tbody>\r\n\t\t\t\t</table>\r\n               \r\n\t\t\t\t\r\n            </div>\r\n            <div class=\"col-md-6\" style=\"margin-bottom:10px;\"> \t\t \r\n\t\t\t\t<table class=\"table table-bordered\">\r\n\t\t\t\t  <tbody>\r\n\t\t\t\t\t<tr>\r\n\t\t\t\t\t  <td class=\"col-md-4\">Date of Commencement</td>\r\n\t\t\t\t\t  <td class=\"col-md-7\"><input style=\"width: 100%; border: none;\" type=\"text\"></td>\r\n\t\t\t\t\t  <td class=\"col-md-1\"><center><img name=\"xxx\" src=\"widgets/customCoverForm/assets/img/Calendar_Icon.svg\" /></center></td>\r\n\t\t\t\t\t</tr>\r\n\t\t\t\t  </tbody>\r\n\t\t\t\t</table>\r\n\t\t\t\t<table class=\"table table-bordered\">\r\n\t\t\t\t  <tbody>\r\n\t\t\t\t\t<tr>\r\n\t\t\t\t\t  <td class=\"col-md-4\">Date of completion</td>\r\n\t\t\t\t\t  <td class=\"col-md-7\"><input style=\"width: 100%; border: none;\" type=\"text\"></td>\r\n\t\t\t\t\t  <td class=\"col-md-1\"><center><img name=\"xxx\" src=\"widgets/customCoverForm/assets/img/Calendar_Icon.svg\" /></center></td>\r\n\t\t\t\t\t</tr>\r\n\t\t\t\t  </tbody>\r\n\t\t\t\t</table>\r\n\t\t\t</div>\r\n\t\t\t</div>\r\n\t\t\t\r\n\t\t\t\r\n\t\t\t<div class=\"form-group\">\r\n\t\t\t\t<div id=\"b_para\" class=\"col-md-12\" style=\"padding-top: 25px;\">\r\n\t\t\t\t<h4><b>Approved Chemist</b></h4>\r\n              </div> \r\n              <div class=\"col-md-6\" style=\"margin-bottom:10px;\">\r\n\t\t\t  <table class=\"table table-bordered\">\r\n\t\t\t\t  <tbody>\r\n\t\t\t\t\t<tr>\r\n\t\t\t\t\t  <td class=\"col-md-2\">Signature</td>\r\n\t\t\t\t\t  <td class=\"col-md-9\"><input style=\"width: 100%; border: none;\" type=\"text\" id=\"createdBy\" ng-model=\"properties.createdBy\" name=\"{{ctrl.createdBy}}\"></td>\r\n\t\t\t\t\t  <td class=\"col-md-1\"><center><img name=\"xxx\" src=\"widgets/customCoverForm/assets/img/Signature_Icon.svg\" /></center></td>\r\n\t\t\t\t\t</tr>\r\n\t\t\t\t  </tbody>\r\n\t\t\t\t</table>              \r\n            </div>\r\n            <div class=\"col-md-6\" style=\"margin-bottom:10px;\"> \t\t \r\n\t\t\t\t<table class=\"table table-bordered\">\r\n\t\t\t\t  <tbody>\r\n\t\t\t\t\t<tr>\r\n\t\t\t\t\t  <td class=\"col-md-2\">Date</td>\r\n\t\t\t\t\t  <td class=\"col-md-9\"><input style=\"width: 100%; border: none;\" type=\"text\" id=\"createdDate\" ng-model=\"properties.createdDate\" name=\"{{ctrl.createdDate}}\"></td>\r\n\t\t\t\t\t  <td class=\"col-md-1\"><center><img name=\"xxx\" src=\"widgets/customCoverForm/assets/img/Calendar_Icon.svg\" /></center></td>\r\n\t\t\t\t\t</tr>\r\n\t\t\t\t  </tbody>\r\n\t\t\t\t</table>\r\n\t\t\t</div>\r\n\t\t\t</div>\r\n\t\t\t\r\n\t\t\t<div class=\"form-group\">\r\n\t\t\t\t<div id=\"b_para\" class=\"col-md-12\" style=\"padding-top: 25px;\">\r\n\t\t\t\t<h4><b>Review of BMR</b> &nbsp;&nbsp;<small class=\"b_small\">(Head of QA)</small></h4>\r\n              </div> \r\n              <div class=\"col-md-6\" style=\"margin-bottom:10px;\">\r\n\t\t\t  <table class=\"table table-bordered\">\r\n\t\t\t\t  <tbody>\r\n\t\t\t\t\t<tr>\r\n\t\t\t\t\t  <td class=\"col-md-2\">Signature</td>\r\n\t\t\t\t\t  <td class=\"col-md-9\"><input style=\"width: 100%; border: none;\" type=\"text\" id=\"reviewBy\" ng-model=\"properties.reviewBy\" name=\"{{ctrl.reviewBy}}\"></td>\r\n\t\t\t\t\t  <td class=\"col-md-1\"><center><img name=\"xxx\" src=\"widgets/customCoverForm/assets/img/Signature_Icon.svg\" /></center></td>\r\n\t\t\t\t\t</tr>\r\n\t\t\t\t  </tbody>\r\n\t\t\t\t</table>              \r\n            </div>\r\n            <div class=\"col-md-6\" style=\"margin-bottom:10px;\"> \t\t \r\n\t\t\t\t<table class=\"table table-bordered\">\r\n\t\t\t\t  <tbody>\r\n\t\t\t\t\t<tr>\r\n\t\t\t\t\t  <td class=\"col-md-2\">Date</td>\r\n\t\t\t\t\t  <td class=\"col-md-9\"><input style=\"width: 100%; border: none;\" type=\"text\" id=\"reviewDt\" ng-model=\"properties.reviewDt\" name=\"{{ctrl.reviewDt}}\"></td>\r\n\t\t\t\t\t  <td class=\"col-md-1\"><center><center><img name=\"xxx\" src=\"widgets/customCoverForm/assets/img/Calendar_Icon.svg\" /></center></center></td>\r\n\t\t\t\t\t</tr>\r\n\t\t\t\t  </tbody>\r\n\t\t\t\t</table>\r\n\t\t\t</div>\r\n\t\t\t\t&nbsp;&nbsp;&nbsp;&nbsp;\r\n\t\t\t</div>\r\n\t\t\t<div class=\"col-md-12\" style=\"padding-bottom: 20px; padding-top: 20px;\">\r\n\t\t\t\t<p style=\"text-align: center;\">This BMR contains:____________Pages.</p>\r\n\t\t\t</div>\t\r\n\t\t\t</div>\r\n\t\t\t\t\t\t\r\n\t\t\t</div>\r\n\t\t\t\r\n  <!-- END CONTENT --> \r\n\t\t</div>\r\n\t\t\r\n</div>\r\n\r\n\t<div style=\"padding-top: 25px;\">\r\n\t\t<div class=\"row\">\r\n\t\t<table class=\"table table-bordered\">\r\n\t\t\t  <tbody class=\"b_table_font\">\r\n\t\t\t\t<tr>\r\n\t\t\t\t<td class=\"col-md-3  s_font_uppercase\" >\r\n\t\t\t\t\t<p style=\"padding-top: 20px; padding-left: 8%;\"><b>Approved by MA Holder</b></p>\r\n\t\t\t\t\t<p style=\"padding-left: 8%;\"><b>bristol laboratories Ltd, UK</b></p>\r\n\t\t\t\t</td>\r\n\t\t\t\t\r\n\t\t\t\t<td class=\"col-md-9\" >\r\n\t\t\t\t\t\r\n\t\t\t\t</td>\r\n\t\t\t\t</tr>\r\n\t\t\t  </tbody>\r\n\t\t\t</table> \r\n\t\t</div>\r\n    </div>\r\n\t\r\n\t<!--<div class=\"\"> \r\n\t  <div class=\"row\" style=\"margin-top:20px;\"> \r\n\r\n\t\t\t<table class=\"table table-bordered\">\r\n\t\t\t  <thead>\r\n\t\t\t\t<tr>\r\n\t\t\t\t  <th class=\"col-md-1\" scope=\"col\"> </th>\r\n\t\t\t\t  <th class=\"col-md-2\" scope=\"col\">Prepared By</th>\r\n\t\t\t\t  <th class=\"col-md-2\" scope=\"col\">Checked By</th>\t  \r\n\t\t\t\t  <th class=\"col-md-2\" scope=\"col\">Approved By</th>\r\n\t\t\t\t  <th class=\"col-md-2\" scope=\"col\"> </th>\r\n\t\t\t\t</tr>\r\n\t\t\t  </thead>\r\n\t\t\t  <tbody class=\"b_table_font\">\r\n\t\t\t\t<tr>\r\n\t\t\t\t  <td scope=\"row\">Signature</td>\r\n\t\t\t\t  <td><input style=\"border: none;\" type=\"text\"/><img data-toggle=\"modal\" data-target=\"#myModal_preparedby\" src=\"widgets/customCoverForm/assets/img/Signature_Icon.svg\" style=\"float: right;\"></td>\r\n\t\t\t\t  <td><input style=\"border: none;\" type=\"text\"/><img data-toggle=\"modal\" data-target=\"#myModal_checkedby\" src=\"widgets/customCoverForm/assets/img/Signature_Icon.svg\" style=\"float: right;\"></td>\r\n\t\t\t\t  <td><input style=\"border: none;\" type=\"text\"/><img data-toggle=\"modal\" data-target=\"#myModal_approvedby\" src=\"widgets/customCoverForm/assets/img/Signature_Icon.svg\" style=\"float: right;\"></td>\r\n\t\t\t\t  <td></td>\r\n\t\t\t\t</tr>\r\n\t\t\t\t<tr>\r\n\t\t\t\t  <td scope=\"row\">Date</td>\r\n\t\t\t\t  <td><input style=\"border: none;\" type=\"text\"/><img name=\"calender_preparedby\" src=\"widgets/customCoverForm/assets/img/Calendar_Icon.svg\" style=\"float: right;\"></td>\r\n\t\t\t\t  <td><input style=\"border: none;\" type=\"text\"/><img name=\"calender_checkby\" src=\"widgets/customCoverForm/assets/img/Calendar_Icon.svg\" style=\"float: right;\"></td>\r\n\t\t\t\t  <td><input style=\"border: none;\" type=\"text\"/><img name=\"calender_approvedby\" src=\"widgets/customCoverForm/assets/img/Calendar_Icon.svg\" style=\"float: right;\"></td>\r\n\t\t\t\t  <td></td>\r\n\t\t\t\t</tr>\r\n\t\t\t  </tbody>\r\n\t\t\t</table>   \r\n\t\t</div>\r\n\t  </div>-->\r\n\t  \t\t</div>\r\n\t  </div>\r\n  <!-- END CONTENT --> \r\n</div>\r\n<!-- START Modal CONTENT myModal_preparedby--> \r\n\t<div class=\"modal fade\" id=\"myModal_preparedby\" role=\"dialog\">\r\n    <div class=\"modal-dialog modal-sm\">\r\n      <div class=\"modal-content\">\r\n        <div class=\"modal-header\">\t\r\n          <button type=\"button\" class=\"close\" style=\"text-indent: 0px !important;\" data-dismiss=\"modal\">&times;</button>\r\n          <h4 class=\"modal-title\">Saved | <u>New</u> </h4>\r\n        </div>\r\n        <div class=\"modal-body\">\r\n          <p><br/><br/><br/><br/><br/></p>\r\n        </div>\r\n        <div class=\"modal-footer\">\r\n          <button type=\"button\" class=\"btn btn-default\" data-dismiss=\"modal\">OK</button>\r\n        </div>\r\n      </div>\r\n    </div>\r\n  </div>\r\n <!-- END Modal CONTENT myModal_preparedby-->\r\n \r\n <!-- START Modal CONTENT myModal_checkedby--> \r\n\t<div class=\"modal fade\" id=\"myModal_checkedby\" role=\"dialog\">\r\n    <div class=\"modal-dialog modal-sm\">\r\n      <div class=\"modal-content\">\r\n        <div class=\"modal-header\">\t\r\n          <button type=\"button\" class=\"close\" style=\"text-indent: 0px !important;\" data-dismiss=\"modal\">&times;</button>\r\n          <h4 class=\"modal-title\">Saved | <u>New</u> </h4>\r\n        </div>\r\n        <div class=\"modal-body\">\r\n          <p><br/><br/><br/><br/><br/></p>\r\n        </div>\r\n        <div class=\"modal-footer\">\r\n          <button type=\"button\" class=\"btn btn-default\" data-dismiss=\"modal\">OK</button>\r\n        </div>\r\n      </div>\r\n    </div>\r\n  </div>\r\n <!-- END Modal CONTENT myModal_checkedby-->\r\n \r\n <!-- START Modal CONTENT myModal_approvedby--> \r\n\t<div class=\"modal fade\" id=\"myModal_approvedby\" role=\"dialog\">\r\n    <div class=\"modal-dialog modal-sm\">\r\n      <div class=\"modal-content\">\r\n        <div class=\"modal-header\">\t\r\n          <button type=\"button\" class=\"close\" style=\"text-indent: 0px !important;\" data-dismiss=\"modal\">&times;</button>\r\n          <h4 class=\"modal-title\">Saved | <u>New</u> </h4>\r\n        </div>\r\n        <div class=\"modal-body\">\r\n          <p><br/><br/><br/><br/><br/></p>\r\n        </div>\r\n        <div class=\"modal-footer\">\r\n          <button type=\"button\" class=\"btn btn-default\" data-dismiss=\"modal\">OK</button>\r\n        </div>\r\n      </div>\r\n    </div>\r\n  </div>\r\n  \r\n <!-- END Modal CONTENT myModal_approvedby-->\r\n\r\n</body>\r\n<!-- END BODY -->\r\n</html>",
  "controller" : "/**\n * The controller is a JavaScript function that augments the AngularJS scope and exposes functions that can be used in the custom widget template\n * \n * Custom widget properties defined on the right can be used as variables in a controller with $scope.properties\n * To use AngularJS standard services, you must declare them in the main function arguments.\n * \n * You can leave the controller empty if you do not need it.\n */\nfunction $scope() {\n$(function() {\n  $('img[name=\"calender_preparedby\"]').daterangepicker({\n    singleDatePicker: true,\n    showDropdowns: true,\n  });\n});\n\n$(function() {\n  $('img[name=\"calender_checkby\"]').daterangepicker({\n    singleDatePicker: true,\n    showDropdowns: true,\n  });\n});\n\n$(function() {\n  $('img[name=\"calender_approvedby\"]').daterangepicker({\n    singleDatePicker: true,\n    showDropdowns: true,\n  });\n});\n\n}",
  "custom" : true,
  "properties" : [ {
    "label" : "createdBy",
    "name" : "createdBy",
    "type" : "text",
    "bond" : "variable"
  }, {
    "label" : "createdDate",
    "name" : "createdDate",
    "type" : "text",
    "bond" : "variable"
  }, {
    "label" : "reviewBy",
    "name" : "reviewBy",
    "type" : "text",
    "bond" : "variable"
  }, {
    "label" : "reviewDt",
    "name" : "reviewDt",
    "type" : "text",
    "bond" : "variable"
  } ],
  "assets" : [ {
    "id" : "15f236e2-8bd2-4fb0-bae1-06e542dfea90",
    "name" : "font-awesome.min.css",
    "type" : "css",
    "order" : 11,
    "external" : false
  }, {
    "id" : "ff8b0062-1a26-40d5-a496-8fc9e7219b62",
    "name" : "jquery.min.js",
    "type" : "js",
    "order" : 6,
    "external" : false
  }, {
    "id" : "0f8e2be2-35ef-4522-a212-97a7dfc263d9",
    "name" : "components.css",
    "type" : "css",
    "order" : 9,
    "external" : false
  }, {
    "id" : "f6393c39-d4ea-4b42-8285-caae5acb0236",
    "name" : "Keyboard_small.svg",
    "type" : "img",
    "order" : 2,
    "external" : false
  }, {
    "id" : "047b289c-673e-4e69-a674-1a2e40d35c9f",
    "name" : "indexmain.css",
    "type" : "css",
    "order" : 12,
    "external" : false
  }, {
    "id" : "2606b9fc-b8b1-4e84-b9c0-93e53140152f",
    "name" : "bootstrap.min.css",
    "type" : "css",
    "order" : 8,
    "external" : false
  }, {
    "id" : "bf99ff23-4122-4bed-b0da-c6d3dc813aec",
    "name" : "daterangepicker.min.js",
    "type" : "js",
    "order" : 5,
    "external" : false
  }, {
    "id" : "bd55e713-8573-4bb2-a74f-3e4f0c032dfd",
    "name" : "daterangepicker.css",
    "type" : "css",
    "order" : 10,
    "external" : false
  }, {
    "id" : "236d55d3-7752-4599-8561-bd4d8c83cb6a",
    "name" : "style.css",
    "type" : "css",
    "order" : 13,
    "external" : false
  }, {
    "id" : "4762798a-b1dd-445c-8cc1-b298f1e2eec3",
    "name" : "Signature_Icon.svg",
    "type" : "img",
    "order" : 3,
    "external" : false
  }, {
    "id" : "48f6d5cf-696e-45cc-a0c3-1ef1b046db57",
    "name" : "moment.min.js",
    "type" : "js",
    "order" : 7,
    "external" : false
  }, {
    "id" : "0bed0f42-a0c8-4bed-ab1f-3f34547be379",
    "name" : "Calendar_Icon.svg",
    "type" : "img",
    "order" : 1,
    "external" : false
  }, {
    "id" : "9d6a1d39-83c4-451e-bff7-2de29c3074df",
    "name" : "bootstrap.min.js",
    "type" : "js",
    "order" : 4,
    "external" : false
  } ],
  "requiredModules" : [ ],
  "type" : "widget",
  "hasHelp" : false
}