{
  "designerVersion" : "1.7.25",
  "previousDesignerVersion" : "1.5.51",
  "id" : "9aebcd03-38c0-43f3-9825-f13812494325",
  "name" : "eableDisableForm",
  "lastUpdate" : 1543487076003,
  "rows" : [ [ {
    "type" : "container",
    "dimension" : {
      "xs" : 12
    },
    "propertyValues" : {
      "cssClasses" : {
        "type" : "constant",
        "value" : ""
      },
      "hidden" : {
        "type" : "constant",
        "value" : false
      },
      "repeatedCollection" : {
        "type" : "variable"
      }
    },
    "reference" : "d904b6aa-5695-45fb-9ef9-d3b2dcbc0f5d",
    "id" : "pbContainer",
    "rows" : [ [ {
      "type" : "component",
      "dimension" : {
        "xs" : 12
      },
      "propertyValues" : {
        "cssClasses" : {
          "type" : "constant",
          "value" : ""
        },
        "hidden" : {
          "type" : "constant",
          "value" : false
        },
        "value" : {
          "type" : "constant",
          "value" : "This is the initial value"
        },
        "color" : {
          "type" : "constant",
          "value" : "RebeccaPurple"
        },
        "background" : {
          "type" : "constant",
          "value" : "Yellow"
        },
        "groupName" : {
          "type" : "constant",
          "value" : "Manager"
        }
      },
      "reference" : "740e44d8-76af-424b-ae83-6f306f54e53d",
      "id" : "customEnableDisableText"
    } ] ]
  } ] ],
  "assets" : [ {
    "id" : "3151f8d7-b522-4e6e-96cd-0fbd2b1b8279",
    "name" : "style.css",
    "type" : "css",
    "order" : 0,
    "external" : false
  } ],
  "inactiveAssets" : [ ],
  "data" : { },
  "uuid" : "9aebcd03-38c0-43f3-9825-f13812494325",
  "type" : "form"
}