{
  "designerVersion" : "1.7.69",
  "id" : "MaterialWeighingForm2",
  "name" : "MaterialWeighingForm2",
  "lastUpdate" : 1539682329544,
  "rows" : [ [ {
    "type" : "container",
    "dimension" : {
      "xs" : 12
    },
    "propertyValues" : {
      "cssClasses" : {
        "type" : "constant",
        "value" : ""
      },
      "hidden" : {
        "type" : "constant",
        "value" : false
      },
      "repeatedCollection" : {
        "type" : "variable",
        "value" : ""
      }
    },
    "reference" : "c3efbac7-3639-4623-84e7-dce199acccca",
    "id" : "pbContainer",
    "rows" : [ [ {
      "type" : "component",
      "dimension" : {
        "xs" : 12
      },
      "propertyValues" : {
        "cssClasses" : {
          "type" : "constant",
          "value" : ""
        },
        "hidden" : {
          "type" : "constant",
          "value" : false
        },
        "wr2PrpBy" : {
          "type" : "variable",
          "value" : "wr2PrepBy.value"
        },
        "wr2PrpDt" : {
          "type" : "variable",
          "value" : "wr2PrepDt.value"
        },
        "wr2CkBy" : {
          "type" : "variable",
          "value" : "wr2ChkBy.value"
        },
        "wr2CkDt" : {
          "type" : "variable",
          "value" : "wr2ChkDt.value"
        },
        "wr2ApBy" : {
          "type" : "variable",
          "value" : "wr2AppBy.value"
        },
        "wr2ApDt" : {
          "type" : "variable",
          "value" : "wr2AppDt.value"
        }
      },
      "reference" : "f00677d8-5e04-4e5f-a083-ff3223aaa4f4",
      "id" : "customMaterialWeighForm2"
    } ], [ {
      "type" : "component",
      "dimension" : {
        "xs" : 12
      },
      "propertyValues" : {
        "cssClasses" : {
          "type" : "constant",
          "value" : ""
        },
        "hidden" : {
          "type" : "constant",
          "value" : false
        },
        "disabled" : {
          "type" : "constant",
          "value" : false
        },
        "label" : {
          "type" : "interpolation",
          "value" : "Submit"
        },
        "alignment" : {
          "type" : "constant",
          "value" : "center"
        },
        "buttonStyle" : {
          "type" : "constant",
          "value" : "success"
        },
        "action" : {
          "type" : "constant",
          "value" : "Submit task"
        },
        "url" : {
          "type" : "interpolation"
        },
        "dataToSend" : {
          "type" : "expression",
          "value" : "formOutput"
        },
        "dataFromSuccess" : {
          "type" : "variable",
          "value" : ""
        },
        "dataFromError" : {
          "type" : "variable",
          "value" : ""
        },
        "targetUrlOnSuccess" : {
          "type" : "interpolation"
        },
        "collectionToModify" : {
          "type" : "variable"
        },
        "collectionPosition" : {
          "type" : "constant",
          "value" : "Last"
        },
        "valueToAdd" : {
          "type" : "constant"
        },
        "removeItem" : {
          "type" : "variable"
        }
      },
      "reference" : "ca59d045-bcd5-40cd-a456-1279b2b99f21",
      "id" : "pbButton"
    } ] ]
  } ] ],
  "assets" : [ {
    "id" : "89c63fb1-6b35-4d5b-beed-a1406a50c5db",
    "name" : "style.css",
    "type" : "css",
    "order" : 0,
    "external" : false
  } ],
  "inactiveAssets" : [ ],
  "data" : {
    "caseId" : {
      "type" : "expression",
      "value" : "return $data.taskJSON.parentCaseId;",
      "exposed" : false
    },
    "context" : {
      "type" : "url",
      "value" : "../API/bpm/userTask/{{taskId}}/context",
      "exposed" : false
    },
    "formOutput" : {
      "type" : "expression",
      "value" : "return {'username':$data.userAPI.user_name};",
      "exposed" : false
    },
    "task" : {
      "type" : "url",
      "value" : "../API/bpm/userTask/{{taskId}}",
      "exposed" : false
    },
    "taskId" : {
      "type" : "urlparameter",
      "value" : "id",
      "exposed" : false
    },
    "taskJSON" : {
      "type" : "url",
      "value" : "../API/bpm/task/{{taskId}}",
      "exposed" : false
    },
    "userAPI" : {
      "type" : "url",
      "value" : "../API/system/session/unusedid",
      "exposed" : false
    },
    "wr2PrepBy" : {
      "type" : "url",
      "value" : "../API/bpm/caseVariable/{{caseId}}/wr2PrepBy",
      "exposed" : false
    },
    "wr2PrepDt" : {
      "type" : "url",
      "value" : "../API/bpm/caseVariable/{{caseId}}/wr2PrepDt",
      "exposed" : false
    },
    "wr2ChkBy" : {
      "type" : "url",
      "value" : "../API/bpm/caseVariable/{{caseId}}/wr2ChkBy",
      "exposed" : false
    },
    "wr2ChkDt" : {
      "type" : "url",
      "value" : "../API/bpm/caseVariable/{{caseId}}/wr2ChkDt",
      "exposed" : false
    },
    "wr2AppBy" : {
      "type" : "url",
      "value" : "../API/bpm/caseVariable/{{caseId}}/wr2AppBy",
      "exposed" : false
    },
    "wr2AppDt" : {
      "type" : "url",
      "value" : "../API/bpm/caseVariable/{{caseId}}/wr2AppDt",
      "exposed" : false
    }
  },
  "uuid" : "9981c427-d602-443e-86c2-ee3d1246f86f",
  "type" : "form"
}