{
  "designerVersion" : "1.5.51",
  "id" : "customEnableDisableText",
  "name" : "enableDisableText",
  "lastUpdate" : 1543487075769,
  "template" : "<html>\n<body>\n\nName: <input type=\"text\" id=\"myText\">\n\n\n</body>\n</html>",
  "controller" : "/**\n * The controller is a JavaScript function that augments the AngularJS scope and exposes functions that can be used in the custom widget template\n * \n * Custom widget properties defined on the right can be used as variables in a controller with $scope.properties\n * To use AngularJS standard services, you must declare them in the main function arguments.\n * \n * You can leave the controller empty if you do not need it.\n */\nfunction ($scope) {\n    if ($scope.properties.groupName === \"Manager\") {\n                document.getElementById(\"myText\").disabled = false;\n        } else {\n                document.getElementById(\"myText\").disabled = true;\n        }\n\n\n\n}",
  "custom" : true,
  "properties" : [ {
    "label" : "groupName",
    "name" : "groupName",
    "type" : "text",
    "bond" : "expression"
  } ],
  "assets" : [ ],
  "requiredModules" : [ ],
  "type" : "widget",
  "hasHelp" : false
}