{
  "designerVersion" : "1.7.69",
  "id" : "customMaterialWeighForm3",
  "name" : "MaterialWeighForm3",
  "lastUpdate" : 1539682292680,
  "template" : "<!DOCTYPE html>\r\n<!--[if IE 8]> <html lang=\"en\" class=\"ie8 no-js\"> <![endif]-->\r\n<!--[if IE 9]> <html lang=\"en\" class=\"ie9 no-js\"> <![endif]-->\r\n<!--[if !IE]><!-->\r\n<html lang=\"en\">\r\n<!--<![endif]-->\r\n\r\n<!-- Head BEGIN -->\r\n\r\n<head>\r\n<meta charset=\"utf-8\">\r\n<title>Tetrasoft®  Engineering Professionals</title>\r\n<meta content=\"width=device-width, initial-scale=1.0\" name=\"viewport\">\r\n<meta http-equiv=\"X-UA-Compatible\" content=\"IE=edge,chrome=1\">\r\n\r\n<!-- link to image for socio -->\r\n<link rel=\"shortcut icon\" href=\"../favicon.ico\">\r\n\r\n<!-- Fonts START -->\r\n<link href=\"http://fonts.googleapis.com/css?family=Open+Sans:300,400,600,700|PT+Sans+Narrow|Source+Sans+Pro:200,300,400,600,700,900&amp;subset=all\" rel=\"stylesheet\" type=\"text/css\">\r\n<!-- Fonts END -->\r\n\r\n<!-- Global styles START -->\r\n<link href=\"../assets/font-awesome.min.css\" rel=\"stylesheet\">\r\n<link href=\"../assets/bootstrap.min.css\" rel=\"stylesheet\">\r\n<!-- Global styles END -->\r\n\r\n<!-- Theme styles START -->\r\n<link href=\"../assets/components.css\" rel=\"stylesheet\">\r\n<link href=\"../assets/style.css\" rel=\"stylesheet\">\r\n\r\n<script src=\"../assets/jquery.min.js\"></script>\r\n<script src=\"../assets/bootstrap.min.js\"></script>\r\n\r\n<script type=\"text/javascript\" src=\"../assets/moment.min.js\"></script>\r\n<script type=\"text/javascript\" src=\"../assets/daterangepicker.min.js\"></script>\r\n<link rel=\"stylesheet\" type=\"text/css\" href=\"../assets/daterangepicker.css\" />\r\n<style>\r\n.b_font {\r\n\tfont: 400 13px 'Open Sans', sans-serif, Arial;\r\n\r\n}\r\n.b_table_center th {\r\n\tfont: 400 13px 'Open Sans', sans-serif, Arial;\r\n\topacity: 0.8;\r\n\tfont-weight: bold;\r\n\ttext-align: center;\r\n\tfont-size: 12px;\r\n\tcolor: #000000;\r\n}\r\n.b_table_font tr td {\r\n\tfont: 400 13px 'Open Sans', sans-serif, Arial;\r\n\topacity: 0.8;\r\n\tfont-weight: normal;\r\n\ttext-align: center;\r\n\tfont-size: 12px;\r\n\tcolor: #000000;\r\n}\r\n.b_table_font tr th {\r\n\tfont: 400 13px 'Open Sans', sans-serif, Arial;\r\n\topacity: 0.8;\r\n\tfont-weight: bold;\r\n\ttext-align: center;\r\n\tfont-size: 12px;\r\n\tcolor: #000000;\r\n}\r\n.s_font_uppercase p {\r\n\ttext-transform: uppercase;\r\n\t\r\n}\r\n\r\n.s_font_uppercase td {\r\n\ttext-transform: uppercase;\r\n\tfont-weight: bold;\r\n}\r\n\r\n.s_table_border tr td {\r\n\tborder-left: hidden;\r\n    border-top: hidden;\r\n    border-right: hidden;\r\n}\r\n</style>\r\n</head>\r\n<!-- Head END -->\r\n\r\n<!-- Body BEGIN -->\r\n<body style=\"font: 400 13px 'Open Sans', sans-serif, Arial;\" class=\"corporate\">\r\n<div class=\"main\">\r\n  <div class=\"containerinbody\"> \r\n\r\n    <!-- BEGIN SIDEBAR & CONTENT -->\r\n    <div class=\"row margin-bottom-20\" style=\"margin-top:20px;\"> \r\n      <!-- BEGIN CONTENT -->\r\n      \r\n    <div class=\"containerinbody\">\r\n\t\t<div class=\"row\" style=\"margin-top:20px;\"> \r\n\r\n\t<table class=\"col-md-12 col-sm-12 col-xs-12\">\r\n\t\t<tbody class=\"b_table_font\">\r\n\t\t\t<tr style=\"float: left;\">\r\n\t\t\t\t<td><p style=\"font-size: 10px; color: #000000; opacity: 0.45;\">Choose whichever is applicable</p></td>\r\n\t\t\t</tr>\r\n\t\t\t<tr>\r\n\t\t\t\t<td class=\"radio\">\r\n\t\t\t\t\t<label style=\"float: left;\"><input type=\"radio\" name=\"optradio\" checked>BMR</label>\r\n\t\t\t\t\t<label style=\"float: left; margin-left: 10px;\"><input type=\"radio\" name=\"optradio\">STORE COPY</label>\r\n\t\t\t\t\t<h5 style=\"float: right;\"> \r\n\t\t\t\t\t\t<b style=\"text-align: right;\">BATCH No.: <input style=\"border: hidden;\" type=\"text\" name=\"xxx\" value=\"101618\" readonly></b>\r\n\t\t\t\t\t</h5>\r\n\t\t\t\t</td>\r\n\t\t\t</tr>\t\t\t\r\n\t\t</tbody>\r\n\t</table>\r\n\t\t\r\n\t\t\t<table class=\"table table-bordered\">\r\n\t\t\t  <tbody class=\"b_table_font\">\r\n\t\t\t  <h5 class=\"title\"><b>4.5 MATERIAL WEIGHING RECORD</b></h5>\r\n\t\t\t\t<tr class=\"s_font_uppercase\">\r\n\t\t\t\t  <th style=\"width: 3%;\">Sr. No</th>\r\n\t\t\t\t  <th style=\"width: 15%;\">Name of the Pharmaceutical Ingredient</th>\r\n\t\t\t\t  <th style=\"width: 8%;\">Std. Qty. (kg)</th>\r\n\t\t\t\t  <th style=\"width: 5%;\">Item Code</th>\r\n\t\t\t\t  <th style=\"width: 10%;\">A.R.No.</th>\r\n\t\t\t\t  <th style=\"width: 6%;\">Retest date</th>\r\n\t\t\t\t  <th style=\"width: 2%;\">U<br>O</br>M</th>\r\n\t\t\t\t  <th style=\"width: 5%;\">Gross Wt.</th>\r\n\t\t\t\t  <th style=\"width: 5%;\">Tare Wt.</th>\r\n\t\t\t\t  <th style=\"width: 5%;\">Net Wt.</th>\r\n\t\t\t\t  <th style=\"width: 5%;\">Balance code No.</th>\r\n\t\t\t\t  <th style=\"width: 5%;\">Weighted by: date (store)</th>\r\n\t\t\t\t  <th style=\"width: 5%;\">Checked by: date (IPQA)</th>\r\n\t\t\t\t</tr>\r\n\t\t\t\t\r\n\t\t\t\t<tr>\r\n\t\t\t\t  <td>17</td>\r\n\t\t\t\t  <td style=\"text-align: left;\">Povidone(Lot – V) BP/EP</td>\r\n\t\t\t\t  <td>\r\n\t\t\t\t\t<center>\r\n\t\t\t\t\t\t1.600 \r\n\t\t\t\t\t</center>\r\n\t\t\t\t  </td>\r\n\t\t\t\t  <td>REND 0197</td>\r\n\t\t\t\t  <td style=\"padding: 0px; margin: 0px;\">\r\n\t\t\t\t\t<table style=\"padding: 0px; margin: 0px;\" class=\"table table-bordered\">\r\n\t\t\t\t\t\t<tr>\r\n\t\t\t\t\t\t\t<td>\r\n\t\t\t\t\t\t\t\t<input style=\"width: 50%; border: none;\" type=\"text\" /> \r\n\t\t\t\t\t\t\t\t<img src=\"widgets/customMaterialWeighForm3/assets/img/Keyboard_small.svg\" style=\"float: right; width: 22%; height: auto;\"/>\r\n\t\t\t\t\t\t\t</td>\r\n\t\t\t\t\t\t</tr>\r\n\t\t\t\t\t\t<tr>\r\n\t\t\t\t\t\t\t<td>\r\n\t\t\t\t\t\t\t\t<input style=\"width: 50%; border: none;\" type=\"text\" /> \r\n\t\t\t\t\t\t\t\t<img src=\"widgets/customMaterialWeighForm3/assets/img/Keyboard_small.svg\" style=\"float: right; width: 22%; height: auto;\"/>\r\n\t\t\t\t\t\t\t</td>\r\n\t\t\t\t\t\t</tr>\r\n\t\t\t\t\t\t<tr>\r\n\t\t\t\t\t\t\t<td>\r\n\t\t\t\t\t\t\t\t<input style=\"width: 50%; border: none;\" type=\"text\" /> \r\n\t\t\t\t\t\t\t\t<img src=\"widgets/customMaterialWeighForm3/assets/img/Keyboard_small.svg\" style=\"float: right; width: 22%; height: auto;\"/>\r\n\t\t\t\t\t\t\t</td>\r\n\t\t\t\t\t\t</tr>\r\n\t\t\t\t\t\t<tr>\r\n\t\t\t\t\t\t\t<td>\r\n\t\t\t\t\t\t\t\t<input style=\"width: 50%; border: none;\" type=\"text\" /> \r\n\t\t\t\t\t\t\t\t<img src=\"widgets/customMaterialWeighForm3/assets/img/Keyboard_small.svg\" style=\"float: right; width: 22%; height: auto;\"/>\r\n\t\t\t\t\t\t\t</td>\r\n\t\t\t\t\t\t</tr>\r\n\t\t\t\t\t\t<tr>\r\n\t\t\t\t\t\t\t<td>\r\n\t\t\t\t\t\t\t\t<input style=\"width: 50%; border: none;\" type=\"text\" /> \r\n\t\t\t\t\t\t\t\t<img src=\"widgets/customMaterialWeighForm3/assets/img/Keyboard_small.svg\" style=\"float: right; width: 22%; height: auto;\"/>\r\n\t\t\t\t\t\t\t</td>\r\n\t\t\t\t\t\t</tr>\r\n\t\t\t\t\t</table>\r\n\t\t\t\t  </td>\r\n\t\t\t\t  <td style=\"padding: 0px; margin: 0px;\">\r\n\t\t\t\t\t<table style=\"padding: 0px; margin: 0px;\" class=\"table table-bordered\">\r\n\t\t\t\t\t\t<tr>\r\n\t\t\t\t\t\t\t<td>\r\n\t\t\t\t\t\t\t\t<input style=\"width: 50%; border: none;\" type=\"text\" /> \r\n\t\t\t\t\t\t\t\t<img src=\"widgets/customMaterialWeighForm3/assets/img/Calendar_Icon.svg\" style=\"float: right; width: 25%; height: auto;\"/>\r\n\t\t\t\t\t\t\t</td>\r\n\t\t\t\t\t\t</tr>\r\n\t\t\t\t\t\t<tr>\r\n\t\t\t\t\t\t\t<td>\r\n\t\t\t\t\t\t\t\t<input style=\"width: 50%; border: none;\" type=\"text\" />\r\n\t\t\t\t\t\t\t\t<img src=\"widgets/customMaterialWeighForm3/assets/img/Calendar_Icon.svg\" style=\"float: right; width: 25%; height: auto;\"/>\r\n\t\t\t\t\t\t\t</td>\r\n\t\t\t\t\t\t</tr>\r\n\t\t\t\t\t\t<tr>\r\n\t\t\t\t\t\t\t<td>\r\n\t\t\t\t\t\t\t\t<input style=\"width: 50%; border: none;\" type=\"text\" />\r\n\t\t\t\t\t\t\t\t<img src=\"widgets/customMaterialWeighForm3/assets/img/Calendar_Icon.svg\" style=\"float: right; width: 25%; height: auto;\"/>\r\n\t\t\t\t\t\t\t</td>\r\n\t\t\t\t\t\t</tr>\r\n\t\t\t\t\t\t<tr>\r\n\t\t\t\t\t\t\t<td>\r\n\t\t\t\t\t\t\t\t<input style=\"width: 50%; border: none;\" type=\"text\" />\r\n\t\t\t\t\t\t\t\t<img src=\"widgets/customMaterialWeighForm3/assets/img/Calendar_Icon.svg\" style=\"float: right; width: 25%; height: auto;\"/>\r\n\t\t\t\t\t\t\t</td>\r\n\t\t\t\t\t\t</tr>\r\n\t\t\t\t\t\t<tr>\r\n\t\t\t\t\t\t\t<td>\r\n\t\t\t\t\t\t\t\t<input style=\"width: 50%; border: none;\" type=\"text\" />\r\n\t\t\t\t\t\t\t\t<img src=\"widgets/customMaterialWeighForm3/assets/img/Calendar_Icon.svg\" style=\"float: right; width: 25%; height: auto;\"/>\r\n\t\t\t\t\t\t\t</td>\r\n\t\t\t\t\t\t</tr>\r\n\t\t\t\t\t</table>\r\n\t\t\t\t  </td>\r\n\t\t\t\t  <td>kg</td>\r\n\t\t\t\t  <td style=\"padding: 0px; margin: 0px;\">\r\n\t\t\t\t\t<table style=\"padding: 0px; margin: 0px;\" class=\"table table-bordered\">\r\n\t\t\t\t\t\t<tr>\r\n\t\t\t\t\t\t\t<td>\r\n\t\t\t\t\t\t\t\t<input style=\"width: 40%; border: none;\" type=\"text\" />\r\n\t\t\t\t\t\t\t\t<img src=\"widgets/customMaterialWeighForm3/assets/img/Keyboard_small.svg\" style=\"float: right; width: 51%; height: auto;\"/>\r\n\t\t\t\t\t\t\t</td>\r\n\t\t\t\t\t\t</tr>\r\n\t\t\t\t\t\t<tr>\r\n\t\t\t\t\t\t\t<td>\r\n\t\t\t\t\t\t\t\t<input style=\"width: 40%; border: none;\" type=\"text\" />\r\n\t\t\t\t\t\t\t\t<img src=\"widgets/customMaterialWeighForm3/assets/img/Keyboard_small.svg\" style=\"float: right; width: 51%; height: auto;\"/>\r\n\t\t\t\t\t\t\t</td>\r\n\t\t\t\t\t\t</tr>\r\n\t\t\t\t\t\t<tr>\r\n\t\t\t\t\t\t\t<td>\r\n\t\t\t\t\t\t\t\t<input style=\"width: 40%; border: none;\" type=\"text\" />\r\n\t\t\t\t\t\t\t\t<img src=\"widgets/customMaterialWeighForm3/assets/img/Keyboard_small.svg\" style=\"float: right; width: 51%; height: auto;\"/>\r\n\t\t\t\t\t\t\t</td>\r\n\t\t\t\t\t\t</tr>\r\n\t\t\t\t\t\t<tr>\r\n\t\t\t\t\t\t\t<td>\r\n\t\t\t\t\t\t\t\t<input style=\"width: 40%; border: none;\" type=\"text\" />\r\n\t\t\t\t\t\t\t\t<img src=\"widgets/customMaterialWeighForm3/assets/img/Keyboard_small.svg\" style=\"float: right; width: 51%; height: auto;\"/>\r\n\t\t\t\t\t\t\t</td>\r\n\t\t\t\t\t\t</tr>\r\n\t\t\t\t\t\t<tr>\r\n\t\t\t\t\t\t\t<td>\r\n\t\t\t\t\t\t\t\t<input style=\"width: 40%; border: none;\" type=\"text\" />\r\n\t\t\t\t\t\t\t\t<img src=\"widgets/customMaterialWeighForm3/assets/img/Keyboard_small.svg\" style=\"float: right; width: 51%; height: auto;\"/>\r\n\t\t\t\t\t\t\t</td>\r\n\t\t\t\t\t\t</tr>\r\n\t\t\t\t\t</table>\r\n\t\t\t\t  </td>\r\n\t\t\t\t  <td style=\"padding: 0px; margin: 0px;\">\r\n\t\t\t\t\t<table style=\"padding: 0px; margin: 0px;\" class=\"table table-bordered\">\r\n\t\t\t\t\t\t<tr>\r\n\t\t\t\t\t\t\t<td>\r\n\t\t\t\t\t\t\t\t<input style=\"width: 40%; border: none;\" type=\"text\" />\r\n\t\t\t\t\t\t\t\t<img src=\"widgets/customMaterialWeighForm3/assets/img/Keyboard_small.svg\" style=\"float: right; width: 51%; height: auto;\"/>\r\n\t\t\t\t\t\t\t</td>\r\n\t\t\t\t\t\t</tr>\r\n\t\t\t\t\t\t<tr>\r\n\t\t\t\t\t\t\t<td>\r\n\t\t\t\t\t\t\t\t<input style=\"width: 40%; border: none;\" type=\"text\" />\r\n\t\t\t\t\t\t\t\t<img src=\"widgets/customMaterialWeighForm3/assets/img/Keyboard_small.svg\" style=\"float: right; width: 51%; height: auto;\"/>\r\n\t\t\t\t\t\t\t</td>\r\n\t\t\t\t\t\t</tr>\r\n\t\t\t\t\t\t<tr>\r\n\t\t\t\t\t\t\t<td>\r\n\t\t\t\t\t\t\t\t<input style=\"width: 40%; border: none;\" type=\"text\" />\r\n\t\t\t\t\t\t\t\t<img src=\"widgets/customMaterialWeighForm3/assets/img/Keyboard_small.svg\" style=\"float: right; width: 51%; height: auto;\"/>\r\n\t\t\t\t\t\t\t</td>\r\n\t\t\t\t\t\t</tr>\r\n\t\t\t\t\t\t<tr>\r\n\t\t\t\t\t\t\t<td>\r\n\t\t\t\t\t\t\t\t<input style=\"width: 40%; border: none;\" type=\"text\" />\r\n\t\t\t\t\t\t\t\t<img src=\"widgets/customMaterialWeighForm3/assets/img/Keyboard_small.svg\" style=\"float: right; width: 51%; height: auto;\"/>\r\n\t\t\t\t\t\t\t</td>\r\n\t\t\t\t\t\t</tr>\r\n\t\t\t\t\t\t<tr>\r\n\t\t\t\t\t\t\t<td>\r\n\t\t\t\t\t\t\t\t<input style=\"width: 40%; border: none;\" type=\"text\" />\r\n\t\t\t\t\t\t\t\t<img src=\"widgets/customMaterialWeighForm3/assets/img/Keyboard_small.svg\" style=\"float: right; width: 51%; height: auto;\"/>\r\n\t\t\t\t\t\t\t</td>\r\n\t\t\t\t\t\t</tr>\r\n\t\t\t\t\t</table>\r\n\t\t\t\t  </td>\r\n\t\t\t\t  <td style=\"padding: 0px; margin: 0px;\">\r\n\t\t\t\t\t<table style=\"padding: 0px; margin: 0px;\" class=\"table table-bordered\">\r\n\t\t\t\t\t\t<tr>\r\n\t\t\t\t\t\t\t<td>\r\n\t\t\t\t\t\t\t\t<input style=\"width: 40%; border: none;\" type=\"text\" />\r\n\t\t\t\t\t\t\t\t<img src=\"widgets/customMaterialWeighForm3/assets/img/Keyboard_small.svg\" style=\"float: right; width: 51%; height: auto;\"/>\r\n\t\t\t\t\t\t\t</td>\r\n\t\t\t\t\t\t</tr>\r\n\t\t\t\t\t\t<tr>\r\n\t\t\t\t\t\t\t<td>\r\n\t\t\t\t\t\t\t\t<input style=\"width: 40%; border: none;\" type=\"text\" />\r\n\t\t\t\t\t\t\t\t<img src=\"widgets/customMaterialWeighForm3/assets/img/Keyboard_small.svg\" style=\"float: right; width: 51%; height: auto;\"/>\r\n\t\t\t\t\t\t\t</td>\r\n\t\t\t\t\t\t</tr>\r\n\t\t\t\t\t\t<tr>\r\n\t\t\t\t\t\t\t<td>\r\n\t\t\t\t\t\t\t\t<input style=\"width: 40%; border: none;\" type=\"text\" />\r\n\t\t\t\t\t\t\t\t<img src=\"widgets/customMaterialWeighForm3/assets/img/Keyboard_small.svg\" style=\"float: right; width: 51%; height: auto;\"/>\r\n\t\t\t\t\t\t\t</td>\r\n\t\t\t\t\t\t</tr>\r\n\t\t\t\t\t\t<tr>\r\n\t\t\t\t\t\t\t<td>\r\n\t\t\t\t\t\t\t\t<input style=\"width: 40%; border: none;\" type=\"text\" />\r\n\t\t\t\t\t\t\t\t<img src=\"widgets/customMaterialWeighForm3/assets/img/Keyboard_small.svg\" style=\"float: right; width: 51%; height: auto;\"/>\r\n\t\t\t\t\t\t\t</td>\r\n\t\t\t\t\t\t</tr>\r\n\t\t\t\t\t\t<tr>\r\n\t\t\t\t\t\t\t<td>\r\n\t\t\t\t\t\t\t\t<input style=\"width: 40%; border: none;\" type=\"text\" />\r\n\t\t\t\t\t\t\t\t<img src=\"widgets/customMaterialWeighForm3/assets/img/Keyboard_small.svg\" style=\"float: right; width: 51%; height: auto;\"/>\r\n\t\t\t\t\t\t\t</td>\r\n\t\t\t\t\t\t</tr>\r\n\t\t\t\t\t</table>\r\n\t\t\t\t  </td>\r\n\t\t\t\t  <td style=\"padding: 0px; margin: 0px;\">\r\n\t\t\t\t\t<table style=\"padding: 0px; margin: 0px;\" class=\"table table-bordered\">\r\n\t\t\t\t\t\t<tr>\r\n\t\t\t\t\t\t\t<td>\r\n\t\t\t\t\t\t\t\t<input style=\"width: 40%; border: none;\" type=\"text\" />\r\n\t\t\t\t\t\t\t\t<img src=\"widgets/customMaterialWeighForm3/assets/img/Keyboard_small.svg\" style=\"float: right; width: 42%; height: auto;\"/>\r\n\t\t\t\t\t\t\t</td>\r\n\t\t\t\t\t\t</tr>\r\n\t\t\t\t\t\t<tr>\r\n\t\t\t\t\t\t\t<td>\r\n\t\t\t\t\t\t\t\t<input style=\"width: 40%; border: none;\" type=\"text\" />\r\n\t\t\t\t\t\t\t\t<img src=\"widgets/customMaterialWeighForm3/assets/img/Keyboard_small.svg\" style=\"float: right; width: 42%; height: auto;\"/>\r\n\t\t\t\t\t\t\t</td>\r\n\t\t\t\t\t\t</tr>\r\n\t\t\t\t\t\t<tr>\r\n\t\t\t\t\t\t\t<td>\r\n\t\t\t\t\t\t\t\t<input style=\"width: 40%; border: none;\" type=\"text\" />\r\n\t\t\t\t\t\t\t\t<img src=\"widgets/customMaterialWeighForm3/assets/img/Keyboard_small.svg\" style=\"float: right; width: 42%; height: auto;\"/>\r\n\t\t\t\t\t\t\t</td>\r\n\t\t\t\t\t\t</tr>\r\n\t\t\t\t\t\t<tr>\r\n\t\t\t\t\t\t\t<td>\r\n\t\t\t\t\t\t\t\t<input style=\"width: 40%; border: none;\" type=\"text\" />\r\n\t\t\t\t\t\t\t\t<img src=\"widgets/customMaterialWeighForm3/assets/img/Keyboard_small.svg\" style=\"float: right; width: 42%; height: auto;\"/>\r\n\t\t\t\t\t\t\t</td>\r\n\t\t\t\t\t\t</tr>\r\n\t\t\t\t\t\t<tr>\r\n\t\t\t\t\t\t\t<td>\r\n\t\t\t\t\t\t\t\t<input style=\"width: 40%; border: none;\" type=\"text\" />\r\n\t\t\t\t\t\t\t\t<img src=\"widgets/customMaterialWeighForm3/assets/img/Keyboard_small.svg\" style=\"float: right; width: 42%; height: auto;\"/>\r\n\t\t\t\t\t\t\t</td>\r\n\t\t\t\t\t\t</tr>\r\n\t\t\t\t\t</table>\r\n\t\t\t\t  </td>\r\n\t\t\t\t  <td style=\"padding: 0px; margin: 0px;\">\r\n\t\t\t\t\t<table style=\"padding: 0px; margin: 0px;\" class=\"table table-bordered\">\r\n\t\t\t\t\t\t<tr>\r\n\t\t\t\t\t\t\t<td>\r\n\t\t\t\t\t\t\t\t<input style=\"width: 50%; border: none;\" type=\"text\" /> \r\n\t\t\t\t\t\t\t\t<img src=\"widgets/customMaterialWeighForm3/assets/img/Calendar_Icon.svg\" style=\"float: right; width: 22%; height: auto;\"/>\r\n\t\t\t\t\t\t\t</td>\r\n\t\t\t\t\t\t</tr>\r\n\t\t\t\t\t\t<tr>\r\n\t\t\t\t\t\t\t<td>\r\n\t\t\t\t\t\t\t\t<input style=\"width: 50%; border: none;\" type=\"text\" />\r\n\t\t\t\t\t\t\t\t<img src=\"widgets/customMaterialWeighForm3/assets/img/Calendar_Icon.svg\" style=\"float: right; width: 22%; height: auto;\"/>\r\n\t\t\t\t\t\t\t</td>\r\n\t\t\t\t\t\t</tr>\r\n\t\t\t\t\t\t<tr>\r\n\t\t\t\t\t\t\t<td>\r\n\t\t\t\t\t\t\t\t<input style=\"width: 50%; border: none;\" type=\"text\" />\r\n\t\t\t\t\t\t\t\t<img src=\"widgets/customMaterialWeighForm3/assets/img/Calendar_Icon.svg\" style=\"float: right; width: 22%; height: auto;\"/>\r\n\t\t\t\t\t\t\t</td>\r\n\t\t\t\t\t\t</tr>\r\n\t\t\t\t\t\t<tr>\r\n\t\t\t\t\t\t\t<td>\r\n\t\t\t\t\t\t\t\t<input style=\"width: 50%; border: none;\" type=\"text\" />\r\n\t\t\t\t\t\t\t\t<img src=\"widgets/customMaterialWeighForm3/assets/img/Calendar_Icon.svg\" style=\"float: right; width: 22%; height: auto;\"/>\r\n\t\t\t\t\t\t\t</td>\r\n\t\t\t\t\t\t</tr>\r\n\t\t\t\t\t\t<tr>\r\n\t\t\t\t\t\t\t<td>\r\n\t\t\t\t\t\t\t\t<input style=\"width: 50%; border: none;\" type=\"text\" />\r\n\t\t\t\t\t\t\t\t<img src=\"widgets/customMaterialWeighForm3/assets/img/Calendar_Icon.svg\" style=\"float: right; width: 22%; height: auto;\"/>\r\n\t\t\t\t\t\t\t</td>\r\n\t\t\t\t\t\t</tr>\r\n\t\t\t\t\t</table>\r\n\t\t\t\t  </td>\r\n\t\t\t\t  <td style=\"padding: 0px; margin: 0px;\">\r\n\t\t\t\t\t<table style=\"padding: 0px; margin: 0px;\" class=\"table table-bordered\">\r\n\t\t\t\t\t\t<tr>\r\n\t\t\t\t\t\t\t<td>\r\n\t\t\t\t\t\t\t\t<input style=\"width: 50%; border: none;\" type=\"text\" /> \r\n\t\t\t\t\t\t\t\t<img src=\"widgets/customMaterialWeighForm3/assets/img/Calendar_Icon.svg\" style=\"float: right; width: 22%; height: auto;\"/>\r\n\t\t\t\t\t\t\t</td>\r\n\t\t\t\t\t\t</tr>\r\n\t\t\t\t\t\t<tr>\r\n\t\t\t\t\t\t\t<td>\r\n\t\t\t\t\t\t\t\t<input style=\"width: 50%; border: none;\" type=\"text\" />\r\n\t\t\t\t\t\t\t\t<img src=\"widgets/customMaterialWeighForm3/assets/img/Calendar_Icon.svg\" style=\"float: right; width: 22%; height: auto;\"/>\r\n\t\t\t\t\t\t\t</td>\r\n\t\t\t\t\t\t</tr>\r\n\t\t\t\t\t\t<tr>\r\n\t\t\t\t\t\t\t<td>\r\n\t\t\t\t\t\t\t\t<input style=\"width: 50%; border: none;\" type=\"text\" />\r\n\t\t\t\t\t\t\t\t<img src=\"widgets/customMaterialWeighForm3/assets/img/Calendar_Icon.svg\" style=\"float: right; width: 22%; height: auto;\"/>\r\n\t\t\t\t\t\t\t</td>\r\n\t\t\t\t\t\t</tr>\r\n\t\t\t\t\t\t<tr>\r\n\t\t\t\t\t\t\t<td>\r\n\t\t\t\t\t\t\t\t<input style=\"width: 50%; border: none;\" type=\"text\" />\r\n\t\t\t\t\t\t\t\t<img src=\"widgets/customMaterialWeighForm3/assets/img/Calendar_Icon.svg\" style=\"float: right; width: 22%; height: auto;\"/>\r\n\t\t\t\t\t\t\t</td>\r\n\t\t\t\t\t\t</tr>\r\n\t\t\t\t\t\t<tr>\r\n\t\t\t\t\t\t\t<td>\r\n\t\t\t\t\t\t\t\t<input style=\"width: 50%; border: none;\" type=\"text\" />\r\n\t\t\t\t\t\t\t\t<img src=\"widgets/customMaterialWeighForm3/assets/img/Calendar_Icon.svg\" style=\"float: right; width: 22%; height: auto;\"/>\r\n\t\t\t\t\t\t\t</td>\r\n\t\t\t\t\t\t</tr>\r\n\t\t\t\t\t</table>\r\n\t\t\t\t  </td>\r\n\t\t\t\t</tr>\r\n\t\t\t\t\r\n\t\t\t\t\r\n\t\t\t\t<tr>\r\n\t\t\t\t\r\n\t\t\t\t  <td>18</td>\r\n\t\t\t\t  <td style=\"text-align: left;\">Povidone (Lot –VI) BP/EP</td>\r\n\t\t\t\t  <td>\r\n\t\t\t\t\t<center>\r\n\t\t\t\t\t\t1.600 \r\n\t\t\t\t\t</center>\r\n\t\t\t\t  </td>\r\n\t\t\t\t  <td>REND 0158</td>\r\n\t\t\t\t  <td style=\"padding: 0px; margin: 0px;\">\r\n\t\t\t\t\t<table style=\"padding: 0px; margin: 0px;\" class=\"table table-bordered\">\r\n\t\t\t\t\t\t<tr>\r\n\t\t\t\t\t\t\t<td>\r\n\t\t\t\t\t\t\t\t<input style=\"width: 50%; border: none;\" type=\"text\" /> \r\n\t\t\t\t\t\t\t\t<img src=\"widgets/customMaterialWeighForm3/assets/img/Keyboard_small.svg\" style=\"float: right; width: 22%; height: auto;\"/>\r\n\t\t\t\t\t\t\t</td>\r\n\t\t\t\t\t\t</tr>\r\n\t\t\t\t\t\t<tr>\r\n\t\t\t\t\t\t\t<td>\r\n\t\t\t\t\t\t\t\t<input style=\"width: 50%; border: none;\" type=\"text\" /> \r\n\t\t\t\t\t\t\t\t<img src=\"widgets/customMaterialWeighForm3/assets/img/Keyboard_small.svg\" style=\"float: right; width: 22%; height: auto;\"/>\r\n\t\t\t\t\t\t\t</td>\r\n\t\t\t\t\t\t</tr>\r\n\t\t\t\t\t\t<tr>\r\n\t\t\t\t\t\t\t<td>\r\n\t\t\t\t\t\t\t\t<input style=\"width: 50%; border: none;\" type=\"text\" /> \r\n\t\t\t\t\t\t\t\t<img src=\"widgets/customMaterialWeighForm3/assets/img/Keyboard_small.svg\" style=\"float: right; width: 22%; height: auto;\"/>\r\n\t\t\t\t\t\t\t</td>\r\n\t\t\t\t\t\t</tr>\r\n\t\t\t\t\t\t<tr>\r\n\t\t\t\t\t\t\t<td>\r\n\t\t\t\t\t\t\t\t<input style=\"width: 50%; border: none;\" type=\"text\" /> \r\n\t\t\t\t\t\t\t\t<img src=\"widgets/customMaterialWeighForm3/assets/img/Keyboard_small.svg\" style=\"float: right; width: 22%; height: auto;\"/>\r\n\t\t\t\t\t\t\t</td>\r\n\t\t\t\t\t\t</tr>\r\n\t\t\t\t\t\t<tr>\r\n\t\t\t\t\t\t\t<td>\r\n\t\t\t\t\t\t\t\t<input style=\"width: 50%; border: none;\" type=\"text\" /> \r\n\t\t\t\t\t\t\t\t<img src=\"widgets/customMaterialWeighForm3/assets/img/Keyboard_small.svg\" style=\"float: right; width: 22%; height: auto;\"/>\r\n\t\t\t\t\t\t\t</td>\r\n\t\t\t\t\t\t</tr>\r\n\t\t\t\t\t</table>\r\n\t\t\t\t  </td>\r\n\t\t\t\t  <td style=\"padding: 0px; margin: 0px;\">\r\n\t\t\t\t\t<table style=\"padding: 0px; margin: 0px;\" class=\"table table-bordered\">\r\n\t\t\t\t\t\t<tr>\r\n\t\t\t\t\t\t\t<td>\r\n\t\t\t\t\t\t\t\t<input style=\"width: 50%; border: none;\" type=\"text\" /> \r\n\t\t\t\t\t\t\t\t<img src=\"widgets/customMaterialWeighForm3/assets/img/Calendar_Icon.svg\" style=\"float: right; width: 25%; height: auto;\"/>\r\n\t\t\t\t\t\t\t</td>\r\n\t\t\t\t\t\t</tr>\r\n\t\t\t\t\t\t<tr>\r\n\t\t\t\t\t\t\t<td>\r\n\t\t\t\t\t\t\t\t<input style=\"width: 50%; border: none;\" type=\"text\" />\r\n\t\t\t\t\t\t\t\t<img src=\"widgets/customMaterialWeighForm3/assets/img/Calendar_Icon.svg\" style=\"float: right; width: 25%; height: auto;\"/>\r\n\t\t\t\t\t\t\t</td>\r\n\t\t\t\t\t\t</tr>\r\n\t\t\t\t\t\t<tr>\r\n\t\t\t\t\t\t\t<td>\r\n\t\t\t\t\t\t\t\t<input style=\"width: 50%; border: none;\" type=\"text\" />\r\n\t\t\t\t\t\t\t\t<img src=\"widgets/customMaterialWeighForm3/assets/img/Calendar_Icon.svg\" style=\"float: right; width: 25%; height: auto;\"/>\r\n\t\t\t\t\t\t\t</td>\r\n\t\t\t\t\t\t</tr>\r\n\t\t\t\t\t\t<tr>\r\n\t\t\t\t\t\t\t<td>\r\n\t\t\t\t\t\t\t\t<input style=\"width: 50%; border: none;\" type=\"text\" />\r\n\t\t\t\t\t\t\t\t<img src=\"widgets/customMaterialWeighForm3/assets/img/Calendar_Icon.svg\" style=\"float: right; width: 25%; height: auto;\"/>\r\n\t\t\t\t\t\t\t</td>\r\n\t\t\t\t\t\t</tr>\r\n\t\t\t\t\t\t<tr>\r\n\t\t\t\t\t\t\t<td>\r\n\t\t\t\t\t\t\t\t<input style=\"width: 50%; border: none;\" type=\"text\" />\r\n\t\t\t\t\t\t\t\t<img src=\"widgets/customMaterialWeighForm3/assets/img/Calendar_Icon.svg\" style=\"float: right; width: 25%; height: auto;\"/>\r\n\t\t\t\t\t\t\t</td>\r\n\t\t\t\t\t\t</tr>\r\n\t\t\t\t\t</table>\r\n\t\t\t\t  </td>\r\n\t\t\t\t  <td>kg</td>\r\n\t\t\t\t  <td style=\"padding: 0px; margin: 0px;\">\r\n\t\t\t\t\t<table style=\"padding: 0px; margin: 0px;\" class=\"table table-bordered\">\r\n\t\t\t\t\t\t<tr>\r\n\t\t\t\t\t\t\t<td>\r\n\t\t\t\t\t\t\t\t<input style=\"width: 40%; border: none;\" type=\"text\" />\r\n\t\t\t\t\t\t\t\t<img src=\"widgets/customMaterialWeighForm3/assets/img/Keyboard_small.svg\" style=\"float: right; width: 51%; height: auto;\"/>\r\n\t\t\t\t\t\t\t</td>\r\n\t\t\t\t\t\t</tr>\r\n\t\t\t\t\t\t<tr>\r\n\t\t\t\t\t\t\t<td>\r\n\t\t\t\t\t\t\t\t<input style=\"width: 40%; border: none;\" type=\"text\" />\r\n\t\t\t\t\t\t\t\t<img src=\"widgets/customMaterialWeighForm3/assets/img/Keyboard_small.svg\" style=\"float: right; width: 51%; height: auto;\"/>\r\n\t\t\t\t\t\t\t</td>\r\n\t\t\t\t\t\t</tr>\r\n\t\t\t\t\t\t<tr>\r\n\t\t\t\t\t\t\t<td>\r\n\t\t\t\t\t\t\t\t<input style=\"width: 40%; border: none;\" type=\"text\" />\r\n\t\t\t\t\t\t\t\t<img src=\"widgets/customMaterialWeighForm3/assets/img/Keyboard_small.svg\" style=\"float: right; width: 51%; height: auto;\"/>\r\n\t\t\t\t\t\t\t</td>\r\n\t\t\t\t\t\t</tr>\r\n\t\t\t\t\t\t<tr>\r\n\t\t\t\t\t\t\t<td>\r\n\t\t\t\t\t\t\t\t<input style=\"width: 40%; border: none;\" type=\"text\" />\r\n\t\t\t\t\t\t\t\t<img src=\"widgets/customMaterialWeighForm3/assets/img/Keyboard_small.svg\" style=\"float: right; width: 51%; height: auto;\"/>\r\n\t\t\t\t\t\t\t</td>\r\n\t\t\t\t\t\t</tr>\r\n\t\t\t\t\t\t<tr>\r\n\t\t\t\t\t\t\t<td>\r\n\t\t\t\t\t\t\t\t<input style=\"width: 40%; border: none;\" type=\"text\" />\r\n\t\t\t\t\t\t\t\t<img src=\"widgets/customMaterialWeighForm3/assets/img/Keyboard_small.svg\" style=\"float: right; width: 51%; height: auto;\"/>\r\n\t\t\t\t\t\t\t</td>\r\n\t\t\t\t\t\t</tr>\r\n\t\t\t\t\t</table>\r\n\t\t\t\t  </td>\r\n\t\t\t\t  <td style=\"padding: 0px; margin: 0px;\">\r\n\t\t\t\t\t<table style=\"padding: 0px; margin: 0px;\" class=\"table table-bordered\">\r\n\t\t\t\t\t\t<tr>\r\n\t\t\t\t\t\t\t<td>\r\n\t\t\t\t\t\t\t\t<input style=\"width: 40%; border: none;\" type=\"text\" />\r\n\t\t\t\t\t\t\t\t<img src=\"widgets/customMaterialWeighForm3/assets/img/Keyboard_small.svg\" style=\"float: right; width: 51%; height: auto;\"/>\r\n\t\t\t\t\t\t\t</td>\r\n\t\t\t\t\t\t</tr>\r\n\t\t\t\t\t\t<tr>\r\n\t\t\t\t\t\t\t<td>\r\n\t\t\t\t\t\t\t\t<input style=\"width: 40%; border: none;\" type=\"text\" />\r\n\t\t\t\t\t\t\t\t<img src=\"widgets/customMaterialWeighForm3/assets/img/Keyboard_small.svg\" style=\"float: right; width: 51%; height: auto;\"/>\r\n\t\t\t\t\t\t\t</td>\r\n\t\t\t\t\t\t</tr>\r\n\t\t\t\t\t\t<tr>\r\n\t\t\t\t\t\t\t<td>\r\n\t\t\t\t\t\t\t\t<input style=\"width: 40%; border: none;\" type=\"text\" />\r\n\t\t\t\t\t\t\t\t<img src=\"widgets/customMaterialWeighForm3/assets/img/Keyboard_small.svg\" style=\"float: right; width: 51%; height: auto;\"/>\r\n\t\t\t\t\t\t\t</td>\r\n\t\t\t\t\t\t</tr>\r\n\t\t\t\t\t\t<tr>\r\n\t\t\t\t\t\t\t<td>\r\n\t\t\t\t\t\t\t\t<input style=\"width: 40%; border: none;\" type=\"text\" />\r\n\t\t\t\t\t\t\t\t<img src=\"widgets/customMaterialWeighForm3/assets/img/Keyboard_small.svg\" style=\"float: right; width: 51%; height: auto;\"/>\r\n\t\t\t\t\t\t\t</td>\r\n\t\t\t\t\t\t</tr>\r\n\t\t\t\t\t\t<tr>\r\n\t\t\t\t\t\t\t<td>\r\n\t\t\t\t\t\t\t\t<input style=\"width: 40%; border: none;\" type=\"text\" />\r\n\t\t\t\t\t\t\t\t<img src=\"widgets/customMaterialWeighForm3/assets/img/Keyboard_small.svg\" style=\"float: right; width: 51%; height: auto;\"/>\r\n\t\t\t\t\t\t\t</td>\r\n\t\t\t\t\t\t</tr>\r\n\t\t\t\t\t</table>\r\n\t\t\t\t  </td>\r\n\t\t\t\t  <td style=\"padding: 0px; margin: 0px;\">\r\n\t\t\t\t\t<table style=\"padding: 0px; margin: 0px;\" class=\"table table-bordered\">\r\n\t\t\t\t\t\t<tr>\r\n\t\t\t\t\t\t\t<td>\r\n\t\t\t\t\t\t\t\t<input style=\"width: 40%; border: none;\" type=\"text\" />\r\n\t\t\t\t\t\t\t\t<img src=\"widgets/customMaterialWeighForm3/assets/img/Keyboard_small.svg\" style=\"float: right; width: 51%; height: auto;\"/>\r\n\t\t\t\t\t\t\t</td>\r\n\t\t\t\t\t\t</tr>\r\n\t\t\t\t\t\t<tr>\r\n\t\t\t\t\t\t\t<td>\r\n\t\t\t\t\t\t\t\t<input style=\"width: 40%; border: none;\" type=\"text\" />\r\n\t\t\t\t\t\t\t\t<img src=\"widgets/customMaterialWeighForm3/assets/img/Keyboard_small.svg\" style=\"float: right; width: 51%; height: auto;\"/>\r\n\t\t\t\t\t\t\t</td>\r\n\t\t\t\t\t\t</tr>\r\n\t\t\t\t\t\t<tr>\r\n\t\t\t\t\t\t\t<td>\r\n\t\t\t\t\t\t\t\t<input style=\"width: 40%; border: none;\" type=\"text\" />\r\n\t\t\t\t\t\t\t\t<img src=\"widgets/customMaterialWeighForm3/assets/img/Keyboard_small.svg\" style=\"float: right; width: 51%; height: auto;\"/>\r\n\t\t\t\t\t\t\t</td>\r\n\t\t\t\t\t\t</tr>\r\n\t\t\t\t\t\t<tr>\r\n\t\t\t\t\t\t\t<td>\r\n\t\t\t\t\t\t\t\t<input style=\"width: 40%; border: none;\" type=\"text\" />\r\n\t\t\t\t\t\t\t\t<img src=\"widgets/customMaterialWeighForm3/assets/img/Keyboard_small.svg\" style=\"float: right; width: 51%; height: auto;\"/>\r\n\t\t\t\t\t\t\t</td>\r\n\t\t\t\t\t\t</tr>\r\n\t\t\t\t\t\t<tr>\r\n\t\t\t\t\t\t\t<td>\r\n\t\t\t\t\t\t\t\t<input style=\"width: 40%; border: none;\" type=\"text\" />\r\n\t\t\t\t\t\t\t\t<img src=\"widgets/customMaterialWeighForm3/assets/img/Keyboard_small.svg\" style=\"float: right; width: 51%; height: auto;\"/>\r\n\t\t\t\t\t\t\t</td>\r\n\t\t\t\t\t\t</tr>\r\n\t\t\t\t\t</table>\r\n\t\t\t\t  </td>\r\n\t\t\t\t  <td style=\"padding: 0px; margin: 0px;\">\r\n\t\t\t\t\t<table style=\"padding: 0px; margin: 0px;\" class=\"table table-bordered\">\r\n\t\t\t\t\t\t<tr>\r\n\t\t\t\t\t\t\t<td>\r\n\t\t\t\t\t\t\t\t<input style=\"width: 40%; border: none;\" type=\"text\" />\r\n\t\t\t\t\t\t\t\t<img src=\"widgets/customMaterialWeighForm3/assets/img/Keyboard_small.svg\" style=\"float: right; width: 42%; height: auto;\"/>\r\n\t\t\t\t\t\t\t</td>\r\n\t\t\t\t\t\t</tr>\r\n\t\t\t\t\t\t<tr>\r\n\t\t\t\t\t\t\t<td>\r\n\t\t\t\t\t\t\t\t<input style=\"width: 40%; border: none;\" type=\"text\" />\r\n\t\t\t\t\t\t\t\t<img src=\"widgets/customMaterialWeighForm3/assets/img/Keyboard_small.svg\" style=\"float: right; width: 42%; height: auto;\"/>\r\n\t\t\t\t\t\t\t</td>\r\n\t\t\t\t\t\t</tr>\r\n\t\t\t\t\t\t<tr>\r\n\t\t\t\t\t\t\t<td>\r\n\t\t\t\t\t\t\t\t<input style=\"width: 40%; border: none;\" type=\"text\" />\r\n\t\t\t\t\t\t\t\t<img src=\"widgets/customMaterialWeighForm3/assets/img/Keyboard_small.svg\" style=\"float: right; width: 42%; height: auto;\"/>\r\n\t\t\t\t\t\t\t</td>\r\n\t\t\t\t\t\t</tr>\r\n\t\t\t\t\t\t<tr>\r\n\t\t\t\t\t\t\t<td>\r\n\t\t\t\t\t\t\t\t<input style=\"width: 40%; border: none;\" type=\"text\" />\r\n\t\t\t\t\t\t\t\t<img src=\"widgets/customMaterialWeighForm3/assets/img/Keyboard_small.svg\" style=\"float: right; width: 42%; height: auto;\"/>\r\n\t\t\t\t\t\t\t</td>\r\n\t\t\t\t\t\t</tr>\r\n\t\t\t\t\t\t<tr>\r\n\t\t\t\t\t\t\t<td>\r\n\t\t\t\t\t\t\t\t<input style=\"width: 40%; border: none;\" type=\"text\" />\r\n\t\t\t\t\t\t\t\t<img src=\"widgets/customMaterialWeighForm3/assets/img/Keyboard_small.svg\" style=\"float: right; width: 42%; height: auto;\"/>\r\n\t\t\t\t\t\t\t</td>\r\n\t\t\t\t\t\t</tr>\r\n\t\t\t\t\t</table>\r\n\t\t\t\t  </td>\r\n\t\t\t\t  <td style=\"padding: 0px; margin: 0px;\">\r\n\t\t\t\t\t<table style=\"padding: 0px; margin: 0px;\" class=\"table table-bordered\">\r\n\t\t\t\t\t\t<tr>\r\n\t\t\t\t\t\t\t<td>\r\n\t\t\t\t\t\t\t\t<input style=\"width: 50%; border: none;\" type=\"text\" /> \r\n\t\t\t\t\t\t\t\t<img src=\"widgets/customMaterialWeighForm3/assets/img/Calendar_Icon.svg\" style=\"float: right; width: 22%; height: auto;\"/>\r\n\t\t\t\t\t\t\t</td>\r\n\t\t\t\t\t\t</tr>\r\n\t\t\t\t\t\t<tr>\r\n\t\t\t\t\t\t\t<td>\r\n\t\t\t\t\t\t\t\t<input style=\"width: 50%; border: none;\" type=\"text\" />\r\n\t\t\t\t\t\t\t\t<img src=\"widgets/customMaterialWeighForm3/assets/img/Calendar_Icon.svg\" style=\"float: right; width: 22%; height: auto;\"/>\r\n\t\t\t\t\t\t\t</td>\r\n\t\t\t\t\t\t</tr>\r\n\t\t\t\t\t\t<tr>\r\n\t\t\t\t\t\t\t<td>\r\n\t\t\t\t\t\t\t\t<input style=\"width: 50%; border: none;\" type=\"text\" />\r\n\t\t\t\t\t\t\t\t<img src=\"widgets/customMaterialWeighForm3/assets/img/Calendar_Icon.svg\" style=\"float: right; width: 22%; height: auto;\"/>\r\n\t\t\t\t\t\t\t</td>\r\n\t\t\t\t\t\t</tr>\r\n\t\t\t\t\t\t<tr>\r\n\t\t\t\t\t\t\t<td>\r\n\t\t\t\t\t\t\t\t<input style=\"width: 50%; border: none;\" type=\"text\" />\r\n\t\t\t\t\t\t\t\t<img src=\"widgets/customMaterialWeighForm3/assets/img/Calendar_Icon.svg\" style=\"float: right; width: 22%; height: auto;\"/>\r\n\t\t\t\t\t\t\t</td>\r\n\t\t\t\t\t\t</tr>\r\n\t\t\t\t\t\t<tr>\r\n\t\t\t\t\t\t\t<td>\r\n\t\t\t\t\t\t\t\t<input style=\"width: 50%; border: none;\" type=\"text\" />\r\n\t\t\t\t\t\t\t\t<img src=\"widgets/customMaterialWeighForm3/assets/img/Calendar_Icon.svg\" style=\"float: right; width: 22%; height: auto;\"/>\r\n\t\t\t\t\t\t\t</td>\r\n\t\t\t\t\t\t</tr>\r\n\t\t\t\t\t</table>\r\n\t\t\t\t  </td>\r\n\t\t\t\t  <td style=\"padding: 0px; margin: 0px;\">\r\n\t\t\t\t\t<table style=\"padding: 0px; margin: 0px;\" class=\"table table-bordered\">\r\n\t\t\t\t\t\t<tr>\r\n\t\t\t\t\t\t\t<td>\r\n\t\t\t\t\t\t\t\t<input style=\"width: 50%; border: none;\" type=\"text\" /> \r\n\t\t\t\t\t\t\t\t<img src=\"widgets/customMaterialWeighForm3/assets/img/Calendar_Icon.svg\" style=\"float: right; width: 22%; height: auto;\"/>\r\n\t\t\t\t\t\t\t</td>\r\n\t\t\t\t\t\t</tr>\r\n\t\t\t\t\t\t<tr>\r\n\t\t\t\t\t\t\t<td>\r\n\t\t\t\t\t\t\t\t<input style=\"width: 50%; border: none;\" type=\"text\" />\r\n\t\t\t\t\t\t\t\t<img src=\"widgets/customMaterialWeighForm3/assets/img/Calendar_Icon.svg\" style=\"float: right; width: 22%; height: auto;\"/>\r\n\t\t\t\t\t\t\t</td>\r\n\t\t\t\t\t\t</tr>\r\n\t\t\t\t\t\t<tr>\r\n\t\t\t\t\t\t\t<td>\r\n\t\t\t\t\t\t\t\t<input style=\"width: 50%; border: none;\" type=\"text\" />\r\n\t\t\t\t\t\t\t\t<img src=\"widgets/customMaterialWeighForm3/assets/img/Calendar_Icon.svg\" style=\"float: right; width: 22%; height: auto;\"/>\r\n\t\t\t\t\t\t\t</td>\r\n\t\t\t\t\t\t</tr>\r\n\t\t\t\t\t\t<tr>\r\n\t\t\t\t\t\t\t<td>\r\n\t\t\t\t\t\t\t\t<input style=\"width: 50%; border: none;\" type=\"text\" />\r\n\t\t\t\t\t\t\t\t<img src=\"widgets/customMaterialWeighForm3/assets/img/Calendar_Icon.svg\" style=\"float: right; width: 22%; height: auto;\"/>\r\n\t\t\t\t\t\t\t</td>\r\n\t\t\t\t\t\t</tr>\r\n\t\t\t\t\t\t<tr>\r\n\t\t\t\t\t\t\t<td>\r\n\t\t\t\t\t\t\t\t<input style=\"width: 50%; border: none;\" type=\"text\" />\r\n\t\t\t\t\t\t\t\t<img src=\"widgets/customMaterialWeighForm3/assets/img/Calendar_Icon.svg\" style=\"float: right; width: 22%; height: auto;\"/>\r\n\t\t\t\t\t\t\t</td>\r\n\t\t\t\t\t\t</tr>\r\n\t\t\t\t\t</table>\r\n\t\t\t\t  </td>\r\n\t\t\t\t</tr>\r\n\t\t\t\t\r\n\t\t\t\t\r\n\t\t\t\t<tr>\r\n\t\t\t\t  <td>19</td>\r\n\t\t\t\t  <td style=\"text-align: left;\">Magnesium Stearate BP/EP</td>\r\n\t\t\t\t  <td>\r\n\t\t\t\t\t<center>\r\n\t\t\t\t\t\t4.800 \r\n\t\t\t\t\t</center>\r\n\t\t\t\t  </td>\r\n\t\t\t\t  <td>REND 0157</td>\r\n\t\t\t\t  <td style=\"padding: 0px; margin: 0px;\">\r\n\t\t\t\t\t<table style=\"padding: 0px; margin: 0px;\" class=\"table table-bordered\">\r\n\t\t\t\t\t\t<tr>\r\n\t\t\t\t\t\t\t<td>\r\n\t\t\t\t\t\t\t\t<input style=\"width: 50%; border: none;\" type=\"text\" /> \r\n\t\t\t\t\t\t\t\t<img src=\"widgets/customMaterialWeighForm3/assets/img/Keyboard_small.svg\" style=\"float: right; width: 22%; height: auto;\"/>\r\n\t\t\t\t\t\t\t</td>\r\n\t\t\t\t\t\t</tr>\r\n\t\t\t\t\t\t<tr>\r\n\t\t\t\t\t\t\t<td>\r\n\t\t\t\t\t\t\t\t<input style=\"width: 50%; border: none;\" type=\"text\" /> \r\n\t\t\t\t\t\t\t\t<img src=\"widgets/customMaterialWeighForm3/assets/img/Keyboard_small.svg\" style=\"float: right; width: 22%; height: auto;\"/>\r\n\t\t\t\t\t\t\t</td>\r\n\t\t\t\t\t\t</tr>\r\n\t\t\t\t\t\t<tr>\r\n\t\t\t\t\t\t\t<td>\r\n\t\t\t\t\t\t\t\t<input style=\"width: 50%; border: none;\" type=\"text\" /> \r\n\t\t\t\t\t\t\t\t<img src=\"widgets/customMaterialWeighForm3/assets/img/Keyboard_small.svg\" style=\"float: right; width: 22%; height: auto;\"/>\r\n\t\t\t\t\t\t\t</td>\r\n\t\t\t\t\t\t</tr>\r\n\t\t\t\t\t\t<tr>\r\n\t\t\t\t\t\t\t<td>\r\n\t\t\t\t\t\t\t\t<input style=\"width: 50%; border: none;\" type=\"text\" /> \r\n\t\t\t\t\t\t\t\t<img src=\"widgets/customMaterialWeighForm3/assets/img/Keyboard_small.svg\" style=\"float: right; width: 22%; height: auto;\"/>\r\n\t\t\t\t\t\t\t</td>\r\n\t\t\t\t\t\t</tr>\r\n\t\t\t\t\t\t<tr>\r\n\t\t\t\t\t\t\t<td>\r\n\t\t\t\t\t\t\t\t<input style=\"width: 50%; border: none;\" type=\"text\" /> \r\n\t\t\t\t\t\t\t\t<img src=\"widgets/customMaterialWeighForm3/assets/img/Keyboard_small.svg\" style=\"float: right; width: 22%; height: auto;\"/>\r\n\t\t\t\t\t\t\t</td>\r\n\t\t\t\t\t\t</tr>\r\n\t\t\t\t\t</table>\r\n\t\t\t\t  </td>\r\n\t\t\t\t  <td style=\"padding: 0px; margin: 0px;\">\r\n\t\t\t\t\t<table style=\"padding: 0px; margin: 0px;\" class=\"table table-bordered\">\r\n\t\t\t\t\t\t<tr>\r\n\t\t\t\t\t\t\t<td>\r\n\t\t\t\t\t\t\t\t<input style=\"width: 50%; border: none;\" type=\"text\" /> \r\n\t\t\t\t\t\t\t\t<img src=\"widgets/customMaterialWeighForm3/assets/img/Calendar_Icon.svg\" style=\"float: right; width: 25%; height: auto;\"/>\r\n\t\t\t\t\t\t\t</td>\r\n\t\t\t\t\t\t</tr>\r\n\t\t\t\t\t\t<tr>\r\n\t\t\t\t\t\t\t<td>\r\n\t\t\t\t\t\t\t\t<input style=\"width: 50%; border: none;\" type=\"text\" />\r\n\t\t\t\t\t\t\t\t<img src=\"widgets/customMaterialWeighForm3/assets/img/Calendar_Icon.svg\" style=\"float: right; width: 25%; height: auto;\"/>\r\n\t\t\t\t\t\t\t</td>\r\n\t\t\t\t\t\t</tr>\r\n\t\t\t\t\t\t<tr>\r\n\t\t\t\t\t\t\t<td>\r\n\t\t\t\t\t\t\t\t<input style=\"width: 50%; border: none;\" type=\"text\" />\r\n\t\t\t\t\t\t\t\t<img src=\"widgets/customMaterialWeighForm3/assets/img/Calendar_Icon.svg\" style=\"float: right; width: 25%; height: auto;\"/>\r\n\t\t\t\t\t\t\t</td>\r\n\t\t\t\t\t\t</tr>\r\n\t\t\t\t\t\t<tr>\r\n\t\t\t\t\t\t\t<td>\r\n\t\t\t\t\t\t\t\t<input style=\"width: 50%; border: none;\" type=\"text\" />\r\n\t\t\t\t\t\t\t\t<img src=\"widgets/customMaterialWeighForm3/assets/img/Calendar_Icon.svg\" style=\"float: right; width: 25%; height: auto;\"/>\r\n\t\t\t\t\t\t\t</td>\r\n\t\t\t\t\t\t</tr>\r\n\t\t\t\t\t\t<tr>\r\n\t\t\t\t\t\t\t<td>\r\n\t\t\t\t\t\t\t\t<input style=\"width: 50%; border: none;\" type=\"text\" />\r\n\t\t\t\t\t\t\t\t<img src=\"widgets/customMaterialWeighForm3/assets/img/Calendar_Icon.svg\" style=\"float: right; width: 25%; height: auto;\"/>\r\n\t\t\t\t\t\t\t</td>\r\n\t\t\t\t\t\t</tr>\r\n\t\t\t\t\t</table>\r\n\t\t\t\t  </td>\r\n\t\t\t\t  <td>kg</td>\r\n\t\t\t\t  <td style=\"padding: 0px; margin: 0px;\">\r\n\t\t\t\t\t<table style=\"padding: 0px; margin: 0px;\" class=\"table table-bordered\">\r\n\t\t\t\t\t\t<tr>\r\n\t\t\t\t\t\t\t<td>\r\n\t\t\t\t\t\t\t\t<input style=\"width: 40%; border: none;\" type=\"text\" />\r\n\t\t\t\t\t\t\t\t<img src=\"widgets/customMaterialWeighForm3/assets/img/Keyboard_small.svg\" style=\"float: right; width: 51%; height: auto;\"/>\r\n\t\t\t\t\t\t\t</td>\r\n\t\t\t\t\t\t</tr>\r\n\t\t\t\t\t\t<tr>\r\n\t\t\t\t\t\t\t<td>\r\n\t\t\t\t\t\t\t\t<input style=\"width: 40%; border: none;\" type=\"text\" />\r\n\t\t\t\t\t\t\t\t<img src=\"widgets/customMaterialWeighForm3/assets/img/Keyboard_small.svg\" style=\"float: right; width: 51%; height: auto;\"/>\r\n\t\t\t\t\t\t\t</td>\r\n\t\t\t\t\t\t</tr>\r\n\t\t\t\t\t\t<tr>\r\n\t\t\t\t\t\t\t<td>\r\n\t\t\t\t\t\t\t\t<input style=\"width: 40%; border: none;\" type=\"text\" />\r\n\t\t\t\t\t\t\t\t<img src=\"widgets/customMaterialWeighForm3/assets/img/Keyboard_small.svg\" style=\"float: right; width: 51%; height: auto;\"/>\r\n\t\t\t\t\t\t\t</td>\r\n\t\t\t\t\t\t</tr>\r\n\t\t\t\t\t\t<tr>\r\n\t\t\t\t\t\t\t<td>\r\n\t\t\t\t\t\t\t\t<input style=\"width: 40%; border: none;\" type=\"text\" />\r\n\t\t\t\t\t\t\t\t<img src=\"widgets/customMaterialWeighForm3/assets/img/Keyboard_small.svg\" style=\"float: right; width: 51%; height: auto;\"/>\r\n\t\t\t\t\t\t\t</td>\r\n\t\t\t\t\t\t</tr>\r\n\t\t\t\t\t\t<tr>\r\n\t\t\t\t\t\t\t<td>\r\n\t\t\t\t\t\t\t\t<input style=\"width: 40%; border: none;\" type=\"text\" />\r\n\t\t\t\t\t\t\t\t<img src=\"widgets/customMaterialWeighForm3/assets/img/Keyboard_small.svg\" style=\"float: right; width: 51%; height: auto;\"/>\r\n\t\t\t\t\t\t\t</td>\r\n\t\t\t\t\t\t</tr>\r\n\t\t\t\t\t</table>\r\n\t\t\t\t  </td>\r\n\t\t\t\t  <td style=\"padding: 0px; margin: 0px;\">\r\n\t\t\t\t\t<table style=\"padding: 0px; margin: 0px;\" class=\"table table-bordered\">\r\n\t\t\t\t\t\t<tr>\r\n\t\t\t\t\t\t\t<td>\r\n\t\t\t\t\t\t\t\t<input style=\"width: 40%; border: none;\" type=\"text\" />\r\n\t\t\t\t\t\t\t\t<img src=\"widgets/customMaterialWeighForm3/assets/img/Keyboard_small.svg\" style=\"float: right; width: 51%; height: auto;\"/>\r\n\t\t\t\t\t\t\t</td>\r\n\t\t\t\t\t\t</tr>\r\n\t\t\t\t\t\t<tr>\r\n\t\t\t\t\t\t\t<td>\r\n\t\t\t\t\t\t\t\t<input style=\"width: 40%; border: none;\" type=\"text\" />\r\n\t\t\t\t\t\t\t\t<img src=\"widgets/customMaterialWeighForm3/assets/img/Keyboard_small.svg\" style=\"float: right; width: 51%; height: auto;\"/>\r\n\t\t\t\t\t\t\t</td>\r\n\t\t\t\t\t\t</tr>\r\n\t\t\t\t\t\t<tr>\r\n\t\t\t\t\t\t\t<td>\r\n\t\t\t\t\t\t\t\t<input style=\"width: 40%; border: none;\" type=\"text\" />\r\n\t\t\t\t\t\t\t\t<img src=\"widgets/customMaterialWeighForm3/assets/img/Keyboard_small.svg\" style=\"float: right; width: 51%; height: auto;\"/>\r\n\t\t\t\t\t\t\t</td>\r\n\t\t\t\t\t\t</tr>\r\n\t\t\t\t\t\t<tr>\r\n\t\t\t\t\t\t\t<td>\r\n\t\t\t\t\t\t\t\t<input style=\"width: 40%; border: none;\" type=\"text\" />\r\n\t\t\t\t\t\t\t\t<img src=\"widgets/customMaterialWeighForm3/assets/img/Keyboard_small.svg\" style=\"float: right; width: 51%; height: auto;\"/>\r\n\t\t\t\t\t\t\t</td>\r\n\t\t\t\t\t\t</tr>\r\n\t\t\t\t\t\t<tr>\r\n\t\t\t\t\t\t\t<td>\r\n\t\t\t\t\t\t\t\t<input style=\"width: 40%; border: none;\" type=\"text\" />\r\n\t\t\t\t\t\t\t\t<img src=\"widgets/customMaterialWeighForm3/assets/img/Keyboard_small.svg\" style=\"float: right; width: 51%; height: auto;\"/>\r\n\t\t\t\t\t\t\t</td>\r\n\t\t\t\t\t\t</tr>\r\n\t\t\t\t\t</table>\r\n\t\t\t\t  </td>\r\n\t\t\t\t  <td style=\"padding: 0px; margin: 0px;\">\r\n\t\t\t\t\t<table style=\"padding: 0px; margin: 0px;\" class=\"table table-bordered\">\r\n\t\t\t\t\t\t<tr>\r\n\t\t\t\t\t\t\t<td>\r\n\t\t\t\t\t\t\t\t<input style=\"width: 40%; border: none;\" type=\"text\" />\r\n\t\t\t\t\t\t\t\t<img src=\"widgets/customMaterialWeighForm3/assets/img/Keyboard_small.svg\" style=\"float: right; width: 51%; height: auto;\"/>\r\n\t\t\t\t\t\t\t</td>\r\n\t\t\t\t\t\t</tr>\r\n\t\t\t\t\t\t<tr>\r\n\t\t\t\t\t\t\t<td>\r\n\t\t\t\t\t\t\t\t<input style=\"width: 40%; border: none;\" type=\"text\" />\r\n\t\t\t\t\t\t\t\t<img src=\"widgets/customMaterialWeighForm3/assets/img/Keyboard_small.svg\" style=\"float: right; width: 51%; height: auto;\"/>\r\n\t\t\t\t\t\t\t</td>\r\n\t\t\t\t\t\t</tr>\r\n\t\t\t\t\t\t<tr>\r\n\t\t\t\t\t\t\t<td>\r\n\t\t\t\t\t\t\t\t<input style=\"width: 40%; border: none;\" type=\"text\" />\r\n\t\t\t\t\t\t\t\t<img src=\"widgets/customMaterialWeighForm3/assets/img/Keyboard_small.svg\" style=\"float: right; width: 51%; height: auto;\"/>\r\n\t\t\t\t\t\t\t</td>\r\n\t\t\t\t\t\t</tr>\r\n\t\t\t\t\t\t<tr>\r\n\t\t\t\t\t\t\t<td>\r\n\t\t\t\t\t\t\t\t<input style=\"width: 40%; border: none;\" type=\"text\" />\r\n\t\t\t\t\t\t\t\t<img src=\"widgets/customMaterialWeighForm3/assets/img/Keyboard_small.svg\" style=\"float: right; width: 51%; height: auto;\"/>\r\n\t\t\t\t\t\t\t</td>\r\n\t\t\t\t\t\t</tr>\r\n\t\t\t\t\t\t<tr>\r\n\t\t\t\t\t\t\t<td>\r\n\t\t\t\t\t\t\t\t<input style=\"width: 40%; border: none;\" type=\"text\" />\r\n\t\t\t\t\t\t\t\t<img src=\"widgets/customMaterialWeighForm3/assets/img/Keyboard_small.svg\" style=\"float: right; width: 51%; height: auto;\"/>\r\n\t\t\t\t\t\t\t</td>\r\n\t\t\t\t\t\t</tr>\r\n\t\t\t\t\t</table>\r\n\t\t\t\t  </td>\r\n\t\t\t\t  <td style=\"padding: 0px; margin: 0px;\">\r\n\t\t\t\t\t<table style=\"padding: 0px; margin: 0px;\" class=\"table table-bordered\">\r\n\t\t\t\t\t\t<tr>\r\n\t\t\t\t\t\t\t<td>\r\n\t\t\t\t\t\t\t\t<input style=\"width: 40%; border: none;\" type=\"text\" />\r\n\t\t\t\t\t\t\t\t<img src=\"widgets/customMaterialWeighForm3/assets/img/Keyboard_small.svg\" style=\"float: right; width: 42%; height: auto;\"/>\r\n\t\t\t\t\t\t\t</td>\r\n\t\t\t\t\t\t</tr>\r\n\t\t\t\t\t\t<tr>\r\n\t\t\t\t\t\t\t<td>\r\n\t\t\t\t\t\t\t\t<input style=\"width: 40%; border: none;\" type=\"text\" />\r\n\t\t\t\t\t\t\t\t<img src=\"widgets/customMaterialWeighForm3/assets/img/Keyboard_small.svg\" style=\"float: right; width: 42%; height: auto;\"/>\r\n\t\t\t\t\t\t\t</td>\r\n\t\t\t\t\t\t</tr>\r\n\t\t\t\t\t\t<tr>\r\n\t\t\t\t\t\t\t<td>\r\n\t\t\t\t\t\t\t\t<input style=\"width: 40%; border: none;\" type=\"text\" />\r\n\t\t\t\t\t\t\t\t<img src=\"widgets/customMaterialWeighForm3/assets/img/Keyboard_small.svg\" style=\"float: right; width: 42%; height: auto;\"/>\r\n\t\t\t\t\t\t\t</td>\r\n\t\t\t\t\t\t</tr>\r\n\t\t\t\t\t\t<tr>\r\n\t\t\t\t\t\t\t<td>\r\n\t\t\t\t\t\t\t\t<input style=\"width: 40%; border: none;\" type=\"text\" />\r\n\t\t\t\t\t\t\t\t<img src=\"widgets/customMaterialWeighForm3/assets/img/Keyboard_small.svg\" style=\"float: right; width: 42%; height: auto;\"/>\r\n\t\t\t\t\t\t\t</td>\r\n\t\t\t\t\t\t</tr>\r\n\t\t\t\t\t\t<tr>\r\n\t\t\t\t\t\t\t<td>\r\n\t\t\t\t\t\t\t\t<input style=\"width: 40%; border: none;\" type=\"text\" />\r\n\t\t\t\t\t\t\t\t<img src=\"widgets/customMaterialWeighForm3/assets/img/Keyboard_small.svg\" style=\"float: right; width: 42%; height: auto;\"/>\r\n\t\t\t\t\t\t\t</td>\r\n\t\t\t\t\t\t</tr>\r\n\t\t\t\t\t</table>\r\n\t\t\t\t  </td>\r\n\t\t\t\t  <td style=\"padding: 0px; margin: 0px;\">\r\n\t\t\t\t\t<table style=\"padding: 0px; margin: 0px;\" class=\"table table-bordered\">\r\n\t\t\t\t\t\t<tr>\r\n\t\t\t\t\t\t\t<td>\r\n\t\t\t\t\t\t\t\t<input style=\"width: 50%; border: none;\" type=\"text\" /> \r\n\t\t\t\t\t\t\t\t<img src=\"widgets/customMaterialWeighForm3/assets/img/Calendar_Icon.svg\" style=\"float: right; width: 22%; height: auto;\"/>\r\n\t\t\t\t\t\t\t</td>\r\n\t\t\t\t\t\t</tr>\r\n\t\t\t\t\t\t<tr>\r\n\t\t\t\t\t\t\t<td>\r\n\t\t\t\t\t\t\t\t<input style=\"width: 50%; border: none;\" type=\"text\" />\r\n\t\t\t\t\t\t\t\t<img src=\"widgets/customMaterialWeighForm3/assets/img/Calendar_Icon.svg\" style=\"float: right; width: 22%; height: auto;\"/>\r\n\t\t\t\t\t\t\t</td>\r\n\t\t\t\t\t\t</tr>\r\n\t\t\t\t\t\t<tr>\r\n\t\t\t\t\t\t\t<td>\r\n\t\t\t\t\t\t\t\t<input style=\"width: 50%; border: none;\" type=\"text\" />\r\n\t\t\t\t\t\t\t\t<img src=\"widgets/customMaterialWeighForm3/assets/img/Calendar_Icon.svg\" style=\"float: right; width: 22%; height: auto;\"/>\r\n\t\t\t\t\t\t\t</td>\r\n\t\t\t\t\t\t</tr>\r\n\t\t\t\t\t\t<tr>\r\n\t\t\t\t\t\t\t<td>\r\n\t\t\t\t\t\t\t\t<input style=\"width: 50%; border: none;\" type=\"text\" />\r\n\t\t\t\t\t\t\t\t<img src=\"widgets/customMaterialWeighForm3/assets/img/Calendar_Icon.svg\" style=\"float: right; width: 22%; height: auto;\"/>\r\n\t\t\t\t\t\t\t</td>\r\n\t\t\t\t\t\t</tr>\r\n\t\t\t\t\t\t<tr>\r\n\t\t\t\t\t\t\t<td>\r\n\t\t\t\t\t\t\t\t<input style=\"width: 50%; border: none;\" type=\"text\" />\r\n\t\t\t\t\t\t\t\t<img src=\"widgets/customMaterialWeighForm3/assets/img/Calendar_Icon.svg\" style=\"float: right; width: 22%; height: auto;\"/>\r\n\t\t\t\t\t\t\t</td>\r\n\t\t\t\t\t\t</tr>\r\n\t\t\t\t\t</table>\r\n\t\t\t\t  </td>\r\n\t\t\t\t  <td style=\"padding: 0px; margin: 0px;\">\r\n\t\t\t\t\t<table style=\"padding: 0px; margin: 0px;\" class=\"table table-bordered\">\r\n\t\t\t\t\t\t<tr>\r\n\t\t\t\t\t\t\t<td>\r\n\t\t\t\t\t\t\t\t<input style=\"width: 50%; border: none;\" type=\"text\" /> \r\n\t\t\t\t\t\t\t\t<img src=\"widgets/customMaterialWeighForm3/assets/img/Calendar_Icon.svg\" style=\"float: right; width: 22%; height: auto;\"/>\r\n\t\t\t\t\t\t\t</td>\r\n\t\t\t\t\t\t</tr>\r\n\t\t\t\t\t\t<tr>\r\n\t\t\t\t\t\t\t<td>\r\n\t\t\t\t\t\t\t\t<input style=\"width: 50%; border: none;\" type=\"text\" />\r\n\t\t\t\t\t\t\t\t<img src=\"widgets/customMaterialWeighForm3/assets/img/Calendar_Icon.svg\" style=\"float: right; width: 22%; height: auto;\"/>\r\n\t\t\t\t\t\t\t</td>\r\n\t\t\t\t\t\t</tr>\r\n\t\t\t\t\t\t<tr>\r\n\t\t\t\t\t\t\t<td>\r\n\t\t\t\t\t\t\t\t<input style=\"width: 50%; border: none;\" type=\"text\" />\r\n\t\t\t\t\t\t\t\t<img src=\"widgets/customMaterialWeighForm3/assets/img/Calendar_Icon.svg\" style=\"float: right; width: 22%; height: auto;\"/>\r\n\t\t\t\t\t\t\t</td>\r\n\t\t\t\t\t\t</tr>\r\n\t\t\t\t\t\t<tr>\r\n\t\t\t\t\t\t\t<td>\r\n\t\t\t\t\t\t\t\t<input style=\"width: 50%; border: none;\" type=\"text\" />\r\n\t\t\t\t\t\t\t\t<img src=\"widgets/customMaterialWeighForm3/assets/img/Calendar_Icon.svg\" style=\"float: right; width: 22%; height: auto;\"/>\r\n\t\t\t\t\t\t\t</td>\r\n\t\t\t\t\t\t</tr>\r\n\t\t\t\t\t\t<tr>\r\n\t\t\t\t\t\t\t<td>\r\n\t\t\t\t\t\t\t\t<input style=\"width: 50%; border: none;\" type=\"text\" />\r\n\t\t\t\t\t\t\t\t<img src=\"widgets/customMaterialWeighForm3/assets/img/Calendar_Icon.svg\" style=\"float: right; width: 22%; height: auto;\"/>\r\n\t\t\t\t\t\t\t</td>\r\n\t\t\t\t\t\t</tr>\r\n\t\t\t\t\t</table>\r\n\t\t\t\t  </td>\r\n\t\t\t\t</tr>\r\n\t\t\t\t<tr>\r\n\t\t\t\t  <td>20</td>\r\n\t\t\t\t  <td style=\"text-align: left;\">Dried Maize Starch BP/EP (For Lubrication)</td>\r\n\t\t\t\t  <td>\r\n\t\t\t\t\t<center>\r\n\t\t\t\t\t9.33+*0.933\r\n\t\t\t\t\t</center>\r\n\t\t\t\t  </td>\r\n\t\t\t\t  <td>REND 0197</td>\r\n\t\t\t\t  <td style=\"padding: 0px; margin: 0px;\">\r\n\t\t\t\t\t<table style=\"padding: 0px; margin: 0px;\" class=\"table table-bordered\">\r\n\t\t\t\t\t\t<tr>\r\n\t\t\t\t\t\t\t<td>\r\n\t\t\t\t\t\t\t\t<input style=\"width: 50%; border: none;\" type=\"text\" /> \r\n\t\t\t\t\t\t\t\t<img src=\"widgets/customMaterialWeighForm3/assets/img/Keyboard_small.svg\" style=\"float: right; width: 22%; height: auto;\"/>\r\n\t\t\t\t\t\t\t</td>\r\n\t\t\t\t\t\t</tr>\r\n\t\t\t\t\t\t<tr>\r\n\t\t\t\t\t\t\t<td>\r\n\t\t\t\t\t\t\t\t<input style=\"width: 50%; border: none;\" type=\"text\" /> \r\n\t\t\t\t\t\t\t\t<img src=\"widgets/customMaterialWeighForm3/assets/img/Keyboard_small.svg\" style=\"float: right; width: 22%; height: auto;\"/>\r\n\t\t\t\t\t\t\t</td>\r\n\t\t\t\t\t\t</tr>\r\n\t\t\t\t\t\t<tr>\r\n\t\t\t\t\t\t\t<td>\r\n\t\t\t\t\t\t\t\t<input style=\"width: 50%; border: none;\" type=\"text\" /> \r\n\t\t\t\t\t\t\t\t<img src=\"widgets/customMaterialWeighForm3/assets/img/Keyboard_small.svg\" style=\"float: right; width: 22%; height: auto;\"/>\r\n\t\t\t\t\t\t\t</td>\r\n\t\t\t\t\t\t</tr>\r\n\t\t\t\t\t\t<tr>\r\n\t\t\t\t\t\t\t<td>\r\n\t\t\t\t\t\t\t\t<input style=\"width: 50%; border: none;\" type=\"text\" /> \r\n\t\t\t\t\t\t\t\t<img src=\"widgets/customMaterialWeighForm3/assets/img/Keyboard_small.svg\" style=\"float: right; width: 22%; height: auto;\"/>\r\n\t\t\t\t\t\t\t</td>\r\n\t\t\t\t\t\t</tr>\r\n\t\t\t\t\t\t<tr>\r\n\t\t\t\t\t\t\t<td>\r\n\t\t\t\t\t\t\t\t<input style=\"width: 50%; border: none;\" type=\"text\" /> \r\n\t\t\t\t\t\t\t\t<img src=\"widgets/customMaterialWeighForm3/assets/img/Keyboard_small.svg\" style=\"float: right; width: 22%; height: auto;\"/>\r\n\t\t\t\t\t\t\t</td>\r\n\t\t\t\t\t\t</tr>\r\n\t\t\t\t\t</table>\r\n\t\t\t\t  </td>\r\n\t\t\t\t  <td style=\"padding: 0px; margin: 0px;\">\r\n\t\t\t\t\t<table style=\"padding: 0px; margin: 0px;\" class=\"table table-bordered\">\r\n\t\t\t\t\t\t<tr>\r\n\t\t\t\t\t\t\t<td>\r\n\t\t\t\t\t\t\t\t<input style=\"width: 50%; border: none;\" type=\"text\" /> \r\n\t\t\t\t\t\t\t\t<img src=\"widgets/customMaterialWeighForm3/assets/img/Calendar_Icon.svg\" style=\"float: right; width: 25%; height: auto;\"/>\r\n\t\t\t\t\t\t\t</td>\r\n\t\t\t\t\t\t</tr>\r\n\t\t\t\t\t\t<tr>\r\n\t\t\t\t\t\t\t<td>\r\n\t\t\t\t\t\t\t\t<input style=\"width: 50%; border: none;\" type=\"text\" />\r\n\t\t\t\t\t\t\t\t<img src=\"widgets/customMaterialWeighForm3/assets/img/Calendar_Icon.svg\" style=\"float: right; width: 25%; height: auto;\"/>\r\n\t\t\t\t\t\t\t</td>\r\n\t\t\t\t\t\t</tr>\r\n\t\t\t\t\t\t<tr>\r\n\t\t\t\t\t\t\t<td>\r\n\t\t\t\t\t\t\t\t<input style=\"width: 50%; border: none;\" type=\"text\" />\r\n\t\t\t\t\t\t\t\t<img src=\"widgets/customMaterialWeighForm3/assets/img/Calendar_Icon.svg\" style=\"float: right; width: 25%; height: auto;\"/>\r\n\t\t\t\t\t\t\t</td>\r\n\t\t\t\t\t\t</tr>\r\n\t\t\t\t\t\t<tr>\r\n\t\t\t\t\t\t\t<td>\r\n\t\t\t\t\t\t\t\t<input style=\"width: 50%; border: none;\" type=\"text\" />\r\n\t\t\t\t\t\t\t\t<img src=\"widgets/customMaterialWeighForm3/assets/img/Calendar_Icon.svg\" style=\"float: right; width: 25%; height: auto;\"/>\r\n\t\t\t\t\t\t\t</td>\r\n\t\t\t\t\t\t</tr>\r\n\t\t\t\t\t\t<tr>\r\n\t\t\t\t\t\t\t<td>\r\n\t\t\t\t\t\t\t\t<input style=\"width: 50%; border: none;\" type=\"text\" />\r\n\t\t\t\t\t\t\t\t<img src=\"widgets/customMaterialWeighForm3/assets/img/Calendar_Icon.svg\" style=\"float: right; width: 25%; height: auto;\"/>\r\n\t\t\t\t\t\t\t</td>\r\n\t\t\t\t\t\t</tr>\r\n\t\t\t\t\t</table>\r\n\t\t\t\t  </td>\r\n\t\t\t\t  <td>kg</td>\r\n\t\t\t\t  <td style=\"padding: 0px; margin: 0px;\">\r\n\t\t\t\t\t<table style=\"padding: 0px; margin: 0px;\" class=\"table table-bordered\">\r\n\t\t\t\t\t\t<tr>\r\n\t\t\t\t\t\t\t<td>\r\n\t\t\t\t\t\t\t\t<input style=\"width: 40%; border: none;\" type=\"text\" />\r\n\t\t\t\t\t\t\t\t<img src=\"widgets/customMaterialWeighForm3/assets/img/Keyboard_small.svg\" style=\"float: right; width: 51%; height: auto;\"/>\r\n\t\t\t\t\t\t\t</td>\r\n\t\t\t\t\t\t</tr>\r\n\t\t\t\t\t\t<tr>\r\n\t\t\t\t\t\t\t<td>\r\n\t\t\t\t\t\t\t\t<input style=\"width: 40%; border: none;\" type=\"text\" />\r\n\t\t\t\t\t\t\t\t<img src=\"widgets/customMaterialWeighForm3/assets/img/Keyboard_small.svg\" style=\"float: right; width: 51%; height: auto;\"/>\r\n\t\t\t\t\t\t\t</td>\r\n\t\t\t\t\t\t</tr>\r\n\t\t\t\t\t\t<tr>\r\n\t\t\t\t\t\t\t<td>\r\n\t\t\t\t\t\t\t\t<input style=\"width: 40%; border: none;\" type=\"text\" />\r\n\t\t\t\t\t\t\t\t<img src=\"widgets/customMaterialWeighForm3/assets/img/Keyboard_small.svg\" style=\"float: right; width: 51%; height: auto;\"/>\r\n\t\t\t\t\t\t\t</td>\r\n\t\t\t\t\t\t</tr>\r\n\t\t\t\t\t\t<tr>\r\n\t\t\t\t\t\t\t<td>\r\n\t\t\t\t\t\t\t\t<input style=\"width: 40%; border: none;\" type=\"text\" />\r\n\t\t\t\t\t\t\t\t<img src=\"widgets/customMaterialWeighForm3/assets/img/Keyboard_small.svg\" style=\"float: right; width: 51%; height: auto;\"/>\r\n\t\t\t\t\t\t\t</td>\r\n\t\t\t\t\t\t</tr>\r\n\t\t\t\t\t\t<tr>\r\n\t\t\t\t\t\t\t<td>\r\n\t\t\t\t\t\t\t\t<input style=\"width: 40%; border: none;\" type=\"text\" />\r\n\t\t\t\t\t\t\t\t<img src=\"widgets/customMaterialWeighForm3/assets/img/Keyboard_small.svg\" style=\"float: right; width: 51%; height: auto;\"/>\r\n\t\t\t\t\t\t\t</td>\r\n\t\t\t\t\t\t</tr>\r\n\t\t\t\t\t</table>\r\n\t\t\t\t  </td>\r\n\t\t\t\t  <td style=\"padding: 0px; margin: 0px;\">\r\n\t\t\t\t\t<table style=\"padding: 0px; margin: 0px;\" class=\"table table-bordered\">\r\n\t\t\t\t\t\t<tr>\r\n\t\t\t\t\t\t\t<td>\r\n\t\t\t\t\t\t\t\t<input style=\"width: 40%; border: none;\" type=\"text\" />\r\n\t\t\t\t\t\t\t\t<img src=\"widgets/customMaterialWeighForm3/assets/img/Keyboard_small.svg\" style=\"float: right; width: 51%; height: auto;\"/>\r\n\t\t\t\t\t\t\t</td>\r\n\t\t\t\t\t\t</tr>\r\n\t\t\t\t\t\t<tr>\r\n\t\t\t\t\t\t\t<td>\r\n\t\t\t\t\t\t\t\t<input style=\"width: 40%; border: none;\" type=\"text\" />\r\n\t\t\t\t\t\t\t\t<img src=\"widgets/customMaterialWeighForm3/assets/img/Keyboard_small.svg\" style=\"float: right; width: 51%; height: auto;\"/>\r\n\t\t\t\t\t\t\t</td>\r\n\t\t\t\t\t\t</tr>\r\n\t\t\t\t\t\t<tr>\r\n\t\t\t\t\t\t\t<td>\r\n\t\t\t\t\t\t\t\t<input style=\"width: 40%; border: none;\" type=\"text\" />\r\n\t\t\t\t\t\t\t\t<img src=\"widgets/customMaterialWeighForm3/assets/img/Keyboard_small.svg\" style=\"float: right; width: 51%; height: auto;\"/>\r\n\t\t\t\t\t\t\t</td>\r\n\t\t\t\t\t\t</tr>\r\n\t\t\t\t\t\t<tr>\r\n\t\t\t\t\t\t\t<td>\r\n\t\t\t\t\t\t\t\t<input style=\"width: 40%; border: none;\" type=\"text\" />\r\n\t\t\t\t\t\t\t\t<img src=\"widgets/customMaterialWeighForm3/assets/img/Keyboard_small.svg\" style=\"float: right; width: 51%; height: auto;\"/>\r\n\t\t\t\t\t\t\t</td>\r\n\t\t\t\t\t\t</tr>\r\n\t\t\t\t\t\t<tr>\r\n\t\t\t\t\t\t\t<td>\r\n\t\t\t\t\t\t\t\t<input style=\"width: 40%; border: none;\" type=\"text\" />\r\n\t\t\t\t\t\t\t\t<img src=\"widgets/customMaterialWeighForm3/assets/img/Keyboard_small.svg\" style=\"float: right; width: 51%; height: auto;\"/>\r\n\t\t\t\t\t\t\t</td>\r\n\t\t\t\t\t\t</tr>\r\n\t\t\t\t\t</table>\r\n\t\t\t\t  </td>\r\n\t\t\t\t  <td style=\"padding: 0px; margin: 0px;\">\r\n\t\t\t\t\t<table style=\"padding: 0px; margin: 0px;\" class=\"table table-bordered\">\r\n\t\t\t\t\t\t<tr>\r\n\t\t\t\t\t\t\t<td>\r\n\t\t\t\t\t\t\t\t<input style=\"width: 40%; border: none;\" type=\"text\" />\r\n\t\t\t\t\t\t\t\t<img src=\"widgets/customMaterialWeighForm3/assets/img/Keyboard_small.svg\" style=\"float: right; width: 51%; height: auto;\"/>\r\n\t\t\t\t\t\t\t</td>\r\n\t\t\t\t\t\t</tr>\r\n\t\t\t\t\t\t<tr>\r\n\t\t\t\t\t\t\t<td>\r\n\t\t\t\t\t\t\t\t<input style=\"width: 40%; border: none;\" type=\"text\" />\r\n\t\t\t\t\t\t\t\t<img src=\"widgets/customMaterialWeighForm3/assets/img/Keyboard_small.svg\" style=\"float: right; width: 51%; height: auto;\"/>\r\n\t\t\t\t\t\t\t</td>\r\n\t\t\t\t\t\t</tr>\r\n\t\t\t\t\t\t<tr>\r\n\t\t\t\t\t\t\t<td>\r\n\t\t\t\t\t\t\t\t<input style=\"width: 40%; border: none;\" type=\"text\" />\r\n\t\t\t\t\t\t\t\t<img src=\"widgets/customMaterialWeighForm3/assets/img/Keyboard_small.svg\" style=\"float: right; width: 51%; height: auto;\"/>\r\n\t\t\t\t\t\t\t</td>\r\n\t\t\t\t\t\t</tr>\r\n\t\t\t\t\t\t<tr>\r\n\t\t\t\t\t\t\t<td>\r\n\t\t\t\t\t\t\t\t<input style=\"width: 40%; border: none;\" type=\"text\" />\r\n\t\t\t\t\t\t\t\t<img src=\"widgets/customMaterialWeighForm3/assets/img/Keyboard_small.svg\" style=\"float: right; width: 51%; height: auto;\"/>\r\n\t\t\t\t\t\t\t</td>\r\n\t\t\t\t\t\t</tr>\r\n\t\t\t\t\t\t<tr>\r\n\t\t\t\t\t\t\t<td>\r\n\t\t\t\t\t\t\t\t<input style=\"width: 40%; border: none;\" type=\"text\" />\r\n\t\t\t\t\t\t\t\t<img src=\"widgets/customMaterialWeighForm3/assets/img/Keyboard_small.svg\" style=\"float: right; width: 51%; height: auto;\"/>\r\n\t\t\t\t\t\t\t</td>\r\n\t\t\t\t\t\t</tr>\r\n\t\t\t\t\t</table>\r\n\t\t\t\t  </td>\r\n\t\t\t\t  <td style=\"padding: 0px; margin: 0px;\">\r\n\t\t\t\t\t<table style=\"padding: 0px; margin: 0px;\" class=\"table table-bordered\">\r\n\t\t\t\t\t\t<tr>\r\n\t\t\t\t\t\t\t<td>\r\n\t\t\t\t\t\t\t\t<input style=\"width: 40%; border: none;\" type=\"text\" />\r\n\t\t\t\t\t\t\t\t<img src=\"widgets/customMaterialWeighForm3/assets/img/Keyboard_small.svg\" style=\"float: right; width: 42%; height: auto;\"/>\r\n\t\t\t\t\t\t\t</td>\r\n\t\t\t\t\t\t</tr>\r\n\t\t\t\t\t\t<tr>\r\n\t\t\t\t\t\t\t<td>\r\n\t\t\t\t\t\t\t\t<input style=\"width: 40%; border: none;\" type=\"text\" />\r\n\t\t\t\t\t\t\t\t<img src=\"widgets/customMaterialWeighForm3/assets/img/Keyboard_small.svg\" style=\"float: right; width: 42%; height: auto;\"/>\r\n\t\t\t\t\t\t\t</td>\r\n\t\t\t\t\t\t</tr>\r\n\t\t\t\t\t\t<tr>\r\n\t\t\t\t\t\t\t<td>\r\n\t\t\t\t\t\t\t\t<input style=\"width: 40%; border: none;\" type=\"text\" />\r\n\t\t\t\t\t\t\t\t<img src=\"widgets/customMaterialWeighForm3/assets/img/Keyboard_small.svg\" style=\"float: right; width: 42%; height: auto;\"/>\r\n\t\t\t\t\t\t\t</td>\r\n\t\t\t\t\t\t</tr>\r\n\t\t\t\t\t\t<tr>\r\n\t\t\t\t\t\t\t<td>\r\n\t\t\t\t\t\t\t\t<input style=\"width: 40%; border: none;\" type=\"text\" />\r\n\t\t\t\t\t\t\t\t<img src=\"widgets/customMaterialWeighForm3/assets/img/Keyboard_small.svg\" style=\"float: right; width: 42%; height: auto;\"/>\r\n\t\t\t\t\t\t\t</td>\r\n\t\t\t\t\t\t</tr>\r\n\t\t\t\t\t\t<tr>\r\n\t\t\t\t\t\t\t<td>\r\n\t\t\t\t\t\t\t\t<input style=\"width: 40%; border: none;\" type=\"text\" />\r\n\t\t\t\t\t\t\t\t<img src=\"widgets/customMaterialWeighForm3/assets/img/Keyboard_small.svg\" style=\"float: right; width: 42%; height: auto;\"/>\r\n\t\t\t\t\t\t\t</td>\r\n\t\t\t\t\t\t</tr>\r\n\t\t\t\t\t</table>\r\n\t\t\t\t  </td>\r\n\t\t\t\t  <td style=\"padding: 0px; margin: 0px;\">\r\n\t\t\t\t\t<table style=\"padding: 0px; margin: 0px;\" class=\"table table-bordered\">\r\n\t\t\t\t\t\t<tr>\r\n\t\t\t\t\t\t\t<td>\r\n\t\t\t\t\t\t\t\t<input style=\"width: 50%; border: none;\" type=\"text\" /> \r\n\t\t\t\t\t\t\t\t<img src=\"widgets/customMaterialWeighForm3/assets/img/Calendar_Icon.svg\" style=\"float: right; width: 22%; height: auto;\"/>\r\n\t\t\t\t\t\t\t</td>\r\n\t\t\t\t\t\t</tr>\r\n\t\t\t\t\t\t<tr>\r\n\t\t\t\t\t\t\t<td>\r\n\t\t\t\t\t\t\t\t<input style=\"width: 50%; border: none;\" type=\"text\" />\r\n\t\t\t\t\t\t\t\t<img src=\"widgets/customMaterialWeighForm3/assets/img/Calendar_Icon.svg\" style=\"float: right; width: 22%; height: auto;\"/>\r\n\t\t\t\t\t\t\t</td>\r\n\t\t\t\t\t\t</tr>\r\n\t\t\t\t\t\t<tr>\r\n\t\t\t\t\t\t\t<td>\r\n\t\t\t\t\t\t\t\t<input style=\"width: 50%; border: none;\" type=\"text\" />\r\n\t\t\t\t\t\t\t\t<img src=\"widgets/customMaterialWeighForm3/assets/img/Calendar_Icon.svg\" style=\"float: right; width: 22%; height: auto;\"/>\r\n\t\t\t\t\t\t\t</td>\r\n\t\t\t\t\t\t</tr>\r\n\t\t\t\t\t\t<tr>\r\n\t\t\t\t\t\t\t<td>\r\n\t\t\t\t\t\t\t\t<input style=\"width: 50%; border: none;\" type=\"text\" />\r\n\t\t\t\t\t\t\t\t<img src=\"widgets/customMaterialWeighForm3/assets/img/Calendar_Icon.svg\" style=\"float: right; width: 22%; height: auto;\"/>\r\n\t\t\t\t\t\t\t</td>\r\n\t\t\t\t\t\t</tr>\r\n\t\t\t\t\t\t<tr>\r\n\t\t\t\t\t\t\t<td>\r\n\t\t\t\t\t\t\t\t<input style=\"width: 50%; border: none;\" type=\"text\" />\r\n\t\t\t\t\t\t\t\t<img src=\"widgets/customMaterialWeighForm3/assets/img/Calendar_Icon.svg\" style=\"float: right; width: 22%; height: auto;\"/>\r\n\t\t\t\t\t\t\t</td>\r\n\t\t\t\t\t\t</tr>\r\n\t\t\t\t\t</table>\r\n\t\t\t\t  </td>\r\n\t\t\t\t  <td style=\"padding: 0px; margin: 0px;\">\r\n\t\t\t\t\t<table style=\"padding: 0px; margin: 0px;\" class=\"table table-bordered\">\r\n\t\t\t\t\t\t<tr>\r\n\t\t\t\t\t\t\t<td>\r\n\t\t\t\t\t\t\t\t<input style=\"width: 50%; border: none;\" type=\"text\" /> \r\n\t\t\t\t\t\t\t\t<img src=\"widgets/customMaterialWeighForm3/assets/img/Calendar_Icon.svg\" style=\"float: right; width: 22%; height: auto;\"/>\r\n\t\t\t\t\t\t\t</td>\r\n\t\t\t\t\t\t</tr>\r\n\t\t\t\t\t\t<tr>\r\n\t\t\t\t\t\t\t<td>\r\n\t\t\t\t\t\t\t\t<input style=\"width: 50%; border: none;\" type=\"text\" />\r\n\t\t\t\t\t\t\t\t<img src=\"widgets/customMaterialWeighForm3/assets/img/Calendar_Icon.svg\" style=\"float: right; width: 22%; height: auto;\"/>\r\n\t\t\t\t\t\t\t</td>\r\n\t\t\t\t\t\t</tr>\r\n\t\t\t\t\t\t<tr>\r\n\t\t\t\t\t\t\t<td>\r\n\t\t\t\t\t\t\t\t<input style=\"width: 50%; border: none;\" type=\"text\" />\r\n\t\t\t\t\t\t\t\t<img src=\"widgets/customMaterialWeighForm3/assets/img/Calendar_Icon.svg\" style=\"float: right; width: 22%; height: auto;\"/>\r\n\t\t\t\t\t\t\t</td>\r\n\t\t\t\t\t\t</tr>\r\n\t\t\t\t\t\t<tr>\r\n\t\t\t\t\t\t\t<td>\r\n\t\t\t\t\t\t\t\t<input style=\"width: 50%; border: none;\" type=\"text\" />\r\n\t\t\t\t\t\t\t\t<img src=\"widgets/customMaterialWeighForm3/assets/img/Calendar_Icon.svg\" style=\"float: right; width: 22%; height: auto;\"/>\r\n\t\t\t\t\t\t\t</td>\r\n\t\t\t\t\t\t</tr>\r\n\t\t\t\t\t\t<tr>\r\n\t\t\t\t\t\t\t<td>\r\n\t\t\t\t\t\t\t\t<input style=\"width: 50%; border: none;\" type=\"text\" />\r\n\t\t\t\t\t\t\t\t<img src=\"widgets/customMaterialWeighForm3/assets/img/Calendar_Icon.svg\" style=\"float: right; width: 22%; height: auto;\"/>\r\n\t\t\t\t\t\t\t</td>\r\n\t\t\t\t\t\t</tr>\r\n\t\t\t\t\t</table>\r\n\t\t\t\t  </td>\r\n\t\t\t\t</tr>\r\n\t\t\t\t\r\n\t\t\t\t\r\n\t\t\t\t\r\n\t\t\t\t\r\n\t\t\t\t\r\n\t\t\t\t\r\n\t\t\t\t\r\n\t\t\t\t\t\r\n\t\t\t  </tbody>\r\n\t\t\t</table> \r\n\t\t\t\r\n\t\t\t</div>\r\n\t\t\t<div class=\"row\" style=\"margin-top:0px;\"> \r\n\t\t\t<table class=\"table table-bordered\">\r\n\t\t\t\t<thead class=\"b_table_font\">\r\n\t\t\t\t<tr>\r\n\t\t\t\t\t<td style=\"text-align: left; padding-top: 15px; padding-bottom: 15px;\" scope=\"col\">\r\n\t\t\t\t\t\t<span class=\"b_font\">Number of dispensed packs: </span>\r\n\t\t\t\t\t\t<input style=\"width: 10%; border: none;\" type=\"text\" placeholder=\" .......................................\" /><img src=\"widgets/customMaterialWeighForm3/assets/img/Keyboard_small.svg\"> Contained in <input style=\"width: 10%; border: none;\" type=\"text\" placeholder=\" .......................................\" /><img src=\"widgets/customMaterialWeighForm3/assets/img/Keyboard_small.svg\"> crates.\r\n\t\t\t\t\t\t<br><br>\r\n\t\t\t\t\t\t<span class=\"b_font\">Material Issued by (Store) Sign: </span>\r\n\t\t\t\t\t\t<input style=\"width: 10%; border: none;\" type=\"text\" placeholder=\" .......................................\" />\r\n\t\t\t\t\t\t<img src=\"widgets/customMaterialWeighForm3/assets/img/Signature_Icon.svg\"> Date: \r\n\t\t\t\t\t\t<input style=\"width: 10%; border: none;\" type=\"text\" placeholder=\" .......................................\" />\r\n\t\t\t\t\t\t<img src=\"widgets/customMaterialWeighForm3/assets/img/Calendar_Icon.svg\"> Material Recieved by (Production) Sign: \r\n\t\t\t\t\t\t<input style=\"width: 10%; border: none;\" type=\"text\" placeholder=\" .......................................\" />\r\n\t\t\t\t\t\t<img src=\"widgets/customMaterialWeighForm3/assets/img/Signature_Icon.svg\"> Date: \r\n\t\t\t\t\t\t<input style=\"width: 10%; border: none;\" type=\"text\" placeholder=\" .............................\" />\r\n\t\t\t\t\t\t<img src=\"widgets/customMaterialWeighForm3/assets/img/Calendar_Icon.svg\">\r\n\t\t\t\t\t</td>\r\n\t\t\t\t</tr>\r\n\t\t\t\t</thead>\r\n\t\t\t</table>\r\n\t\t\t</div>\t\r\n\t\t\t\r\n\t\t\t<div>\r\n\t\t\t\t<p><b>Note:</b><br>\r\n\t\t\t1. Enclose the entire dispensed label along with BMR<br>\r\n\t\t\t2. All the labels should be serially numbered and signed by production executive<br>\r\n\t\t\t3.*- The Quantities of API and Dried Maize Starch should be adjusted based upon the potency (assay) of the API Batch<br>\r\n\t\t\t4.*0.933- Extra Quantity of Dried Maize Starch dispensed to compensate the drying loss<br><br>\r\n\t\t\t<b>Refer to page no 5&amp;6<b></b></b></p>\r\n\t\t\t</div>\r\n\t\t\t\t\r\n\t  <div class=\"row\" style=\"margin-top: 100px;\"> \r\n\t\t\t<table class=\"table table-bordered\">\r\n\t\t\t  <thead class=\"b_table_font\">\r\n\t\t\t\t<tr>\r\n\t\t\t\t  <th style=\"text-align: left;\" class=\"col-md-1\" scope=\"col\">Signatory</th>\r\n\t\t\t\t  <th class=\"col-md-2\" scope=\"col\">Prepared By</th>\r\n\t\t\t\t  <th class=\"col-md-2\" scope=\"col\">Checked By</th>\t  \r\n\t\t\t\t  <th class=\"col-md-2\" scope=\"col\">Approved By</th>\r\n\t\t\t\t  <th style=\"border-bottom: hidden;\" class=\"col-md-2\" scope=\"col\"> </th>\r\n\t\t\t\t</tr>\r\n\t\t\t  </thead>\r\n\t\t\t  <tbody class=\"b_table_font\">\r\n\t\t\t\t<tr>\r\n\t\t\t\t  <td style=\"text-align: left;\" scope=\"row\">Signature</td>\r\n\t\t\t\t  <td><input style=\"border: none;\" type=\"text\" id=\"wr3PrpBy\" ng-model=\"properties.wr3PrpBy\" name=\"{{ctrl.wr3PrpBy}}\"><img data-toggle=\"modal\" data-target=\"#myModal_preparedby\" src=\"widgets/customMaterialWeighForm3/assets/img/Signature_Icon.svg\" style=\"float: right;\"></td>\r\n\t\t\t\t  <td><input style=\"border: none;\" type=\"text\" id=\"wr3CkBy\" ng-model=\"properties.wr3CkBy\" name=\"{{ctrl.wr3CkBy}}\"><img data-toggle=\"modal\" data-target=\"#myModal_checkedby\" src=\"widgets/customMaterialWeighForm3/assets/img/Signature_Icon.svg\" style=\"float: right;\"></td>\r\n\t\t\t\t  <td><input style=\"border: none;\" type=\"text\" id=\"wr3ApBy\" ng-model=\"properties.wr3ApBy\" name=\"{{ctrl.wr3ApBy}}\"><img data-toggle=\"modal\" data-target=\"#myModal_approvedby\" src=\"widgets/customMaterialWeighForm3/assets/img/Signature_Icon.svg\" style=\"float: right;\"></td>\r\n\t\t\t\t  <td style=\"border-bottom: hidden;\"></td>\r\n\t\t\t\t</tr>\r\n\t\t\t\t<tr>\r\n\t\t\t\t  <td style=\"text-align: left;\" scope=\"row\">Date</td>\r\n\t\t\t\t  <td><input style=\"border: none;\" type=\"text\" id=\"wr3PrpDt\" ng-model=\"properties.wr3PrpDt\" name=\"{{ctrl.wr3PrpDt}}\"><img name=\"calender_preparedby\" src=\"widgets/customMaterialWeighForm3/assets/img/Calendar_Icon.svg\" style=\"float: right;\"></td>\r\n\t\t\t\t  <td><input style=\"border: none;\" type=\"text\" id=\"wr3CkDt\" ng-model=\"properties.wr3CkDt\" name=\"{{ctrl.wr3CkDt}}\"><img name=\"calender_checkby\" src=\"widgets/customMaterialWeighForm3/assets/img/Calendar_Icon.svg\" style=\"float: right;\"></td>\r\n\t\t\t\t  <td><input style=\"border: none;\" type=\"text\" id=\"wr3ApDt\" ng-model=\"properties.wr3ApDt\" name=\"{{ctrl.wr3ApDt}}\"><img name=\"calender_approvedby\" src=\"widgets/customMaterialWeighForm3/assets/img/Calendar_Icon.svg\" style=\"float: right;\"></td>\r\n\t\t\t\t  <td></td>\r\n\t\t\t\t</tr>\r\n\t\t\t  </tbody>\r\n\t\t\t</table>   \r\n\t\t</div>\r\n\t  </div>\r\n\t  </div>\r\n  <!-- END CONTENT --> \r\n</div>\r\n</body>\r\n<!-- END BODY -->\r\n</html>",
  "controller" : "/**\n * The controller is a JavaScript function that augments the AngularJS scope and exposes functions that can be used in the custom widget template\n * \n * Custom widget properties defined on the right can be used as variables in a controller with $scope.properties\n * To use AngularJS standard services, you must declare them in the main function arguments.\n * \n * You can leave the controller empty if you do not need it.\n */\nfunction $scope() {\n$(function() {\n  $('img[name=\"calender_preparedby\"]').daterangepicker({\n    singleDatePicker: true,\n    showDropdowns: true,\n  });\n});\n\n$(function() {\n  $('img[name=\"calender_checkby\"]').daterangepicker({\n    singleDatePicker: true,\n    showDropdowns: true,\n  });\n});\n\n$(function() {\n  $('img[name=\"calender_approvedby\"]').daterangepicker({\n    singleDatePicker: true,\n    showDropdowns: true,\n  });\n});\n\n}",
  "custom" : true,
  "properties" : [ {
    "label" : "wr3PrpBy",
    "name" : "wr3PrpBy",
    "type" : "text",
    "bond" : "variable"
  }, {
    "label" : "wr3PrpDt",
    "name" : "wr3PrpDt",
    "type" : "text",
    "bond" : "variable"
  }, {
    "label" : "wr3CkBy",
    "name" : "wr3CkBy",
    "type" : "text",
    "bond" : "variable"
  }, {
    "label" : "wr3CkDt",
    "name" : "wr3CkDt",
    "type" : "text",
    "bond" : "variable"
  }, {
    "label" : "wr3ApBy",
    "name" : "wr3ApBy",
    "type" : "text",
    "bond" : "variable"
  }, {
    "label" : "wr3ApDt",
    "name" : "wr3ApDt",
    "type" : "text",
    "bond" : "variable"
  } ],
  "assets" : [ {
    "id" : "15f236e2-8bd2-4fb0-bae1-06e542dfea90",
    "name" : "font-awesome.min.css",
    "type" : "css",
    "order" : 11,
    "external" : false
  }, {
    "id" : "ff8b0062-1a26-40d5-a496-8fc9e7219b62",
    "name" : "jquery.min.js",
    "type" : "js",
    "order" : 6,
    "external" : false
  }, {
    "id" : "0f8e2be2-35ef-4522-a212-97a7dfc263d9",
    "name" : "components.css",
    "type" : "css",
    "order" : 9,
    "external" : false
  }, {
    "id" : "f6393c39-d4ea-4b42-8285-caae5acb0236",
    "name" : "Keyboard_small.svg",
    "type" : "img",
    "order" : 2,
    "external" : false
  }, {
    "id" : "047b289c-673e-4e69-a674-1a2e40d35c9f",
    "name" : "indexmain.css",
    "type" : "css",
    "order" : 12,
    "external" : false
  }, {
    "id" : "2606b9fc-b8b1-4e84-b9c0-93e53140152f",
    "name" : "bootstrap.min.css",
    "type" : "css",
    "order" : 8,
    "external" : false
  }, {
    "id" : "bf99ff23-4122-4bed-b0da-c6d3dc813aec",
    "name" : "daterangepicker.min.js",
    "type" : "js",
    "order" : 5,
    "external" : false
  }, {
    "id" : "bd55e713-8573-4bb2-a74f-3e4f0c032dfd",
    "name" : "daterangepicker.css",
    "type" : "css",
    "order" : 10,
    "external" : false
  }, {
    "id" : "236d55d3-7752-4599-8561-bd4d8c83cb6a",
    "name" : "style.css",
    "type" : "css",
    "order" : 13,
    "external" : false
  }, {
    "id" : "4762798a-b1dd-445c-8cc1-b298f1e2eec3",
    "name" : "Signature_Icon.svg",
    "type" : "img",
    "order" : 3,
    "external" : false
  }, {
    "id" : "48f6d5cf-696e-45cc-a0c3-1ef1b046db57",
    "name" : "moment.min.js",
    "type" : "js",
    "order" : 7,
    "external" : false
  }, {
    "id" : "0bed0f42-a0c8-4bed-ab1f-3f34547be379",
    "name" : "Calendar_Icon.svg",
    "type" : "img",
    "order" : 1,
    "external" : false
  }, {
    "id" : "9d6a1d39-83c4-451e-bff7-2de29c3074df",
    "name" : "bootstrap.min.js",
    "type" : "js",
    "order" : 4,
    "external" : false
  } ],
  "requiredModules" : [ ],
  "type" : "widget",
  "hasHelp" : false
}