{
  "designerVersion" : "1.7.69",
  "id" : "IndentOfExcipientForm",
  "name" : "IndentOfExcipientForm",
  "lastUpdate" : 1539683268107,
  "rows" : [ [ {
    "type" : "container",
    "dimension" : {
      "xs" : 12
    },
    "propertyValues" : {
      "cssClasses" : {
        "type" : "constant",
        "value" : ""
      },
      "hidden" : {
        "type" : "constant",
        "value" : false
      },
      "repeatedCollection" : {
        "type" : "variable",
        "value" : ""
      }
    },
    "reference" : "0ee643c7-c24d-4a3f-903a-9c1bb0210fb6",
    "id" : "pbContainer",
    "rows" : [ [ {
      "type" : "component",
      "dimension" : {
        "xs" : 12
      },
      "propertyValues" : {
        "cssClasses" : {
          "type" : "constant",
          "value" : ""
        },
        "hidden" : {
          "type" : "constant",
          "value" : false
        },
        "indentExpPrpBy" : {
          "type" : "variable",
          "value" : "indentExpPrepBy.value"
        },
        "indentExpPrpDt" : {
          "type" : "variable",
          "value" : "indentExpPrepDt.value"
        },
        "indentExpRvBy" : {
          "type" : "variable",
          "value" : "indentExpRevBy.value"
        },
        "indentExpRvDt" : {
          "type" : "variable",
          "value" : "indentExpRevDt.value"
        },
        "indentExpApBy" : {
          "type" : "variable",
          "value" : "indentExpAppBy.value"
        },
        "indentExpApDt" : {
          "type" : "variable",
          "value" : "indentExpAppDt.value"
        }
      },
      "reference" : "23e760fb-ca15-462e-9516-0bb98e06f50c",
      "id" : "customIndentExcipientForm"
    } ], [ {
      "type" : "component",
      "dimension" : {
        "xs" : 12
      },
      "propertyValues" : {
        "cssClasses" : {
          "type" : "constant",
          "value" : ""
        },
        "hidden" : {
          "type" : "constant",
          "value" : false
        },
        "disabled" : {
          "type" : "constant",
          "value" : false
        },
        "label" : {
          "type" : "interpolation",
          "value" : "Next"
        },
        "alignment" : {
          "type" : "constant",
          "value" : "center"
        },
        "buttonStyle" : {
          "type" : "constant",
          "value" : "success"
        },
        "action" : {
          "type" : "constant",
          "value" : "Submit task"
        },
        "url" : {
          "type" : "interpolation"
        },
        "dataToSend" : {
          "type" : "expression",
          "value" : "formOutput"
        },
        "dataFromSuccess" : {
          "type" : "variable",
          "value" : ""
        },
        "dataFromError" : {
          "type" : "variable",
          "value" : ""
        },
        "targetUrlOnSuccess" : {
          "type" : "interpolation"
        },
        "collectionToModify" : {
          "type" : "variable"
        },
        "collectionPosition" : {
          "type" : "constant",
          "value" : "Last"
        },
        "valueToAdd" : {
          "type" : "constant"
        },
        "removeItem" : {
          "type" : "variable"
        }
      },
      "reference" : "0da040a0-fbf4-4b57-aadd-ac1b3629b1e4",
      "id" : "pbButton"
    } ] ]
  } ] ],
  "assets" : [ {
    "id" : "89c63fb1-6b35-4d5b-beed-a1406a50c5db",
    "name" : "style.css",
    "type" : "css",
    "order" : 0,
    "external" : false
  } ],
  "inactiveAssets" : [ ],
  "data" : {
    "caseId" : {
      "type" : "expression",
      "value" : "return $data.taskJSON.parentCaseId;",
      "exposed" : false
    },
    "context" : {
      "type" : "url",
      "value" : "../API/bpm/userTask/{{taskId}}/context",
      "exposed" : false
    },
    "formOutput" : {
      "type" : "expression",
      "value" : "return {'username':$data.userAPI.user_name};",
      "exposed" : false
    },
    "task" : {
      "type" : "url",
      "value" : "../API/bpm/userTask/{{taskId}}",
      "exposed" : false
    },
    "taskId" : {
      "type" : "urlparameter",
      "value" : "id",
      "exposed" : false
    },
    "taskJSON" : {
      "type" : "url",
      "value" : "../API/bpm/task/{{taskId}}",
      "exposed" : false
    },
    "userAPI" : {
      "type" : "url",
      "value" : "../API/system/session/unusedid",
      "exposed" : false
    },
    "indentExpPrepBy" : {
      "type" : "url",
      "value" : "../API/bpm/caseVariable/{{caseId}}/indentExpPrepBy",
      "exposed" : false
    },
    "indentExpPrepDt" : {
      "type" : "url",
      "value" : "../API/bpm/caseVariable/{{caseId}}/indentExpPrepDt",
      "exposed" : false
    },
    "indentExpRevBy" : {
      "type" : "url",
      "value" : "../API/bpm/caseVariable/{{caseId}}/indentExpRevBy",
      "exposed" : false
    },
    "indentExpRevDt" : {
      "type" : "url",
      "value" : "../API/bpm/caseVariable/{{caseId}}/indentExpRevDt",
      "exposed" : false
    },
    "indentExpAppBy" : {
      "type" : "url",
      "value" : "../API/bpm/caseVariable/{{caseId}}/indentExpAppBy",
      "exposed" : false
    },
    "indentExpAppDt" : {
      "type" : "url",
      "value" : "../API/bpm/caseVariable/{{caseId}}/indentExpAppDt",
      "exposed" : false
    }
  },
  "uuid" : "bca410a3-56e5-4ec7-a788-244c55ca84cf",
  "type" : "form"
}